V1	I(D1)
-1.000000000000000e+01	9.331288e-03
-9.900000000000000e+00	9.231678e-03
-9.800000000000001e+00	9.132077e-03
-9.699999999999999e+00	9.032479e-03
-9.600000000000000e+00	8.932884e-03
-9.500000000000000e+00	8.833294e-03
-9.400000000000000e+00	8.733708e-03
-9.300000000000001e+00	8.634128e-03
-9.199999999999999e+00	8.534552e-03
-9.100000000000000e+00	8.434980e-03
-9.000000000000000e+00	8.335414e-03
-8.900000000000000e+00	8.235853e-03
-8.800000000000001e+00	8.136298e-03
-8.699999999999999e+00	8.036748e-03
-8.600000000000000e+00	7.937203e-03
-8.500000000000000e+00	7.837663e-03
-8.400000000000000e+00	7.738131e-03
-8.300000000000001e+00	7.638603e-03
-8.199999999999999e+00	7.539082e-03
-8.100000000000000e+00	7.439567e-03
-8.000000000000000e+00	7.340059e-03
-7.900000000000000e+00	7.240557e-03
-7.800000000000000e+00	7.141062e-03
-7.699999999999999e+00	7.041574e-03
-7.600000000000000e+00	6.942093e-03
-7.500000000000000e+00	6.842620e-03
-7.400000000000000e+00	6.743154e-03
-7.300000000000000e+00	6.643696e-03
-7.199999999999999e+00	6.544246e-03
-7.100000000000000e+00	6.444805e-03
-7.000000000000000e+00	6.345372e-03
-6.900000000000000e+00	6.245947e-03
-6.800000000000000e+00	6.146532e-03
-6.699999999999999e+00	6.047127e-03
-6.600000000000000e+00	5.947731e-03
-6.500000000000000e+00	5.848345e-03
-6.400000000000000e+00	5.748970e-03
-6.300000000000000e+00	5.649605e-03
-6.199999999999999e+00	5.550252e-03
-6.100000000000000e+00	5.450909e-03
-6.000000000000000e+00	5.351579e-03
-5.899999999999999e+00	5.252262e-03
-5.800000000000000e+00	5.152957e-03
-5.700000000000000e+00	5.053665e-03
-5.600000000000000e+00	4.954388e-03
-5.500000000000000e+00	4.855125e-03
-5.399999999999999e+00	4.755876e-03
-5.300000000000000e+00	4.656644e-03
-5.199999999999999e+00	4.557428e-03
-5.100000000000000e+00	4.458229e-03
-5.000000000000000e+00	4.359047e-03
-4.899999999999999e+00	4.259885e-03
-4.800000000000000e+00	4.160741e-03
-4.699999999999999e+00	4.061618e-03
-4.600000000000000e+00	3.962517e-03
-4.500000000000000e+00	3.863438e-03
-4.399999999999999e+00	3.764382e-03
-4.300000000000000e+00	3.665352e-03
-4.199999999999999e+00	3.566347e-03
-4.100000000000000e+00	3.467370e-03
-4.000000000000000e+00	3.368423e-03
-3.899999999999999e+00	3.269506e-03
-3.800000000000000e+00	3.170622e-03
-3.699999999999999e+00	3.071773e-03
-3.600000000000000e+00	2.972961e-03
-3.500000000000000e+00	2.874188e-03
-3.399999999999999e+00	2.775458e-03
-3.300000000000000e+00	2.676773e-03
-3.199999999999999e+00	2.578136e-03
-3.100000000000000e+00	2.479552e-03
-3.000000000000000e+00	2.381024e-03
-2.899999999999999e+00	2.282557e-03
-2.800000000000000e+00	2.184157e-03
-2.699999999999999e+00	2.085829e-03
-2.600000000000000e+00	1.987580e-03
-2.500000000000000e+00	1.889418e-03
-2.399999999999999e+00	1.791352e-03
-2.300000000000000e+00	1.693392e-03
-2.199999999999999e+00	1.595551e-03
-2.100000000000000e+00	1.497843e-03
-2.000000000000000e+00	1.400286e-03
-1.900000000000000e+00	1.302900e-03
-1.799999999999999e+00	1.205711e-03
-1.699999999999999e+00	1.108750e-03
-1.600000000000000e+00	1.012058e-03
-1.500000000000000e+00	9.156850e-04
-1.400000000000000e+00	8.196981e-04
-1.299999999999999e+00	7.241868e-04
-1.199999999999999e+00	6.292757e-04
-1.100000000000000e+00	5.351434e-04
-1.000000000000000e+00	4.420597e-04
-9.000000000000004e-01	3.504562e-04
-7.999999999999989e-01	2.610802e-04
-6.999999999999993e-01	1.753665e-04
-5.999999999999996e-01	9.700534e-05
-5.000000000000000e-01	3.445227e-05
-3.999999999999986e-01	4.926429e-06
-2.999999999999989e-01	3.531284e-07
-1.999999999999993e-01	2.243526e-08
-9.999999999999964e-02	1.334253e-09
0.000000000000000e+00	0.000000e+00
1.000000000000014e-01	-8.441282e-11
2.000000000000011e-01	-8.984062e-11
3.000000000000007e-01	-9.027729e-11
4.000000000000004e-01	-9.039856e-11
5.000000000000000e-01	-9.049991e-11
6.000000000000014e-01	-9.059999e-11
7.000000000000011e-01	-9.070000e-11
8.000000000000007e-01	-9.080000e-11
9.000000000000004e-01	-9.090000e-11
1.000000000000000e+00	-9.100000e-11
1.100000000000001e+00	-9.110000e-11
1.200000000000001e+00	-9.120000e-11
1.300000000000001e+00	-9.130000e-11
1.400000000000000e+00	-9.140000e-11
1.500000000000000e+00	-9.150000e-11
1.600000000000001e+00	-9.160000e-11
1.700000000000001e+00	-9.170000e-11
1.800000000000001e+00	-9.180000e-11
1.900000000000000e+00	-9.190000e-11
2.000000000000000e+00	-9.200000e-11
2.100000000000001e+00	-9.210000e-11
2.200000000000001e+00	-9.220000e-11
2.300000000000001e+00	-9.230000e-11
2.400000000000000e+00	-9.240000e-11
2.500000000000000e+00	-9.250000e-11
2.600000000000001e+00	-9.260000e-11
2.700000000000001e+00	-9.270000e-11
2.800000000000001e+00	-9.280000e-11
2.900000000000000e+00	-9.290000e-11
3.000000000000000e+00	-9.300000e-11
3.100000000000001e+00	-9.310000e-11
3.200000000000001e+00	-9.320000e-11
3.300000000000001e+00	-9.330000e-11
3.400000000000000e+00	-9.340000e-11
3.500000000000000e+00	-9.350000e-11
3.600000000000001e+00	-9.360000e-11
3.700000000000001e+00	-9.370000e-11
3.800000000000001e+00	-9.380000e-11
3.900000000000000e+00	-9.390000e-11
4.000000000000000e+00	-9.400000e-11
4.100000000000001e+00	-9.410000e-11
4.200000000000001e+00	-9.420000e-11
4.300000000000001e+00	-9.430000e-11
4.400000000000000e+00	-9.440000e-11
4.500000000000000e+00	-9.450000e-11
4.600000000000001e+00	-9.460000e-11
4.700000000000001e+00	-9.470000e-11
4.800000000000001e+00	-9.480000e-11
4.900000000000000e+00	-9.490000e-11
5.000000000000000e+00	-9.500000e-11
5.100000000000001e+00	-9.510000e-11
5.200000000000001e+00	-9.520000e-11
5.300000000000001e+00	-9.530000e-11
5.400000000000000e+00	-9.540000e-11
5.500000000000000e+00	-9.550000e-11
5.600000000000001e+00	-9.560000e-11
5.700000000000001e+00	-9.570000e-11
5.800000000000001e+00	-9.580000e-11
5.900000000000000e+00	-9.590000e-11
6.000000000000000e+00	-9.600000e-11
6.100000000000001e+00	-9.610000e-11
6.199999999999999e+00	-9.620000e-11
6.300000000000001e+00	-9.630000e-11
6.400000000000002e+00	-9.640000e-11
6.500000000000000e+00	-9.650000e-11
6.600000000000001e+00	-9.660000e-11
6.699999999999999e+00	-9.670000e-11
6.800000000000001e+00	-9.680000e-11
6.900000000000002e+00	-9.690000e-11
7.000000000000000e+00	-9.700000e-11
7.100000000000001e+00	-9.710000e-11
7.199999999999999e+00	-9.720000e-11
7.300000000000001e+00	-9.730000e-11
7.400000000000002e+00	-9.740000e-11
7.500000000000000e+00	-9.750000e-11
7.600000000000001e+00	-9.760000e-11
7.699999999999999e+00	-9.770000e-11
7.800000000000001e+00	-9.780000e-11
7.900000000000002e+00	-9.790000e-11
8.000000000000000e+00	-9.800000e-11
8.100000000000001e+00	-9.810000e-11
8.199999999999999e+00	-9.820000e-11
8.300000000000001e+00	-9.830000e-11
8.400000000000002e+00	-9.840000e-11
8.500000000000000e+00	-9.850000e-11
8.600000000000001e+00	-9.860000e-11
8.699999999999999e+00	-9.870000e-11
8.800000000000001e+00	-9.880000e-11
8.900000000000002e+00	-9.890000e-11
9.000000000000000e+00	-9.900000e-11
9.100000000000001e+00	-9.910000e-11
9.200000000000003e+00	-9.920000e-11
9.300000000000001e+00	-9.930000e-11
9.400000000000002e+00	-9.940000e-11
9.500000000000000e+00	-9.950000e-11
9.600000000000001e+00	-9.960000e-11
9.700000000000003e+00	-9.970000e-11
9.800000000000001e+00	-9.980000e-11
9.900000000000002e+00	-9.990000e-11
1.000000000000000e+01	-1.000000e-10
1.010000000000000e+01	-1.001000e-10
1.020000000000000e+01	-1.002000e-10
1.030000000000000e+01	-1.003000e-10
1.040000000000000e+01	-1.004000e-10
1.050000000000000e+01	-1.005000e-10
1.060000000000000e+01	-1.006000e-10
1.070000000000000e+01	-1.007000e-10
1.080000000000000e+01	-1.008000e-10
1.090000000000000e+01	-1.009000e-10
1.100000000000000e+01	-1.010000e-10
1.110000000000000e+01	-1.011000e-10
1.120000000000000e+01	-1.012000e-10
1.130000000000000e+01	-1.013000e-10
1.140000000000000e+01	-1.014000e-10
1.150000000000000e+01	-1.015000e-10
1.160000000000000e+01	-1.016000e-10
1.170000000000000e+01	-1.017000e-10
1.180000000000000e+01	-1.018000e-10
1.190000000000000e+01	-1.019000e-10
1.200000000000000e+01	-1.020000e-10
1.210000000000000e+01	-1.021000e-10
1.220000000000000e+01	-1.022000e-10
1.230000000000000e+01	-1.023000e-10
1.240000000000000e+01	-1.024000e-10
1.250000000000000e+01	-1.025000e-10
1.260000000000000e+01	-1.026000e-10
1.270000000000000e+01	-1.027000e-10
1.280000000000000e+01	-1.028000e-10
1.290000000000000e+01	-1.029000e-10
1.300000000000000e+01	-1.030000e-10
1.310000000000000e+01	-1.031000e-10
1.320000000000000e+01	-1.032000e-10
1.330000000000000e+01	-1.033000e-10
1.340000000000000e+01	-1.034000e-10
1.350000000000000e+01	-1.035000e-10
1.360000000000000e+01	-1.036000e-10
1.370000000000000e+01	-1.037000e-10
1.380000000000000e+01	-1.038000e-10
1.390000000000000e+01	-1.039000e-10
1.400000000000000e+01	-1.040000e-10
1.410000000000000e+01	-1.041000e-10
1.420000000000000e+01	-1.042000e-10
1.430000000000000e+01	-1.043000e-10
1.440000000000000e+01	-1.044000e-10
1.450000000000000e+01	-1.045000e-10
1.460000000000000e+01	-1.046000e-10
1.470000000000000e+01	-1.047000e-10
1.480000000000000e+01	-1.048000e-10
1.490000000000000e+01	-1.049000e-10
1.500000000000000e+01	-1.050000e-10
1.510000000000000e+01	-1.051000e-10
1.520000000000000e+01	-1.052000e-10
1.530000000000000e+01	-1.053000e-10
1.540000000000000e+01	-1.054000e-10
1.550000000000000e+01	-1.055000e-10
1.560000000000000e+01	-1.056000e-10
1.570000000000000e+01	-1.057000e-10
1.580000000000000e+01	-1.058000e-10
1.590000000000000e+01	-1.059000e-10
1.600000000000000e+01	-1.060000e-10
1.610000000000000e+01	-1.061000e-10
1.620000000000000e+01	-1.062000e-10
1.630000000000000e+01	-1.063000e-10
1.640000000000000e+01	-1.064000e-10
1.650000000000000e+01	-1.065000e-10
1.660000000000000e+01	-1.066000e-10
1.670000000000000e+01	-1.067000e-10
1.680000000000000e+01	-1.068000e-10
1.690000000000000e+01	-1.069000e-10
1.700000000000000e+01	-1.070000e-10
1.710000000000000e+01	-1.071000e-10
1.720000000000000e+01	-1.072000e-10
1.730000000000000e+01	-1.073000e-10
1.740000000000000e+01	-1.074000e-10
1.750000000000000e+01	-1.075000e-10
1.760000000000000e+01	-1.076000e-10
1.770000000000000e+01	-1.077000e-10
1.780000000000000e+01	-1.078000e-10
1.790000000000000e+01	-1.079000e-10
1.800000000000000e+01	-1.080000e-10
1.810000000000000e+01	-1.081000e-10
1.820000000000000e+01	-1.082000e-10
1.830000000000000e+01	-1.083000e-10
1.840000000000000e+01	-1.084000e-10
1.850000000000000e+01	-1.085000e-10
1.860000000000000e+01	-1.086000e-10
1.870000000000000e+01	-1.087000e-10
1.880000000000000e+01	-1.088000e-10
1.890000000000000e+01	-1.089000e-10
1.900000000000000e+01	-1.090000e-10
1.910000000000000e+01	-1.091000e-10
1.920000000000000e+01	-1.092000e-10
1.930000000000000e+01	-1.093000e-10
1.940000000000000e+01	-1.094000e-10
1.950000000000000e+01	-1.095000e-10
1.960000000000000e+01	-1.096000e-10
1.970000000000000e+01	-1.097000e-10
1.980000000000000e+01	-1.098000e-10
1.990000000000000e+01	-1.099000e-10
2.000000000000000e+01	-1.100000e-10
2.010000000000000e+01	-1.101000e-10
2.020000000000000e+01	-1.102000e-10
2.030000000000000e+01	-1.103000e-10
2.040000000000000e+01	-1.104000e-10
2.050000000000000e+01	-1.105000e-10
2.060000000000000e+01	-1.106000e-10
2.070000000000000e+01	-1.107000e-10
2.080000000000000e+01	-1.108000e-10
2.090000000000000e+01	-1.109000e-10
2.100000000000000e+01	-1.110000e-10
2.110000000000000e+01	-1.111000e-10
2.120000000000000e+01	-1.112000e-10
2.130000000000000e+01	-1.113000e-10
2.140000000000000e+01	-1.114000e-10
2.150000000000000e+01	-1.115000e-10
2.160000000000000e+01	-1.116000e-10
2.170000000000000e+01	-1.117000e-10
2.180000000000000e+01	-1.118000e-10
2.190000000000000e+01	-1.119000e-10
2.200000000000000e+01	-1.120000e-10
2.210000000000000e+01	-1.121000e-10
2.220000000000000e+01	-1.122000e-10
2.230000000000000e+01	-1.123000e-10
2.240000000000000e+01	-1.124000e-10
2.250000000000000e+01	-1.125000e-10
2.260000000000000e+01	-1.126000e-10
2.270000000000000e+01	-1.127000e-10
2.280000000000000e+01	-1.128000e-10
2.290000000000000e+01	-1.129000e-10
2.300000000000000e+01	-1.130000e-10
2.310000000000000e+01	-1.131000e-10
2.320000000000000e+01	-1.132000e-10
2.330000000000000e+01	-1.133000e-10
2.340000000000000e+01	-1.134000e-10
2.350000000000000e+01	-1.135000e-10
2.360000000000000e+01	-1.136000e-10
2.370000000000000e+01	-1.137000e-10
2.380000000000000e+01	-1.138000e-10
2.390000000000000e+01	-1.139000e-10
2.400000000000000e+01	-1.140000e-10
2.410000000000000e+01	-1.141000e-10
2.420000000000000e+01	-1.142000e-10
2.430000000000000e+01	-1.143000e-10
2.440000000000000e+01	-1.144000e-10
2.450000000000000e+01	-1.145000e-10
2.460000000000000e+01	-1.146000e-10
2.470000000000000e+01	-1.147000e-10
2.480000000000000e+01	-1.148000e-10
2.490000000000000e+01	-1.149000e-10
2.500000000000000e+01	-1.150000e-10
2.510000000000000e+01	-1.151000e-10
2.520000000000000e+01	-1.152000e-10
2.530000000000000e+01	-1.153000e-10
2.540000000000000e+01	-1.154000e-10
2.550000000000000e+01	-1.155000e-10
2.560000000000000e+01	-1.156000e-10
2.570000000000000e+01	-1.157000e-10
2.580000000000000e+01	-1.158000e-10
2.590000000000000e+01	-1.159000e-10
2.600000000000000e+01	-1.160000e-10
2.610000000000000e+01	-1.161000e-10
2.620000000000000e+01	-1.162000e-10
2.630000000000000e+01	-1.163000e-10
2.640000000000000e+01	-1.164000e-10
2.650000000000000e+01	-1.165000e-10
2.660000000000000e+01	-1.166000e-10
2.670000000000000e+01	-1.167000e-10
2.680000000000000e+01	-1.168000e-10
2.690000000000000e+01	-1.169000e-10
2.700000000000000e+01	-1.170000e-10
2.710000000000000e+01	-1.171000e-10
2.720000000000000e+01	-1.172000e-10
2.730000000000000e+01	-1.173000e-10
2.740000000000000e+01	-1.174000e-10
2.750000000000000e+01	-1.175000e-10
2.760000000000000e+01	-1.176000e-10
2.770000000000000e+01	-1.177000e-10
2.780000000000000e+01	-1.178000e-10
2.790000000000000e+01	-1.179000e-10
2.800000000000000e+01	-1.180000e-10
2.810000000000000e+01	-1.181000e-10
2.820000000000000e+01	-1.182000e-10
2.830000000000000e+01	-1.183000e-10
2.840000000000001e+01	-1.184000e-10
2.850000000000000e+01	-1.185000e-10
2.860000000000000e+01	-1.186000e-10
2.870000000000000e+01	-1.187000e-10
2.880000000000000e+01	-1.188000e-10
2.890000000000001e+01	-1.189000e-10
2.900000000000000e+01	-1.190000e-10
2.910000000000000e+01	-1.191000e-10
2.920000000000000e+01	-1.192000e-10
2.930000000000000e+01	-1.193000e-10
2.940000000000001e+01	-1.194000e-10
2.950000000000000e+01	-1.195000e-10
2.960000000000000e+01	-1.196000e-10
2.970000000000000e+01	-1.197000e-10
2.980000000000000e+01	-1.198000e-10
2.990000000000001e+01	-1.199000e-10
3.000000000000000e+01	-1.200000e-10
3.010000000000000e+01	-1.201000e-10
3.020000000000000e+01	-1.202000e-10
3.030000000000000e+01	-1.203000e-10
3.040000000000001e+01	-1.204000e-10
3.050000000000000e+01	-1.205000e-10
3.060000000000000e+01	-1.206000e-10
3.070000000000000e+01	-1.207000e-10
3.080000000000000e+01	-1.208000e-10
3.090000000000001e+01	-1.209000e-10
3.100000000000000e+01	-1.210000e-10
3.110000000000000e+01	-1.211000e-10
3.120000000000000e+01	-1.212000e-10
3.130000000000000e+01	-1.213000e-10
3.140000000000001e+01	-1.214000e-10
3.150000000000000e+01	-1.215000e-10
3.160000000000000e+01	-1.216000e-10
3.170000000000000e+01	-1.217000e-10
3.180000000000000e+01	-1.218000e-10
3.190000000000001e+01	-1.219000e-10
3.200000000000000e+01	-1.220000e-10
3.210000000000000e+01	-1.221000e-10
3.220000000000000e+01	-1.222000e-10
3.230000000000000e+01	-1.223000e-10
3.240000000000001e+01	-1.224000e-10
3.250000000000000e+01	-1.225000e-10
3.260000000000000e+01	-1.226000e-10
3.270000000000000e+01	-1.227000e-10
3.280000000000000e+01	-1.228000e-10
3.290000000000001e+01	-1.229000e-10
3.300000000000000e+01	-1.230000e-10
3.310000000000000e+01	-1.231000e-10
3.320000000000000e+01	-1.232000e-10
3.330000000000000e+01	-1.233000e-10
3.340000000000001e+01	-1.234000e-10
3.350000000000000e+01	-1.235000e-10
3.360000000000000e+01	-1.236000e-10
3.370000000000000e+01	-1.237000e-10
3.380000000000000e+01	-1.238000e-10
3.390000000000001e+01	-1.239000e-10
3.400000000000000e+01	-1.240000e-10
3.410000000000000e+01	-1.241000e-10
3.420000000000000e+01	-1.242000e-10
3.430000000000000e+01	-1.243000e-10
3.440000000000001e+01	-1.244000e-10
3.450000000000000e+01	-1.245000e-10
3.460000000000000e+01	-1.246000e-10
3.470000000000000e+01	-1.247000e-10
3.480000000000000e+01	-1.248000e-10
3.490000000000001e+01	-1.249000e-10
3.500000000000000e+01	-1.250000e-10
3.510000000000000e+01	-1.251000e-10
3.520000000000000e+01	-1.252000e-10
3.530000000000000e+01	-1.253000e-10
3.540000000000001e+01	-1.254000e-10
3.550000000000000e+01	-1.255000e-10
3.560000000000000e+01	-1.256000e-10
3.570000000000000e+01	-1.257000e-10
3.580000000000000e+01	-1.258000e-10
3.590000000000001e+01	-1.259000e-10
3.600000000000000e+01	-1.260000e-10
3.610000000000000e+01	-1.261000e-10
3.620000000000000e+01	-1.262000e-10
3.630000000000000e+01	-1.263000e-10
3.640000000000001e+01	-1.264000e-10
3.650000000000000e+01	-1.265000e-10
3.660000000000000e+01	-1.266000e-10
3.670000000000000e+01	-1.267000e-10
3.680000000000000e+01	-1.268000e-10
3.690000000000001e+01	-1.269000e-10
3.700000000000000e+01	-1.270000e-10
3.710000000000000e+01	-1.271000e-10
3.720000000000000e+01	-1.272000e-10
3.730000000000000e+01	-1.273000e-10
3.740000000000001e+01	-1.274000e-10
3.750000000000000e+01	-1.275000e-10
3.760000000000000e+01	-1.276000e-10
3.770000000000000e+01	-1.277000e-10
3.780000000000000e+01	-1.278000e-10
3.790000000000001e+01	-1.279000e-10
3.800000000000000e+01	-1.280000e-10
3.810000000000000e+01	-1.281000e-10
3.820000000000000e+01	-1.282000e-10
3.830000000000000e+01	-1.283000e-10
3.840000000000001e+01	-1.284000e-10
3.850000000000000e+01	-1.285000e-10
3.860000000000000e+01	-1.286000e-10
3.870000000000000e+01	-1.287000e-10
3.880000000000000e+01	-1.288000e-10
3.890000000000001e+01	-1.289000e-10
3.900000000000000e+01	-1.290000e-10
3.910000000000000e+01	-1.291000e-10
3.920000000000000e+01	-1.292000e-10
3.930000000000000e+01	-1.293000e-10
3.940000000000001e+01	-1.294000e-10
3.950000000000000e+01	-1.295000e-10
3.960000000000000e+01	-1.296000e-10
3.970000000000000e+01	-1.297000e-10
3.980000000000000e+01	-1.298000e-10
3.990000000000001e+01	-1.299000e-10
4.000000000000000e+01	-1.300000e-10
4.010000000000000e+01	-1.301000e-10
4.020000000000000e+01	-1.302000e-10
4.030000000000000e+01	-1.303000e-10
4.040000000000001e+01	-1.304000e-10
4.050000000000000e+01	-1.305000e-10
4.060000000000000e+01	-1.306000e-10
4.070000000000000e+01	-1.307000e-10
4.080000000000000e+01	-1.308000e-10
4.090000000000001e+01	-1.309000e-10
4.100000000000000e+01	-1.310000e-10
4.110000000000000e+01	-1.311000e-10
4.120000000000000e+01	-1.312000e-10
4.130000000000000e+01	-1.313000e-10
4.140000000000001e+01	-1.314000e-10
4.150000000000000e+01	-1.315000e-10
4.160000000000000e+01	-1.316000e-10
4.170000000000000e+01	-1.317000e-10
4.180000000000000e+01	-1.318000e-10
4.190000000000001e+01	-1.319000e-10
4.200000000000000e+01	-1.320000e-10
4.210000000000000e+01	-1.321000e-10
4.220000000000000e+01	-1.322000e-10
4.230000000000000e+01	-1.323000e-10
4.240000000000001e+01	-1.324000e-10
4.250000000000000e+01	-1.325000e-10
4.260000000000000e+01	-1.326000e-10
4.270000000000000e+01	-1.327000e-10
4.280000000000000e+01	-1.328000e-10
4.290000000000001e+01	-1.329000e-10
4.300000000000000e+01	-1.330000e-10
4.310000000000000e+01	-1.331000e-10
4.320000000000000e+01	-1.332000e-10
4.330000000000000e+01	-1.333000e-10
4.340000000000001e+01	-1.334000e-10
4.350000000000000e+01	-1.335000e-10
4.360000000000000e+01	-1.336000e-10
4.370000000000000e+01	-1.337000e-10
4.380000000000000e+01	-1.338000e-10
4.390000000000001e+01	-1.339000e-10
4.400000000000000e+01	-1.340000e-10
4.410000000000000e+01	-1.341000e-10
4.420000000000000e+01	-1.342000e-10
4.430000000000000e+01	-1.343000e-10
4.440000000000001e+01	-1.344000e-10
4.450000000000000e+01	-1.345000e-10
4.460000000000000e+01	-1.346000e-10
4.470000000000000e+01	-1.347000e-10
4.480000000000000e+01	-1.348000e-10
4.490000000000001e+01	-1.349000e-10
4.500000000000000e+01	-1.350000e-10
4.510000000000000e+01	-1.351000e-10
4.520000000000000e+01	-1.352000e-10
4.530000000000000e+01	-1.353000e-10
4.540000000000001e+01	-1.354000e-10
4.550000000000000e+01	-1.355000e-10
4.560000000000000e+01	-1.356000e-10
4.570000000000000e+01	-1.357000e-10
4.580000000000000e+01	-1.358000e-10
4.590000000000001e+01	-1.359000e-10
4.600000000000000e+01	-1.360000e-10
4.610000000000000e+01	-1.361000e-10
4.620000000000000e+01	-1.362000e-10
4.630000000000000e+01	-1.363000e-10
4.640000000000001e+01	-1.364000e-10
4.650000000000000e+01	-1.365000e-10
4.660000000000000e+01	-1.366000e-10
4.670000000000000e+01	-1.367000e-10
4.680000000000000e+01	-1.368000e-10
4.690000000000001e+01	-1.369000e-10
4.700000000000000e+01	-1.370000e-10
4.710000000000000e+01	-1.371000e-10
4.720000000000000e+01	-1.372000e-10
4.730000000000000e+01	-1.373000e-10
4.740000000000001e+01	-1.374000e-10
4.750000000000000e+01	-1.375000e-10
4.760000000000000e+01	-1.376000e-10
4.770000000000000e+01	-1.377000e-10
4.780000000000000e+01	-1.378000e-10
4.790000000000001e+01	-1.379000e-10
4.800000000000000e+01	-1.380000e-10
4.810000000000000e+01	-1.381000e-10
4.820000000000000e+01	-1.382000e-10
4.830000000000000e+01	-1.383000e-10
4.840000000000001e+01	-1.384000e-10
4.850000000000000e+01	-1.385000e-10
4.860000000000000e+01	-1.386000e-10
4.870000000000000e+01	-1.387000e-10
4.880000000000000e+01	-1.388000e-10
4.890000000000001e+01	-1.389000e-10
4.900000000000000e+01	-1.390000e-10
4.910000000000000e+01	-1.391000e-10
4.920000000000000e+01	-1.392000e-10
4.930000000000000e+01	-1.393000e-10
4.940000000000001e+01	-1.394000e-10
4.950000000000000e+01	-1.395000e-10
4.960000000000000e+01	-1.396000e-10
4.970000000000000e+01	-1.397000e-10
4.980000000000000e+01	-1.398000e-10
4.990000000000001e+01	-1.399000e-10
5.000000000000000e+01	-1.400000e-10
5.010000000000000e+01	-1.401000e-10
5.020000000000000e+01	-1.402000e-10
5.030000000000000e+01	-1.403000e-10
5.040000000000001e+01	-1.404000e-10
5.050000000000000e+01	-1.405000e-10
5.060000000000000e+01	-1.406000e-10
5.070000000000000e+01	-1.407000e-10
5.080000000000000e+01	-1.408000e-10
5.090000000000001e+01	-1.409000e-10
5.100000000000000e+01	-1.410000e-10
5.110000000000000e+01	-1.411000e-10
5.120000000000000e+01	-1.412000e-10
5.130000000000000e+01	-1.413000e-10
5.140000000000001e+01	-1.414000e-10
5.150000000000000e+01	-1.415000e-10
5.160000000000000e+01	-1.416000e-10
5.170000000000000e+01	-1.417000e-10
5.180000000000000e+01	-1.418000e-10
5.190000000000001e+01	-1.419000e-10
5.200000000000000e+01	-1.420000e-10
5.210000000000000e+01	-1.421000e-10
5.220000000000000e+01	-1.422000e-10
5.230000000000000e+01	-1.423000e-10
5.240000000000001e+01	-1.424000e-10
5.250000000000000e+01	-1.425000e-10
5.260000000000000e+01	-1.426000e-10
5.270000000000000e+01	-1.427000e-10
5.280000000000000e+01	-1.428000e-10
5.290000000000001e+01	-1.429000e-10
5.300000000000000e+01	-1.430000e-10
5.310000000000000e+01	-1.431000e-10
5.320000000000000e+01	-1.432000e-10
5.330000000000000e+01	-1.433000e-10
5.340000000000001e+01	-1.434000e-10
5.350000000000000e+01	-1.435000e-10
5.360000000000000e+01	-1.436000e-10
5.370000000000000e+01	-1.437000e-10
5.380000000000000e+01	-1.438000e-10
5.390000000000001e+01	-1.439000e-10
5.400000000000000e+01	-1.440000e-10
5.410000000000001e+01	-1.441000e-10
5.420000000000000e+01	-1.442000e-10
5.430000000000000e+01	-1.443000e-10
5.440000000000001e+01	-1.444000e-10
5.450000000000000e+01	-1.445000e-10
5.460000000000001e+01	-1.446000e-10
5.470000000000000e+01	-1.447000e-10
5.480000000000000e+01	-1.448000e-10
5.490000000000001e+01	-1.449000e-10
5.500000000000000e+01	-1.450000e-10
5.510000000000001e+01	-1.451000e-10
5.520000000000000e+01	-1.452000e-10
5.530000000000000e+01	-1.453000e-10
5.540000000000001e+01	-1.454000e-10
5.550000000000000e+01	-1.455000e-10
5.560000000000001e+01	-1.456000e-10
5.570000000000000e+01	-1.457000e-10
5.580000000000000e+01	-1.458000e-10
5.590000000000001e+01	-1.459000e-10
5.600000000000000e+01	-1.460000e-10
5.610000000000001e+01	-1.461000e-10
5.620000000000000e+01	-1.462000e-10
5.630000000000000e+01	-1.463000e-10
5.640000000000001e+01	-1.464000e-10
5.650000000000000e+01	-1.465000e-10
5.660000000000001e+01	-1.466000e-10
5.670000000000000e+01	-1.467000e-10
5.680000000000000e+01	-1.468000e-10
5.690000000000001e+01	-1.469000e-10
5.700000000000000e+01	-1.470000e-10
5.710000000000001e+01	-1.471000e-10
5.720000000000000e+01	-1.472000e-10
5.730000000000000e+01	-1.473000e-10
5.740000000000001e+01	-1.474000e-10
5.750000000000000e+01	-1.475000e-10
5.760000000000001e+01	-1.476000e-10
5.770000000000000e+01	-1.477000e-10
5.780000000000000e+01	-1.478000e-10
5.790000000000001e+01	-1.479000e-10
5.800000000000000e+01	-1.480000e-10
5.810000000000001e+01	-1.481000e-10
5.820000000000000e+01	-1.482000e-10
5.830000000000000e+01	-1.483000e-10
5.840000000000001e+01	-1.484000e-10
5.850000000000000e+01	-1.485000e-10
5.860000000000001e+01	-1.486000e-10
5.870000000000000e+01	-1.487000e-10
5.880000000000000e+01	-1.488000e-10
5.890000000000001e+01	-1.489000e-10
5.900000000000000e+01	-1.490000e-10
5.910000000000001e+01	-1.491000e-10
5.920000000000000e+01	-1.492000e-10
5.930000000000000e+01	-1.493000e-10
5.940000000000001e+01	-1.494000e-10
5.950000000000000e+01	-1.495000e-10
5.960000000000001e+01	-1.496000e-10
5.970000000000000e+01	-1.497000e-10
5.980000000000000e+01	-1.498000e-10
5.990000000000001e+01	-1.499000e-10
6.000000000000000e+01	-1.500000e-10
6.010000000000001e+01	-1.501000e-10
6.020000000000000e+01	-1.502000e-10
6.030000000000000e+01	-1.503000e-10
6.040000000000001e+01	-1.504000e-10
6.050000000000000e+01	-1.505000e-10
6.060000000000001e+01	-1.506000e-10
6.070000000000000e+01	-1.507000e-10
6.080000000000000e+01	-1.508000e-10
6.090000000000001e+01	-1.509000e-10
6.100000000000000e+01	-1.510000e-10
6.110000000000001e+01	-1.511000e-10
6.120000000000000e+01	-1.512000e-10
6.130000000000000e+01	-1.513000e-10
6.140000000000001e+01	-1.514000e-10
6.150000000000000e+01	-1.515000e-10
6.160000000000001e+01	-1.516000e-10
6.170000000000000e+01	-1.517000e-10
6.180000000000000e+01	-1.518000e-10
6.190000000000001e+01	-1.519000e-10
6.200000000000000e+01	-1.520000e-10
6.210000000000001e+01	-1.521000e-10
6.220000000000000e+01	-1.522000e-10
6.230000000000000e+01	-1.523000e-10
6.240000000000001e+01	-1.524000e-10
6.250000000000000e+01	-1.525000e-10
6.260000000000001e+01	-1.526000e-10
6.270000000000000e+01	-1.527000e-10
6.280000000000000e+01	-1.528000e-10
6.290000000000001e+01	-1.529000e-10
6.300000000000000e+01	-1.530000e-10
6.310000000000001e+01	-1.531000e-10
6.320000000000000e+01	-1.532000e-10
6.330000000000000e+01	-1.533000e-10
6.340000000000001e+01	-1.534000e-10
6.350000000000000e+01	-1.535000e-10
6.360000000000001e+01	-1.536000e-10
6.370000000000000e+01	-1.537000e-10
6.380000000000000e+01	-1.538000e-10
6.390000000000001e+01	-1.539000e-10
6.400000000000000e+01	-1.540000e-10
6.410000000000001e+01	-1.541000e-10
6.420000000000000e+01	-1.542000e-10
6.430000000000000e+01	-1.543000e-10
6.440000000000001e+01	-1.544000e-10
6.450000000000000e+01	-1.545000e-10
6.460000000000001e+01	-1.546000e-10
6.470000000000000e+01	-1.547000e-10
6.480000000000000e+01	-1.548000e-10
6.490000000000001e+01	-1.549000e-10
6.500000000000000e+01	-1.550000e-10
6.510000000000001e+01	-1.551000e-10
6.520000000000000e+01	-1.552000e-10
6.530000000000000e+01	-1.553000e-10
6.540000000000001e+01	-1.554000e-10
6.550000000000000e+01	-1.555000e-10
6.560000000000001e+01	-1.556000e-10
6.570000000000000e+01	-1.557000e-10
6.580000000000000e+01	-1.558000e-10
6.590000000000001e+01	-1.559000e-10
6.600000000000000e+01	-1.560000e-10
6.610000000000001e+01	-1.561000e-10
6.620000000000000e+01	-1.562000e-10
6.630000000000000e+01	-1.563000e-10
6.640000000000001e+01	-1.564000e-10
6.650000000000000e+01	-1.565000e-10
6.660000000000001e+01	-1.566000e-10
6.670000000000000e+01	-1.567000e-10
6.680000000000001e+01	-1.568000e-10
6.690000000000001e+01	-1.569000e-10
6.700000000000000e+01	-1.570000e-10
6.710000000000001e+01	-1.571000e-10
6.720000000000000e+01	-1.572000e-10
6.730000000000001e+01	-1.573000e-10
6.740000000000001e+01	-1.574000e-10
6.750000000000000e+01	-1.575000e-10
6.760000000000001e+01	-1.576000e-10
6.770000000000000e+01	-1.577000e-10
6.780000000000001e+01	-1.578000e-10
6.790000000000001e+01	-1.579000e-10
6.800000000000000e+01	-1.580000e-10
6.810000000000001e+01	-1.581000e-10
6.820000000000000e+01	-1.582000e-10
6.830000000000001e+01	-1.583000e-10
6.840000000000001e+01	-1.584000e-10
6.850000000000000e+01	-1.585000e-10
6.860000000000001e+01	-1.586000e-10
6.870000000000000e+01	-1.587000e-10
6.880000000000001e+01	-1.588000e-10
6.890000000000001e+01	-1.589000e-10
6.900000000000000e+01	-1.590000e-10
6.910000000000001e+01	-1.591000e-10
6.920000000000000e+01	-1.592000e-10
6.930000000000001e+01	-1.593000e-10
6.940000000000001e+01	-1.594000e-10
6.950000000000000e+01	-1.595000e-10
6.960000000000001e+01	-1.596000e-10
6.970000000000000e+01	-1.597000e-10
6.980000000000001e+01	-1.598000e-10
6.990000000000001e+01	-1.599000e-10
7.000000000000000e+01	-1.600000e-10
7.010000000000001e+01	-1.601000e-10
7.020000000000000e+01	-1.602000e-10
7.030000000000001e+01	-1.603000e-10
7.040000000000001e+01	-1.604000e-10
7.050000000000000e+01	-1.605000e-10
7.060000000000001e+01	-1.606000e-10
7.070000000000000e+01	-1.607000e-10
7.080000000000001e+01	-1.608000e-10
7.090000000000001e+01	-1.609000e-10
7.100000000000000e+01	-1.610000e-10
7.110000000000001e+01	-1.611000e-10
7.120000000000000e+01	-1.612000e-10
7.130000000000001e+01	-1.613000e-10
7.140000000000001e+01	-1.614000e-10
7.150000000000000e+01	-1.615000e-10
7.160000000000001e+01	-1.616000e-10
7.170000000000000e+01	-1.617000e-10
7.180000000000001e+01	-1.618000e-10
7.190000000000001e+01	-1.619000e-10
7.200000000000000e+01	-1.620000e-10
7.210000000000001e+01	-1.621000e-10
7.220000000000000e+01	-1.622000e-10
7.230000000000001e+01	-1.623000e-10
7.240000000000001e+01	-1.624000e-10
7.250000000000000e+01	-1.625000e-10
7.260000000000001e+01	-1.626000e-10
7.270000000000000e+01	-1.627000e-10
7.280000000000001e+01	-1.628000e-10
7.290000000000001e+01	-1.629000e-10
7.300000000000000e+01	-1.630000e-10
7.310000000000001e+01	-1.631000e-10
7.320000000000000e+01	-1.632000e-10
7.330000000000001e+01	-1.633000e-10
7.340000000000001e+01	-1.634000e-10
7.350000000000000e+01	-1.635000e-10
7.360000000000001e+01	-1.636000e-10
7.370000000000000e+01	-1.637000e-10
7.380000000000001e+01	-1.638000e-10
7.390000000000001e+01	-1.639000e-10
7.400000000000000e+01	-1.640000e-10
7.410000000000001e+01	-1.641000e-10
7.420000000000000e+01	-1.642000e-10
7.430000000000001e+01	-1.643000e-10
7.440000000000001e+01	-1.644000e-10
7.450000000000000e+01	-1.645000e-10
7.460000000000001e+01	-1.646000e-10
7.470000000000000e+01	-1.647000e-10
7.480000000000001e+01	-1.648000e-10
7.490000000000001e+01	-1.649000e-10
7.500000000000000e+01	-1.650000e-10
7.510000000000001e+01	-1.651000e-10
7.520000000000000e+01	-1.652000e-10
7.530000000000001e+01	-1.653000e-10
7.540000000000001e+01	-1.654000e-10
7.550000000000000e+01	-1.655000e-10
7.560000000000001e+01	-1.656000e-10
7.570000000000000e+01	-1.657000e-10
7.580000000000001e+01	-1.658000e-10
7.590000000000001e+01	-1.659000e-10
7.600000000000000e+01	-1.660000e-10
7.610000000000001e+01	-1.661000e-10
7.620000000000000e+01	-1.662000e-10
7.630000000000001e+01	-1.663000e-10
7.640000000000001e+01	-1.664000e-10
7.650000000000000e+01	-1.665000e-10
7.660000000000001e+01	-1.666000e-10
7.670000000000000e+01	-1.667000e-10
7.680000000000001e+01	-1.668000e-10
7.690000000000001e+01	-1.669000e-10
7.700000000000000e+01	-1.670000e-10
7.710000000000001e+01	-1.671000e-10
7.720000000000000e+01	-1.672000e-10
7.730000000000001e+01	-1.673000e-10
7.740000000000001e+01	-1.674000e-10
7.750000000000000e+01	-1.675000e-10
7.760000000000001e+01	-1.676000e-10
7.770000000000000e+01	-1.677000e-10
7.780000000000001e+01	-1.678000e-10
7.790000000000001e+01	-1.679000e-10
7.800000000000000e+01	-1.680000e-10
7.810000000000001e+01	-1.681000e-10
7.820000000000000e+01	-1.682000e-10
7.830000000000001e+01	-1.683000e-10
7.840000000000001e+01	-1.684000e-10
7.850000000000000e+01	-1.685000e-10
7.860000000000001e+01	-1.686000e-10
7.870000000000000e+01	-1.687000e-10
7.880000000000001e+01	-1.688000e-10
7.890000000000001e+01	-1.689000e-10
7.900000000000000e+01	-1.690000e-10
7.910000000000001e+01	-1.691000e-10
7.920000000000000e+01	-1.692000e-10
7.930000000000001e+01	-1.693000e-10
7.940000000000001e+01	-1.694000e-10
7.950000000000000e+01	-1.695000e-10
7.960000000000001e+01	-1.696000e-10
7.970000000000000e+01	-1.697000e-10
7.980000000000001e+01	-1.698000e-10
7.990000000000001e+01	-1.699000e-10
8.000000000000000e+01	-1.700000e-10
8.010000000000001e+01	-1.701000e-10
8.020000000000000e+01	-1.702000e-10
8.030000000000001e+01	-1.703000e-10
8.040000000000001e+01	-1.704000e-10
8.050000000000000e+01	-1.705000e-10
8.060000000000001e+01	-1.706000e-10
8.070000000000000e+01	-1.707000e-10
8.080000000000001e+01	-1.708000e-10
8.090000000000001e+01	-1.709000e-10
8.100000000000000e+01	-1.710000e-10
8.110000000000001e+01	-1.711000e-10
8.120000000000000e+01	-1.712000e-10
8.130000000000001e+01	-1.713000e-10
8.140000000000001e+01	-1.714000e-10
8.150000000000000e+01	-1.715000e-10
8.160000000000001e+01	-1.716000e-10
8.170000000000000e+01	-1.717000e-10
8.180000000000001e+01	-1.718000e-10
8.190000000000001e+01	-1.719000e-10
8.200000000000000e+01	-1.720000e-10
8.210000000000001e+01	-1.721000e-10
8.220000000000000e+01	-1.722000e-10
8.230000000000001e+01	-1.723000e-10
8.240000000000001e+01	-1.724000e-10
8.250000000000000e+01	-1.725000e-10
8.260000000000001e+01	-1.726000e-10
8.270000000000000e+01	-1.727000e-10
8.280000000000001e+01	-1.728000e-10
8.290000000000001e+01	-1.729000e-10
8.300000000000000e+01	-1.730000e-10
8.310000000000001e+01	-1.731000e-10
8.320000000000000e+01	-1.732000e-10
8.330000000000001e+01	-1.733000e-10
8.340000000000001e+01	-1.734000e-10
8.350000000000000e+01	-1.735000e-10
8.360000000000001e+01	-1.736000e-10
8.370000000000000e+01	-1.737000e-10
8.380000000000001e+01	-1.738000e-10
8.390000000000001e+01	-1.739000e-10
8.400000000000000e+01	-1.740000e-10
8.410000000000001e+01	-1.741000e-10
8.420000000000000e+01	-1.742000e-10
8.430000000000001e+01	-1.743000e-10
8.440000000000001e+01	-1.744000e-10
8.450000000000000e+01	-1.745000e-10
8.460000000000001e+01	-1.746000e-10
8.470000000000000e+01	-1.747000e-10
8.480000000000001e+01	-1.748000e-10
8.490000000000001e+01	-1.749000e-10
8.500000000000000e+01	-1.750000e-10
8.510000000000001e+01	-1.751000e-10
8.520000000000000e+01	-1.752000e-10
8.530000000000001e+01	-1.753000e-10
8.540000000000001e+01	-1.754000e-10
8.550000000000000e+01	-1.755000e-10
8.560000000000001e+01	-1.756000e-10
8.570000000000000e+01	-1.757000e-10
8.580000000000001e+01	-1.758000e-10
8.590000000000001e+01	-1.759000e-10
8.600000000000000e+01	-1.760000e-10
8.610000000000001e+01	-1.761000e-10
8.620000000000000e+01	-1.762000e-10
8.630000000000001e+01	-1.763000e-10
8.640000000000001e+01	-1.764000e-10
8.650000000000000e+01	-1.765000e-10
8.660000000000001e+01	-1.766000e-10
8.670000000000000e+01	-1.767000e-10
8.680000000000001e+01	-1.768000e-10
8.690000000000001e+01	-1.769000e-10
8.700000000000000e+01	-1.770000e-10
8.710000000000001e+01	-1.771000e-10
8.720000000000000e+01	-1.772000e-10
8.730000000000001e+01	-1.773000e-10
8.740000000000001e+01	-1.774000e-10
8.750000000000000e+01	-1.775000e-10
8.760000000000001e+01	-1.776000e-10
8.770000000000000e+01	-1.777000e-10
8.780000000000001e+01	-1.778000e-10
8.790000000000001e+01	-1.779000e-10
8.800000000000000e+01	-1.780000e-10
8.810000000000001e+01	-1.781000e-10
8.820000000000000e+01	-1.782000e-10
8.830000000000001e+01	-1.783000e-10
8.840000000000001e+01	-1.784000e-10
8.850000000000000e+01	-1.785000e-10
8.860000000000001e+01	-1.786000e-10
8.870000000000000e+01	-1.787000e-10
8.880000000000001e+01	-1.788000e-10
8.890000000000001e+01	-1.789000e-10
8.900000000000000e+01	-1.790000e-10
8.910000000000001e+01	-1.791000e-10
8.920000000000000e+01	-1.792000e-10
8.930000000000001e+01	-1.793000e-10
8.940000000000001e+01	-1.794000e-10
8.950000000000000e+01	-1.795000e-10
8.960000000000001e+01	-1.796000e-10
8.970000000000000e+01	-1.797000e-10
8.980000000000001e+01	-1.798000e-10
8.990000000000001e+01	-1.799000e-10
9.000000000000000e+01	-1.800000e-10
9.010000000000001e+01	-1.801000e-10
9.020000000000000e+01	-1.802000e-10
9.030000000000001e+01	-1.803000e-10
9.040000000000001e+01	-1.804000e-10
9.050000000000000e+01	-1.805000e-10
9.060000000000001e+01	-1.806000e-10
9.070000000000000e+01	-1.807000e-10
9.080000000000001e+01	-1.808000e-10
9.090000000000001e+01	-1.809000e-10
9.100000000000000e+01	-1.810000e-10
9.110000000000001e+01	-1.811000e-10
9.120000000000000e+01	-1.812000e-10
9.130000000000001e+01	-1.813000e-10
9.140000000000001e+01	-1.814000e-10
9.150000000000000e+01	-1.815000e-10
9.160000000000001e+01	-1.816000e-10
9.170000000000000e+01	-1.817000e-10
9.180000000000001e+01	-1.818000e-10
9.190000000000001e+01	-1.819000e-10
9.200000000000000e+01	-1.820000e-10
9.210000000000001e+01	-1.821000e-10
9.220000000000000e+01	-1.822000e-10
9.230000000000001e+01	-1.823000e-10
9.240000000000001e+01	-1.824000e-10
9.250000000000000e+01	-1.825000e-10
9.260000000000001e+01	-1.826000e-10
9.270000000000000e+01	-1.827000e-10
9.280000000000001e+01	-1.828000e-10
9.290000000000001e+01	-1.829000e-10
9.300000000000000e+01	-1.830000e-10
9.310000000000001e+01	-1.831000e-10
9.320000000000000e+01	-1.832000e-10
9.330000000000001e+01	-1.833000e-10
9.340000000000001e+01	-1.834000e-10
9.350000000000000e+01	-1.835000e-10
9.360000000000001e+01	-1.836000e-10
9.370000000000000e+01	-1.837000e-10
9.380000000000001e+01	-1.838000e-10
9.390000000000001e+01	-1.839000e-10
9.400000000000000e+01	-1.840000e-10
9.410000000000001e+01	-1.841000e-10
9.420000000000000e+01	-1.842000e-10
9.430000000000001e+01	-1.843000e-10
9.440000000000001e+01	-1.844000e-10
9.450000000000000e+01	-1.845000e-10
9.460000000000001e+01	-1.846000e-10
9.470000000000000e+01	-1.847000e-10
9.480000000000001e+01	-1.848000e-10
9.490000000000001e+01	-1.849000e-10
9.500000000000000e+01	-1.850000e-10
9.510000000000001e+01	-1.851000e-10
9.520000000000000e+01	-1.852000e-10
9.530000000000001e+01	-1.853000e-10
9.540000000000001e+01	-1.854000e-10
9.550000000000000e+01	-1.855000e-10
9.560000000000001e+01	-1.856000e-10
9.570000000000000e+01	-1.857000e-10
9.580000000000001e+01	-1.858000e-10
9.590000000000001e+01	-1.859000e-10
9.600000000000000e+01	-1.860000e-10
9.610000000000001e+01	-1.861000e-10
9.620000000000000e+01	-1.862000e-10
9.630000000000001e+01	-1.863000e-10
9.640000000000001e+01	-1.864000e-10
9.650000000000000e+01	-1.865000e-10
9.660000000000001e+01	-1.866000e-10
9.670000000000000e+01	-1.867000e-10
9.680000000000001e+01	-1.868000e-10
9.690000000000001e+01	-1.869000e-10
9.700000000000000e+01	-1.870000e-10
9.710000000000001e+01	-1.871000e-10
9.720000000000000e+01	-1.872000e-10
9.730000000000001e+01	-1.873000e-10
9.740000000000001e+01	-1.874000e-10
9.750000000000000e+01	-1.875000e-10
9.760000000000001e+01	-1.876000e-10
9.770000000000000e+01	-1.877000e-10
9.780000000000001e+01	-1.878000e-10
9.790000000000001e+01	-1.879000e-10
9.800000000000000e+01	-1.880000e-10
9.810000000000001e+01	-1.881000e-10
9.820000000000000e+01	-1.882000e-10
9.830000000000001e+01	-1.883000e-10
9.840000000000001e+01	-1.884000e-10
9.850000000000000e+01	-1.885000e-10
9.860000000000001e+01	-1.886000e-10
9.870000000000000e+01	-1.887000e-10
9.880000000000001e+01	-1.888000e-10
9.890000000000001e+01	-1.889000e-10
9.900000000000000e+01	-1.890000e-10
9.910000000000001e+01	-1.891000e-10
9.920000000000000e+01	-1.892000e-10
9.930000000000001e+01	-1.893000e-10
9.940000000000001e+01	-1.894000e-10
9.950000000000000e+01	-1.895000e-10
9.960000000000001e+01	-1.896000e-10
9.970000000000000e+01	-1.897000e-10
9.980000000000001e+01	-1.898000e-10
9.990000000000001e+01	-1.899000e-10
1.000000000000000e+02	-1.900000e-10
1.001000000000000e+02	-1.901000e-10
1.002000000000000e+02	-1.902000e-10
1.003000000000000e+02	-1.903000e-10
1.004000000000000e+02	-1.904000e-10
1.005000000000000e+02	-1.905000e-10
1.006000000000000e+02	-1.906000e-10
1.007000000000000e+02	-1.907000e-10
1.008000000000000e+02	-1.908000e-10
1.009000000000000e+02	-1.909000e-10
1.010000000000000e+02	-1.910000e-10
1.011000000000000e+02	-1.911000e-10
1.012000000000000e+02	-1.912000e-10
1.013000000000000e+02	-1.913000e-10
1.014000000000000e+02	-1.914000e-10
1.015000000000000e+02	-1.915000e-10
1.016000000000000e+02	-1.916000e-10
1.017000000000000e+02	-1.917000e-10
1.018000000000000e+02	-1.918000e-10
1.019000000000000e+02	-1.919000e-10
1.020000000000000e+02	-1.920000e-10
1.021000000000000e+02	-1.921000e-10
1.022000000000000e+02	-1.922000e-10
1.023000000000000e+02	-1.923000e-10
1.024000000000000e+02	-1.924000e-10
1.025000000000000e+02	-1.925000e-10
1.026000000000000e+02	-1.926000e-10
1.027000000000000e+02	-1.927000e-10
1.028000000000000e+02	-1.928000e-10
1.029000000000000e+02	-1.929000e-10
1.030000000000000e+02	-1.930000e-10
1.031000000000000e+02	-1.931000e-10
1.032000000000000e+02	-1.932000e-10
1.033000000000000e+02	-1.933000e-10
1.034000000000000e+02	-1.934000e-10
1.035000000000000e+02	-1.935000e-10
1.036000000000000e+02	-1.936000e-10
1.037000000000000e+02	-1.937000e-10
1.038000000000000e+02	-1.938000e-10
1.039000000000000e+02	-1.939000e-10
1.040000000000000e+02	-1.940000e-10
1.041000000000000e+02	-1.941000e-10
1.042000000000000e+02	-1.942000e-10
1.043000000000000e+02	-1.943000e-10
1.044000000000000e+02	-1.944000e-10
1.045000000000000e+02	-1.945000e-10
1.046000000000000e+02	-1.946000e-10
1.047000000000000e+02	-1.947000e-10
1.048000000000000e+02	-1.948000e-10
1.049000000000000e+02	-1.949000e-10
1.050000000000000e+02	-1.950000e-10
1.051000000000000e+02	-1.951000e-10
1.052000000000000e+02	-1.952000e-10
1.053000000000000e+02	-1.953000e-10
1.054000000000000e+02	-1.954000e-10
1.055000000000000e+02	-1.955000e-10
1.056000000000000e+02	-1.956000e-10
1.057000000000000e+02	-1.957000e-10
1.058000000000000e+02	-1.958000e-10
1.059000000000000e+02	-1.959000e-10
1.060000000000000e+02	-1.960000e-10
1.061000000000000e+02	-1.961000e-10
1.062000000000000e+02	-1.962000e-10
1.063000000000000e+02	-1.963000e-10
1.064000000000000e+02	-1.964000e-10
1.065000000000000e+02	-1.965000e-10
1.066000000000000e+02	-1.966000e-10
1.067000000000000e+02	-1.967000e-10
1.068000000000000e+02	-1.968000e-10
1.069000000000000e+02	-1.969000e-10
1.070000000000000e+02	-1.970000e-10
1.071000000000000e+02	-1.971000e-10
1.072000000000000e+02	-1.972000e-10
1.073000000000000e+02	-1.973000e-10
1.074000000000000e+02	-1.974000e-10
1.075000000000000e+02	-1.975000e-10
1.076000000000000e+02	-1.976000e-10
1.077000000000000e+02	-1.977000e-10
1.078000000000000e+02	-1.978000e-10
1.079000000000000e+02	-1.979000e-10
1.080000000000000e+02	-1.980000e-10
1.081000000000000e+02	-1.981000e-10
1.082000000000000e+02	-1.982000e-10
1.083000000000000e+02	-1.983000e-10
1.084000000000000e+02	-1.984000e-10
1.085000000000000e+02	-1.985000e-10
1.086000000000000e+02	-1.986000e-10
1.087000000000000e+02	-1.987000e-10
1.088000000000000e+02	-1.988000e-10
1.089000000000000e+02	-1.989000e-10
1.090000000000000e+02	-1.990000e-10
1.091000000000000e+02	-1.991000e-10
1.092000000000000e+02	-1.992000e-10
1.093000000000000e+02	-1.993000e-10
1.094000000000000e+02	-1.994000e-10
1.095000000000000e+02	-1.995000e-10
1.096000000000000e+02	-1.996000e-10
1.097000000000000e+02	-1.997000e-10
1.098000000000000e+02	-1.998000e-10
1.099000000000000e+02	-1.999000e-10
1.100000000000000e+02	-2.000000e-10
1.101000000000000e+02	-2.001000e-10
1.102000000000000e+02	-2.002000e-10
1.103000000000000e+02	-2.003000e-10
1.104000000000000e+02	-2.004000e-10
1.105000000000000e+02	-2.005000e-10
1.106000000000000e+02	-2.006000e-10
1.107000000000000e+02	-2.007000e-10
1.108000000000000e+02	-2.008000e-10
1.109000000000000e+02	-2.009000e-10
1.110000000000000e+02	-2.010000e-10
1.111000000000000e+02	-2.011000e-10
1.112000000000000e+02	-2.012000e-10
1.113000000000000e+02	-2.013000e-10
1.114000000000000e+02	-2.014000e-10
1.115000000000000e+02	-2.015000e-10
1.116000000000000e+02	-2.016000e-10
1.117000000000000e+02	-2.017000e-10
1.118000000000000e+02	-2.018000e-10
1.119000000000000e+02	-2.019000e-10
1.120000000000000e+02	-2.020000e-10
1.121000000000000e+02	-2.021000e-10
1.122000000000000e+02	-2.022000e-10
1.123000000000000e+02	-2.023000e-10
1.124000000000000e+02	-2.024000e-10
1.125000000000000e+02	-2.025000e-10
1.126000000000000e+02	-2.026000e-10
1.127000000000000e+02	-2.027000e-10
1.128000000000000e+02	-2.028000e-10
1.129000000000000e+02	-2.029000e-10
1.130000000000000e+02	-2.030000e-10
1.131000000000000e+02	-2.031000e-10
1.132000000000000e+02	-2.032000e-10
1.133000000000000e+02	-2.033000e-10
1.134000000000000e+02	-2.034000e-10
1.135000000000000e+02	-2.035000e-10
1.136000000000000e+02	-2.036000e-10
1.137000000000000e+02	-2.037000e-10
1.138000000000000e+02	-2.038000e-10
1.139000000000000e+02	-2.039000e-10
1.140000000000000e+02	-2.040000e-10
1.141000000000000e+02	-2.041000e-10
1.142000000000000e+02	-2.042000e-10
1.143000000000000e+02	-2.043000e-10
1.144000000000000e+02	-2.044000e-10
1.145000000000000e+02	-2.045000e-10
1.146000000000000e+02	-2.046000e-10
1.147000000000000e+02	-2.047000e-10
1.148000000000000e+02	-2.048000e-10
1.149000000000000e+02	-2.049000e-10
1.150000000000000e+02	-2.050000e-10
1.151000000000000e+02	-2.051000e-10
1.152000000000000e+02	-2.052000e-10
1.153000000000000e+02	-2.053000e-10
1.154000000000000e+02	-2.054000e-10
1.155000000000000e+02	-2.055000e-10
1.156000000000000e+02	-2.056000e-10
1.157000000000000e+02	-2.057000e-10
1.158000000000000e+02	-2.058000e-10
1.159000000000000e+02	-2.059000e-10
1.160000000000000e+02	-2.060000e-10
1.161000000000000e+02	-2.061000e-10
1.162000000000000e+02	-2.062000e-10
1.163000000000000e+02	-2.063000e-10
1.164000000000000e+02	-2.064000e-10
1.165000000000000e+02	-2.065000e-10
1.166000000000000e+02	-2.066000e-10
1.167000000000000e+02	-2.067000e-10
1.168000000000000e+02	-2.068000e-10
1.169000000000000e+02	-2.069000e-10
1.170000000000000e+02	-2.070000e-10
1.171000000000000e+02	-2.071000e-10
1.172000000000000e+02	-2.072000e-10
1.173000000000000e+02	-2.073000e-10
1.174000000000000e+02	-2.074000e-10
1.175000000000000e+02	-2.075000e-10
1.176000000000000e+02	-2.076000e-10
1.177000000000000e+02	-2.077000e-10
1.178000000000000e+02	-2.078000e-10
1.179000000000000e+02	-2.079000e-10
1.180000000000000e+02	-2.080000e-10
1.181000000000000e+02	-2.081000e-10
1.182000000000000e+02	-2.082000e-10
1.183000000000000e+02	-2.083000e-10
1.184000000000000e+02	-2.084000e-10
1.185000000000000e+02	-2.085000e-10
1.186000000000000e+02	-2.086000e-10
1.187000000000000e+02	-2.087000e-10
1.188000000000000e+02	-2.088000e-10
1.189000000000000e+02	-2.089000e-10
1.190000000000000e+02	-2.090000e-10
1.191000000000000e+02	-2.091000e-10
1.192000000000000e+02	-2.092000e-10
1.193000000000000e+02	-2.093000e-10
1.194000000000000e+02	-2.094000e-10
1.195000000000000e+02	-2.095000e-10
1.196000000000000e+02	-2.096000e-10
1.197000000000000e+02	-2.097000e-10
1.198000000000000e+02	-2.098000e-10
1.199000000000000e+02	-2.099000e-10
1.200000000000000e+02	-2.100000e-10
1.201000000000000e+02	-2.101000e-10
1.202000000000000e+02	-2.102000e-10
1.203000000000000e+02	-2.103000e-10
1.204000000000000e+02	-2.104000e-10
1.205000000000000e+02	-2.105000e-10
1.206000000000000e+02	-2.106000e-10
1.207000000000000e+02	-2.107000e-10
1.208000000000000e+02	-2.108000e-10
1.209000000000000e+02	-2.109000e-10
1.210000000000000e+02	-2.110000e-10
1.211000000000000e+02	-2.111000e-10
1.212000000000000e+02	-2.112000e-10
1.213000000000000e+02	-2.113000e-10
1.214000000000000e+02	-2.114000e-10
1.215000000000000e+02	-2.115000e-10
1.216000000000000e+02	-2.116000e-10
1.217000000000000e+02	-2.117000e-10
1.218000000000000e+02	-2.118000e-10
1.219000000000000e+02	-2.119000e-10
1.220000000000000e+02	-2.120000e-10
1.221000000000000e+02	-2.121000e-10
1.222000000000000e+02	-2.122000e-10
1.223000000000000e+02	-2.123000e-10
1.224000000000000e+02	-2.124000e-10
1.225000000000000e+02	-2.125000e-10
1.226000000000000e+02	-2.126000e-10
1.227000000000000e+02	-2.127000e-10
1.228000000000000e+02	-2.128000e-10
1.229000000000000e+02	-2.129000e-10
1.230000000000000e+02	-2.130000e-10
1.231000000000000e+02	-2.131000e-10
1.232000000000000e+02	-2.132000e-10
1.233000000000000e+02	-2.133000e-10
1.234000000000000e+02	-2.134000e-10
1.235000000000000e+02	-2.135000e-10
1.236000000000000e+02	-2.136000e-10
1.237000000000000e+02	-2.137000e-10
1.238000000000000e+02	-2.138000e-10
1.239000000000000e+02	-2.139000e-10
1.240000000000000e+02	-2.140000e-10
1.241000000000000e+02	-2.141000e-10
1.242000000000000e+02	-2.142000e-10
1.243000000000000e+02	-2.143000e-10
1.244000000000000e+02	-2.144000e-10
1.245000000000000e+02	-2.145000e-10
1.246000000000000e+02	-2.146000e-10
1.247000000000000e+02	-2.147000e-10
1.248000000000000e+02	-2.148000e-10
1.249000000000000e+02	-2.149000e-10
1.250000000000000e+02	-2.150000e-10
1.251000000000000e+02	-2.151000e-10
1.252000000000000e+02	-2.152000e-10
1.253000000000000e+02	-2.153000e-10
1.254000000000000e+02	-2.154000e-10
1.255000000000000e+02	-2.155000e-10
1.256000000000000e+02	-2.156000e-10
1.257000000000000e+02	-2.157000e-10
1.258000000000000e+02	-2.158000e-10
1.259000000000000e+02	-2.159000e-10
1.260000000000000e+02	-2.160000e-10
1.261000000000000e+02	-2.161000e-10
1.262000000000000e+02	-2.162000e-10
1.263000000000000e+02	-2.163000e-10
1.264000000000000e+02	-2.164000e-10
1.265000000000000e+02	-2.165000e-10
1.266000000000000e+02	-2.166000e-10
1.267000000000000e+02	-2.167000e-10
1.268000000000000e+02	-2.168000e-10
1.269000000000000e+02	-2.169000e-10
1.270000000000000e+02	-2.170000e-10
1.271000000000000e+02	-2.171000e-10
1.272000000000000e+02	-2.172000e-10
1.273000000000000e+02	-2.173000e-10
1.274000000000000e+02	-2.174000e-10
1.275000000000000e+02	-2.175000e-10
1.276000000000000e+02	-2.176000e-10
1.277000000000000e+02	-2.177000e-10
1.278000000000000e+02	-2.178000e-10
1.279000000000000e+02	-2.179000e-10
1.280000000000000e+02	-2.180000e-10
1.281000000000000e+02	-2.181000e-10
1.282000000000000e+02	-2.182000e-10
1.283000000000000e+02	-2.183000e-10
1.284000000000000e+02	-2.184000e-10
1.285000000000000e+02	-2.185000e-10
1.286000000000000e+02	-2.186000e-10
1.287000000000000e+02	-2.187000e-10
1.288000000000000e+02	-2.188000e-10
1.289000000000000e+02	-2.189000e-10
1.290000000000000e+02	-2.190000e-10
1.291000000000000e+02	-2.191000e-10
1.292000000000000e+02	-2.192000e-10
1.293000000000000e+02	-2.193000e-10
1.294000000000000e+02	-2.194000e-10
1.295000000000000e+02	-2.195000e-10
1.296000000000000e+02	-2.196000e-10
1.297000000000000e+02	-2.197000e-10
1.298000000000000e+02	-2.198000e-10
1.299000000000000e+02	-2.199000e-10
1.300000000000000e+02	-2.200000e-10
1.301000000000000e+02	-2.201000e-10
1.302000000000000e+02	-2.202000e-10
1.303000000000000e+02	-2.203000e-10
1.304000000000000e+02	-2.204000e-10
1.305000000000000e+02	-2.205000e-10
1.306000000000000e+02	-2.206000e-10
1.307000000000000e+02	-2.207000e-10
1.308000000000000e+02	-2.208000e-10
1.309000000000000e+02	-2.209000e-10
1.310000000000000e+02	-2.210000e-10
1.311000000000000e+02	-2.211000e-10
1.312000000000000e+02	-2.212000e-10
1.313000000000000e+02	-2.213000e-10
1.314000000000000e+02	-2.214000e-10
1.315000000000000e+02	-2.215000e-10
1.316000000000000e+02	-2.216000e-10
1.317000000000000e+02	-2.217000e-10
1.318000000000000e+02	-2.218000e-10
1.319000000000000e+02	-2.219000e-10
1.320000000000000e+02	-2.220000e-10
1.321000000000000e+02	-2.221000e-10
1.322000000000000e+02	-2.222000e-10
1.323000000000000e+02	-2.223000e-10
1.324000000000000e+02	-2.224000e-10
1.325000000000000e+02	-2.225000e-10
1.326000000000000e+02	-2.226000e-10
1.327000000000000e+02	-2.227000e-10
1.328000000000000e+02	-2.228000e-10
1.329000000000000e+02	-2.229000e-10
1.330000000000000e+02	-2.230000e-10
1.331000000000000e+02	-2.231000e-10
1.332000000000000e+02	-2.232000e-10
1.333000000000000e+02	-2.233000e-10
1.334000000000000e+02	-2.234000e-10
1.335000000000000e+02	-2.235000e-10
1.336000000000000e+02	-2.236000e-10
1.337000000000000e+02	-2.237000e-10
1.338000000000000e+02	-2.238000e-10
1.339000000000000e+02	-2.239000e-10
1.340000000000000e+02	-2.240000e-10
1.341000000000000e+02	-2.241000e-10
1.342000000000000e+02	-2.242000e-10
1.343000000000000e+02	-2.243000e-10
1.344000000000000e+02	-2.244000e-10
1.345000000000000e+02	-2.245000e-10
1.346000000000000e+02	-2.246000e-10
1.347000000000000e+02	-2.247000e-10
1.348000000000000e+02	-2.248000e-10
1.349000000000000e+02	-2.249000e-10
1.350000000000000e+02	-2.250000e-10
1.351000000000000e+02	-2.251000e-10
1.352000000000000e+02	-2.252000e-10
1.353000000000000e+02	-2.253000e-10
1.354000000000000e+02	-2.254000e-10
1.355000000000000e+02	-2.255000e-10
1.356000000000000e+02	-2.256000e-10
1.357000000000000e+02	-2.257000e-10
1.358000000000000e+02	-2.258000e-10
1.359000000000000e+02	-2.259000e-10
1.360000000000000e+02	-2.260000e-10
1.361000000000000e+02	-2.261000e-10
1.362000000000000e+02	-2.262000e-10
1.363000000000000e+02	-2.263000e-10
1.364000000000000e+02	-2.264000e-10
1.365000000000000e+02	-2.265000e-10
1.366000000000000e+02	-2.266000e-10
1.367000000000000e+02	-2.267000e-10
1.368000000000000e+02	-2.268000e-10
1.369000000000000e+02	-2.269000e-10
1.370000000000000e+02	-2.270000e-10
1.371000000000000e+02	-2.271000e-10
1.372000000000000e+02	-2.272000e-10
1.373000000000000e+02	-2.273000e-10
1.374000000000000e+02	-2.274000e-10
1.375000000000000e+02	-2.275000e-10
1.376000000000000e+02	-2.276000e-10
1.377000000000000e+02	-2.277000e-10
1.378000000000000e+02	-2.278000e-10
1.379000000000000e+02	-2.279000e-10
1.380000000000000e+02	-2.280000e-10
1.381000000000000e+02	-2.281000e-10
1.382000000000000e+02	-2.282000e-10
1.383000000000000e+02	-2.283000e-10
1.384000000000000e+02	-2.284000e-10
1.385000000000000e+02	-2.285000e-10
1.386000000000000e+02	-2.286000e-10
1.387000000000000e+02	-2.287000e-10
1.388000000000000e+02	-2.288000e-10
1.389000000000000e+02	-2.289000e-10
1.390000000000000e+02	-2.290000e-10
1.391000000000000e+02	-2.291000e-10
1.392000000000000e+02	-2.292000e-10
1.393000000000000e+02	-2.293000e-10
1.394000000000000e+02	-2.294000e-10
1.395000000000000e+02	-2.295000e-10
1.396000000000000e+02	-2.296000e-10
1.397000000000000e+02	-2.297000e-10
1.398000000000000e+02	-2.298000e-10
1.399000000000000e+02	-2.299000e-10
1.400000000000000e+02	-2.300000e-10
1.401000000000000e+02	-2.301000e-10
1.402000000000000e+02	-2.302000e-10
1.403000000000000e+02	-2.303000e-10
1.404000000000000e+02	-2.304000e-10
1.405000000000000e+02	-2.305000e-10
1.406000000000000e+02	-2.306000e-10
1.407000000000000e+02	-2.307000e-10
1.408000000000000e+02	-2.308000e-10
1.409000000000000e+02	-2.309000e-10
1.410000000000000e+02	-2.310000e-10
1.411000000000000e+02	-2.311000e-10
1.412000000000000e+02	-2.312000e-10
1.413000000000000e+02	-2.313000e-10
1.414000000000000e+02	-2.314000e-10
1.415000000000000e+02	-2.315000e-10
1.416000000000000e+02	-2.316000e-10
1.417000000000000e+02	-2.317000e-10
1.418000000000000e+02	-2.318000e-10
1.419000000000000e+02	-2.319000e-10
1.420000000000000e+02	-2.320000e-10
1.421000000000000e+02	-2.321000e-10
1.422000000000000e+02	-2.322000e-10
1.423000000000000e+02	-2.323000e-10
1.424000000000000e+02	-2.324000e-10
1.425000000000000e+02	-2.325000e-10
1.426000000000000e+02	-2.326000e-10
1.427000000000000e+02	-2.327000e-10
1.428000000000000e+02	-2.328000e-10
1.429000000000000e+02	-2.329000e-10
1.430000000000000e+02	-2.330000e-10
1.431000000000000e+02	-2.331000e-10
1.432000000000000e+02	-2.332000e-10
1.433000000000000e+02	-2.333000e-10
1.434000000000000e+02	-2.334000e-10
1.435000000000000e+02	-2.335000e-10
1.436000000000000e+02	-2.336000e-10
1.437000000000000e+02	-2.337000e-10
1.438000000000000e+02	-2.338000e-10
1.439000000000000e+02	-2.339000e-10
1.440000000000000e+02	-2.340000e-10
1.441000000000000e+02	-2.341000e-10
1.442000000000000e+02	-2.342000e-10
1.443000000000000e+02	-2.343000e-10
1.444000000000000e+02	-2.344000e-10
1.445000000000000e+02	-2.345000e-10
1.446000000000000e+02	-2.346000e-10
1.447000000000000e+02	-2.347000e-10
1.448000000000000e+02	-2.348000e-10
1.449000000000000e+02	-2.349000e-10
1.450000000000000e+02	-2.350000e-10
1.451000000000000e+02	-2.351000e-10
1.452000000000000e+02	-2.352000e-10
1.453000000000000e+02	-2.353000e-10
1.454000000000000e+02	-2.354000e-10
1.455000000000000e+02	-2.355000e-10
1.456000000000000e+02	-2.356000e-10
1.457000000000000e+02	-2.357000e-10
1.458000000000000e+02	-2.358000e-10
1.459000000000000e+02	-2.359000e-10
1.460000000000000e+02	-2.360000e-10
1.461000000000000e+02	-2.361000e-10
1.462000000000000e+02	-2.362000e-10
1.463000000000000e+02	-2.363000e-10
1.464000000000000e+02	-2.364000e-10
1.465000000000000e+02	-2.365000e-10
1.466000000000000e+02	-2.366000e-10
1.467000000000000e+02	-2.367000e-10
1.468000000000000e+02	-2.368000e-10
1.469000000000000e+02	-2.369000e-10
1.470000000000000e+02	-2.370000e-10
1.471000000000000e+02	-2.371000e-10
1.472000000000000e+02	-2.372000e-10
1.473000000000000e+02	-2.373000e-10
1.474000000000000e+02	-2.374000e-10
1.475000000000000e+02	-2.375000e-10
1.476000000000000e+02	-2.376000e-10
1.477000000000000e+02	-2.377000e-10
1.478000000000000e+02	-2.378000e-10
1.479000000000000e+02	-2.379000e-10
1.480000000000000e+02	-2.380000e-10
1.481000000000000e+02	-2.381000e-10
1.482000000000000e+02	-2.382000e-10
1.483000000000000e+02	-2.383000e-10
1.484000000000000e+02	-2.384000e-10
1.485000000000000e+02	-2.385000e-10
1.486000000000000e+02	-2.386000e-10
1.487000000000000e+02	-2.387000e-10
1.488000000000000e+02	-2.388000e-10
1.489000000000000e+02	-2.389000e-10
1.490000000000000e+02	-2.390000e-10
1.491000000000000e+02	-2.391000e-10
1.492000000000000e+02	-2.392000e-10
1.493000000000000e+02	-2.393000e-10
1.494000000000000e+02	-2.394000e-10
1.495000000000000e+02	-2.395000e-10
1.496000000000000e+02	-2.396000e-10
1.497000000000000e+02	-2.397000e-10
1.498000000000000e+02	-2.398000e-10
1.499000000000000e+02	-2.399000e-10
1.500000000000000e+02	-2.400000e-10
1.501000000000000e+02	-2.401000e-10
1.502000000000000e+02	-2.402000e-10
1.503000000000000e+02	-2.403000e-10
1.504000000000000e+02	-2.404000e-10
1.505000000000000e+02	-2.405000e-10
1.506000000000000e+02	-2.406000e-10
1.507000000000000e+02	-2.407000e-10
1.508000000000000e+02	-2.408000e-10
1.509000000000000e+02	-2.409000e-10
1.510000000000000e+02	-2.410000e-10
1.511000000000000e+02	-2.411000e-10
1.512000000000000e+02	-2.412000e-10
1.513000000000000e+02	-2.413000e-10
1.514000000000000e+02	-2.414000e-10
1.515000000000000e+02	-2.415000e-10
1.516000000000000e+02	-2.416000e-10
1.517000000000000e+02	-2.417000e-10
1.518000000000000e+02	-2.418000e-10
1.519000000000000e+02	-2.419000e-10
1.520000000000000e+02	-2.420000e-10
1.521000000000000e+02	-2.421000e-10
1.522000000000000e+02	-2.422000e-10
1.523000000000000e+02	-2.423000e-10
1.524000000000000e+02	-2.424000e-10
1.525000000000000e+02	-2.425000e-10
1.526000000000000e+02	-2.426000e-10
1.527000000000000e+02	-2.427000e-10
1.528000000000000e+02	-2.428000e-10
1.529000000000000e+02	-2.429000e-10
1.530000000000000e+02	-2.430000e-10
1.531000000000000e+02	-2.431000e-10
1.532000000000000e+02	-2.432000e-10
1.533000000000000e+02	-2.433000e-10
1.534000000000000e+02	-2.434000e-10
1.535000000000000e+02	-2.435000e-10
1.536000000000000e+02	-2.436000e-10
1.537000000000000e+02	-2.437000e-10
1.538000000000000e+02	-2.438000e-10
1.539000000000000e+02	-2.439000e-10
1.540000000000000e+02	-2.440000e-10
1.541000000000000e+02	-2.441000e-10
1.542000000000000e+02	-2.442000e-10
1.543000000000000e+02	-2.443000e-10
1.544000000000000e+02	-2.444000e-10
1.545000000000000e+02	-2.445000e-10
1.546000000000000e+02	-2.446000e-10
1.547000000000000e+02	-2.447000e-10
1.548000000000000e+02	-2.448000e-10
1.549000000000000e+02	-2.449000e-10
1.550000000000000e+02	-2.450000e-10
1.551000000000000e+02	-2.451000e-10
1.552000000000000e+02	-2.452000e-10
1.553000000000000e+02	-2.453000e-10
1.554000000000000e+02	-2.454000e-10
1.555000000000000e+02	-2.455000e-10
1.556000000000000e+02	-2.456000e-10
1.557000000000000e+02	-2.457000e-10
1.558000000000000e+02	-2.458000e-10
1.559000000000000e+02	-2.459000e-10
1.560000000000000e+02	-2.460000e-10
1.561000000000000e+02	-2.461000e-10
1.562000000000000e+02	-2.462000e-10
1.563000000000000e+02	-2.463000e-10
1.564000000000000e+02	-2.464000e-10
1.565000000000000e+02	-2.465000e-10
1.566000000000000e+02	-2.466000e-10
1.567000000000000e+02	-2.467000e-10
1.568000000000000e+02	-2.468000e-10
1.569000000000000e+02	-2.469000e-10
1.570000000000000e+02	-2.470000e-10
1.571000000000000e+02	-2.471000e-10
1.572000000000000e+02	-2.472000e-10
1.573000000000000e+02	-2.473000e-10
1.574000000000000e+02	-2.474000e-10
1.575000000000000e+02	-2.475000e-10
1.576000000000000e+02	-2.476000e-10
1.577000000000000e+02	-2.477000e-10
1.578000000000000e+02	-2.478000e-10
1.579000000000000e+02	-2.479000e-10
1.580000000000000e+02	-2.480000e-10
1.581000000000000e+02	-2.481000e-10
1.582000000000000e+02	-2.482000e-10
1.583000000000000e+02	-2.483000e-10
1.584000000000000e+02	-2.484000e-10
1.585000000000000e+02	-2.485000e-10
1.586000000000000e+02	-2.486000e-10
1.587000000000000e+02	-2.487000e-10
1.588000000000000e+02	-2.488000e-10
1.589000000000000e+02	-2.489000e-10
1.590000000000000e+02	-2.490000e-10
1.591000000000000e+02	-2.491000e-10
1.592000000000000e+02	-2.492000e-10
1.593000000000000e+02	-2.493000e-10
1.594000000000000e+02	-2.494000e-10
1.595000000000000e+02	-2.495000e-10
1.596000000000000e+02	-2.496000e-10
1.597000000000000e+02	-2.497000e-10
1.598000000000000e+02	-2.498000e-10
1.599000000000000e+02	-2.499000e-10
1.600000000000000e+02	-2.500000e-10
1.601000000000000e+02	-2.501000e-10
1.602000000000000e+02	-2.502000e-10
1.603000000000000e+02	-2.503000e-10
1.604000000000000e+02	-2.504000e-10
1.605000000000000e+02	-2.505000e-10
1.606000000000000e+02	-2.506000e-10
1.607000000000000e+02	-2.507000e-10
1.608000000000000e+02	-2.508000e-10
1.609000000000000e+02	-2.509000e-10
1.610000000000000e+02	-2.510000e-10
1.611000000000000e+02	-2.511000e-10
1.612000000000000e+02	-2.512000e-10
1.613000000000000e+02	-2.513000e-10
1.614000000000000e+02	-2.514000e-10
1.615000000000000e+02	-2.515000e-10
1.616000000000000e+02	-2.516000e-10
1.617000000000000e+02	-2.517000e-10
1.618000000000000e+02	-2.518000e-10
1.619000000000000e+02	-2.519000e-10
1.620000000000000e+02	-2.520000e-10
1.621000000000000e+02	-2.521000e-10
1.622000000000000e+02	-2.522000e-10
1.623000000000000e+02	-2.523000e-10
1.624000000000000e+02	-2.524000e-10
1.625000000000000e+02	-2.525000e-10
1.626000000000000e+02	-2.526000e-10
1.627000000000000e+02	-2.527000e-10
1.628000000000000e+02	-2.528000e-10
1.629000000000000e+02	-2.529000e-10
1.630000000000000e+02	-2.530000e-10
1.631000000000000e+02	-2.531000e-10
1.632000000000000e+02	-2.532000e-10
1.633000000000000e+02	-2.533000e-10
1.634000000000000e+02	-2.534000e-10
1.635000000000000e+02	-2.535000e-10
1.636000000000000e+02	-2.536000e-10
1.637000000000000e+02	-2.537000e-10
1.638000000000000e+02	-2.538000e-10
1.639000000000000e+02	-2.539000e-10
1.640000000000000e+02	-2.540000e-10
1.641000000000000e+02	-2.541000e-10
1.642000000000000e+02	-2.542000e-10
1.643000000000000e+02	-2.543000e-10
1.644000000000000e+02	-2.544000e-10
1.645000000000000e+02	-2.545000e-10
1.646000000000000e+02	-2.546000e-10
1.647000000000000e+02	-2.547000e-10
1.648000000000000e+02	-2.548000e-10
1.649000000000000e+02	-2.549000e-10
1.650000000000000e+02	-2.550000e-10
1.651000000000000e+02	-2.551000e-10
1.652000000000000e+02	-2.552000e-10
1.653000000000000e+02	-2.553000e-10
1.654000000000000e+02	-2.554000e-10
1.655000000000000e+02	-2.555000e-10
1.656000000000000e+02	-2.556000e-10
1.657000000000000e+02	-2.557000e-10
1.658000000000000e+02	-2.558000e-10
1.659000000000000e+02	-2.559000e-10
1.660000000000000e+02	-2.560000e-10
1.661000000000000e+02	-2.561000e-10
1.662000000000000e+02	-2.562000e-10
1.663000000000000e+02	-2.563000e-10
1.664000000000000e+02	-2.564000e-10
1.665000000000000e+02	-2.565000e-10
1.666000000000000e+02	-2.566000e-10
1.667000000000000e+02	-2.567000e-10
1.668000000000000e+02	-2.568000e-10
1.669000000000000e+02	-2.569000e-10
1.670000000000000e+02	-2.570000e-10
1.671000000000000e+02	-2.571000e-10
1.672000000000000e+02	-2.572000e-10
1.673000000000000e+02	-2.573000e-10
1.674000000000000e+02	-2.574000e-10
1.675000000000000e+02	-2.575000e-10
1.676000000000000e+02	-2.576000e-10
1.677000000000000e+02	-2.577000e-10
1.678000000000000e+02	-2.578000e-10
1.679000000000000e+02	-2.579000e-10
1.680000000000000e+02	-2.580000e-10
1.681000000000000e+02	-2.581000e-10
1.682000000000000e+02	-2.582000e-10
1.683000000000000e+02	-2.583000e-10
1.684000000000000e+02	-2.584000e-10
1.685000000000000e+02	-2.585000e-10
1.686000000000000e+02	-2.586000e-10
1.687000000000000e+02	-2.587000e-10
1.688000000000000e+02	-2.588000e-10
1.689000000000000e+02	-2.589000e-10
1.690000000000000e+02	-2.590000e-10
1.691000000000000e+02	-2.591000e-10
1.692000000000000e+02	-2.592000e-10
1.693000000000000e+02	-2.593000e-10
1.694000000000000e+02	-2.594000e-10
1.695000000000000e+02	-2.595000e-10
1.696000000000000e+02	-2.596000e-10
1.697000000000000e+02	-2.597000e-10
1.698000000000000e+02	-2.598000e-10
1.699000000000000e+02	-2.599000e-10
1.700000000000000e+02	-2.600000e-10
1.701000000000000e+02	-2.601000e-10
1.702000000000000e+02	-2.602000e-10
1.703000000000000e+02	-2.603000e-10
1.704000000000000e+02	-2.604000e-10
1.705000000000000e+02	-2.605000e-10
1.706000000000000e+02	-2.606000e-10
1.707000000000000e+02	-2.607000e-10
1.708000000000000e+02	-2.608000e-10
1.709000000000000e+02	-2.609000e-10
1.710000000000000e+02	-2.610000e-10
1.711000000000000e+02	-2.611000e-10
1.712000000000000e+02	-2.612000e-10
1.713000000000000e+02	-2.613000e-10
1.714000000000000e+02	-2.614000e-10
1.715000000000000e+02	-2.615000e-10
1.716000000000000e+02	-2.616000e-10
1.717000000000000e+02	-2.617000e-10
1.718000000000000e+02	-2.618000e-10
1.719000000000000e+02	-2.619000e-10
1.720000000000000e+02	-2.620000e-10
1.721000000000000e+02	-2.621000e-10
1.722000000000000e+02	-2.622000e-10
1.723000000000000e+02	-2.623000e-10
1.724000000000000e+02	-2.624000e-10
1.725000000000000e+02	-2.625000e-10
1.726000000000000e+02	-2.626000e-10
1.727000000000000e+02	-2.627000e-10
1.728000000000000e+02	-2.628000e-10
1.729000000000000e+02	-2.629000e-10
1.730000000000000e+02	-2.630000e-10
1.731000000000000e+02	-2.631000e-10
1.732000000000000e+02	-2.632000e-10
1.733000000000000e+02	-2.633000e-10
1.734000000000000e+02	-2.634000e-10
1.735000000000000e+02	-2.635000e-10
1.736000000000000e+02	-2.636000e-10
1.737000000000000e+02	-2.637000e-10
1.738000000000000e+02	-2.638000e-10
1.739000000000000e+02	-2.639000e-10
1.740000000000000e+02	-2.640000e-10
1.741000000000000e+02	-2.641000e-10
1.742000000000000e+02	-2.642000e-10
1.743000000000000e+02	-2.643000e-10
1.744000000000000e+02	-2.644000e-10
1.745000000000000e+02	-2.645000e-10
1.746000000000000e+02	-2.646000e-10
1.747000000000000e+02	-2.647000e-10
1.748000000000000e+02	-2.648000e-10
1.749000000000000e+02	-2.649000e-10
1.750000000000000e+02	-2.650000e-10
1.751000000000000e+02	-2.651000e-10
1.752000000000000e+02	-2.652000e-10
1.753000000000000e+02	-2.653000e-10
1.754000000000000e+02	-2.654000e-10
1.755000000000000e+02	-2.655000e-10
1.756000000000000e+02	-2.656000e-10
1.757000000000000e+02	-2.657000e-10
1.758000000000000e+02	-2.658000e-10
1.759000000000000e+02	-2.659000e-10
1.760000000000000e+02	-2.660000e-10
1.761000000000000e+02	-2.661000e-10
1.762000000000000e+02	-2.662000e-10
1.763000000000000e+02	-2.663000e-10
1.764000000000000e+02	-2.664000e-10
1.765000000000000e+02	-2.665000e-10
1.766000000000000e+02	-2.666000e-10
1.767000000000000e+02	-2.667000e-10
1.768000000000000e+02	-2.668000e-10
1.769000000000000e+02	-2.669000e-10
1.770000000000000e+02	-2.670000e-10
1.771000000000000e+02	-2.671000e-10
1.772000000000000e+02	-2.672000e-10
1.773000000000000e+02	-2.673000e-10
1.774000000000000e+02	-2.674000e-10
1.775000000000000e+02	-2.675000e-10
1.776000000000000e+02	-2.676000e-10
1.777000000000000e+02	-2.677000e-10
1.778000000000000e+02	-2.678000e-10
1.779000000000000e+02	-2.679000e-10
1.780000000000000e+02	-2.680000e-10
1.781000000000000e+02	-2.681000e-10
1.782000000000000e+02	-2.682000e-10
1.783000000000000e+02	-2.683000e-10
1.784000000000000e+02	-2.684000e-10
1.785000000000000e+02	-2.685000e-10
1.786000000000000e+02	-2.686000e-10
1.787000000000000e+02	-2.687000e-10
1.788000000000000e+02	-2.688000e-10
1.789000000000000e+02	-2.689000e-10
1.790000000000000e+02	-2.690000e-10
1.791000000000000e+02	-2.691000e-10
1.792000000000000e+02	-2.692000e-10
1.793000000000000e+02	-2.693000e-10
1.794000000000000e+02	-2.694000e-10
1.795000000000000e+02	-2.695000e-10
1.796000000000000e+02	-2.696000e-10
1.797000000000000e+02	-2.697000e-10
1.798000000000000e+02	-2.698000e-10
1.799000000000000e+02	-2.699000e-10
1.800000000000000e+02	-2.700000e-10
1.801000000000000e+02	-2.701000e-10
1.802000000000000e+02	-2.702000e-10
1.803000000000000e+02	-2.703000e-10
1.804000000000000e+02	-2.704000e-10
1.805000000000000e+02	-2.705000e-10
1.806000000000000e+02	-2.706000e-10
1.807000000000000e+02	-2.707000e-10
1.808000000000000e+02	-2.708000e-10
1.809000000000000e+02	-2.709000e-10
1.810000000000000e+02	-2.710000e-10
1.811000000000000e+02	-2.711000e-10
1.812000000000000e+02	-2.712000e-10
1.813000000000000e+02	-2.713000e-10
1.814000000000000e+02	-2.714000e-10
1.815000000000000e+02	-2.715000e-10
1.816000000000000e+02	-2.716000e-10
1.817000000000000e+02	-2.717000e-10
1.818000000000000e+02	-2.718000e-10
1.819000000000000e+02	-2.719000e-10
1.820000000000000e+02	-2.720000e-10
1.821000000000000e+02	-2.721000e-10
1.822000000000000e+02	-2.722000e-10
1.823000000000000e+02	-2.723000e-10
1.824000000000000e+02	-2.724000e-10
1.825000000000000e+02	-2.725000e-10
1.826000000000000e+02	-2.726000e-10
1.827000000000000e+02	-2.727000e-10
1.828000000000000e+02	-2.728000e-10
1.829000000000000e+02	-2.729000e-10
1.830000000000000e+02	-2.730000e-10
1.831000000000000e+02	-2.731000e-10
1.832000000000000e+02	-2.732000e-10
1.833000000000000e+02	-2.733000e-10
1.834000000000000e+02	-2.734000e-10
1.835000000000000e+02	-2.735000e-10
1.836000000000000e+02	-2.736000e-10
1.837000000000000e+02	-2.737000e-10
1.838000000000000e+02	-2.738000e-10
1.839000000000000e+02	-2.739000e-10
1.840000000000000e+02	-2.740000e-10
1.841000000000000e+02	-2.741000e-10
1.842000000000000e+02	-2.742000e-10
1.843000000000000e+02	-2.743000e-10
1.844000000000000e+02	-2.744000e-10
1.845000000000000e+02	-2.745000e-10
1.846000000000000e+02	-2.746000e-10
1.847000000000000e+02	-2.747000e-10
1.848000000000000e+02	-2.748000e-10
1.849000000000000e+02	-2.749000e-10
1.850000000000000e+02	-2.750000e-10
1.851000000000000e+02	-2.751000e-10
1.852000000000000e+02	-2.752000e-10
1.853000000000000e+02	-2.753000e-10
1.854000000000000e+02	-2.754000e-10
1.855000000000000e+02	-2.755000e-10
1.856000000000000e+02	-2.756000e-10
1.857000000000000e+02	-2.757000e-10
1.858000000000000e+02	-2.758000e-10
1.859000000000000e+02	-2.759000e-10
1.860000000000000e+02	-2.760000e-10
1.861000000000000e+02	-2.761000e-10
1.862000000000000e+02	-2.762000e-10
1.863000000000000e+02	-2.763000e-10
1.864000000000000e+02	-2.764000e-10
1.865000000000000e+02	-2.765000e-10
1.866000000000000e+02	-2.766000e-10
1.867000000000000e+02	-2.767000e-10
1.868000000000000e+02	-2.768000e-10
1.869000000000000e+02	-2.769000e-10
1.870000000000000e+02	-2.770000e-10
1.871000000000000e+02	-2.771000e-10
1.872000000000000e+02	-2.772000e-10
1.873000000000000e+02	-2.773000e-10
1.874000000000000e+02	-2.774000e-10
1.875000000000000e+02	-2.775000e-10
1.876000000000000e+02	-2.776000e-10
1.877000000000000e+02	-2.777000e-10
1.878000000000000e+02	-2.778000e-10
1.879000000000000e+02	-2.779000e-10
1.880000000000000e+02	-2.780000e-10
1.881000000000000e+02	-2.781000e-10
1.882000000000000e+02	-2.782000e-10
1.883000000000000e+02	-2.783000e-10
1.884000000000000e+02	-2.784000e-10
1.885000000000000e+02	-2.785000e-10
1.886000000000000e+02	-2.786000e-10
1.887000000000000e+02	-2.787000e-10
1.888000000000000e+02	-2.788000e-10
1.889000000000000e+02	-2.789000e-10
1.890000000000000e+02	-2.790000e-10
1.891000000000000e+02	-2.791000e-10
1.892000000000000e+02	-2.792000e-10
1.893000000000000e+02	-2.793000e-10
1.894000000000000e+02	-2.794000e-10
1.895000000000000e+02	-2.795000e-10
1.896000000000000e+02	-2.796000e-10
1.897000000000000e+02	-2.797000e-10
1.898000000000000e+02	-2.798000e-10
1.899000000000000e+02	-2.799000e-10
1.900000000000000e+02	-2.800000e-10
1.901000000000000e+02	-2.801000e-10
1.902000000000000e+02	-2.802000e-10
1.903000000000000e+02	-2.803000e-10
1.904000000000000e+02	-2.804000e-10
1.905000000000000e+02	-2.805000e-10
1.906000000000000e+02	-2.806000e-10
1.907000000000000e+02	-2.807000e-10
1.908000000000000e+02	-2.808000e-10
1.909000000000000e+02	-2.809000e-10
1.910000000000000e+02	-2.810000e-10
1.911000000000000e+02	-2.811000e-10
1.912000000000000e+02	-2.812000e-10
1.913000000000000e+02	-2.813000e-10
1.914000000000000e+02	-2.814000e-10
1.915000000000000e+02	-2.815000e-10
1.916000000000000e+02	-2.816000e-10
1.917000000000000e+02	-2.817000e-10
1.918000000000000e+02	-2.818000e-10
1.919000000000000e+02	-2.819000e-10
1.920000000000000e+02	-2.820000e-10
1.921000000000000e+02	-2.821000e-10
1.922000000000000e+02	-2.822000e-10
1.923000000000000e+02	-2.823000e-10
1.924000000000000e+02	-2.824000e-10
1.925000000000000e+02	-2.825000e-10
1.926000000000000e+02	-2.826000e-10
1.927000000000000e+02	-2.827000e-10
1.928000000000000e+02	-2.828000e-10
1.929000000000000e+02	-2.829000e-10
1.930000000000000e+02	-2.830000e-10
1.931000000000000e+02	-2.831000e-10
1.932000000000000e+02	-2.832000e-10
1.933000000000000e+02	-2.833000e-10
1.934000000000000e+02	-2.834000e-10
1.935000000000000e+02	-2.835000e-10
1.936000000000000e+02	-2.836000e-10
1.937000000000000e+02	-2.837000e-10
1.938000000000000e+02	-2.838000e-10
1.939000000000000e+02	-2.839000e-10
1.940000000000000e+02	-2.840000e-10
1.941000000000000e+02	-2.841000e-10
1.942000000000000e+02	-2.842000e-10
1.943000000000000e+02	-2.843000e-10
1.944000000000000e+02	-2.844000e-10
1.945000000000000e+02	-2.845000e-10
1.946000000000000e+02	-2.846000e-10
1.947000000000000e+02	-2.847000e-10
1.948000000000000e+02	-2.848000e-10
1.949000000000000e+02	-2.849000e-10
1.950000000000000e+02	-2.850000e-10
1.951000000000000e+02	-2.851000e-10
1.952000000000000e+02	-2.852000e-10
1.953000000000000e+02	-2.853000e-10
1.954000000000000e+02	-2.854000e-10
1.955000000000000e+02	-2.855000e-10
1.956000000000000e+02	-2.856000e-10
1.957000000000000e+02	-2.857000e-10
1.958000000000000e+02	-2.858000e-10
1.959000000000000e+02	-2.859000e-10
1.960000000000000e+02	-2.860000e-10
1.961000000000000e+02	-2.861000e-10
1.962000000000000e+02	-2.862000e-10
1.963000000000000e+02	-2.863000e-10
1.964000000000000e+02	-2.864000e-10
1.965000000000000e+02	-2.865000e-10
1.966000000000000e+02	-2.866000e-10
1.967000000000000e+02	-2.867000e-10
1.968000000000000e+02	-2.868000e-10
1.969000000000000e+02	-2.869000e-10
1.970000000000000e+02	-2.870000e-10
1.971000000000000e+02	-2.871000e-10
1.972000000000000e+02	-2.872000e-10
1.973000000000000e+02	-2.873000e-10
1.974000000000000e+02	-2.874000e-10
1.975000000000000e+02	-2.875000e-10
1.976000000000000e+02	-2.876000e-10
1.977000000000000e+02	-2.877000e-10
1.978000000000000e+02	-2.878000e-10
1.979000000000000e+02	-2.879000e-10
1.980000000000000e+02	-2.880000e-10
1.981000000000000e+02	-2.881000e-10
1.982000000000000e+02	-2.882000e-10
1.983000000000000e+02	-2.883000e-10
1.984000000000000e+02	-2.884000e-10
1.985000000000000e+02	-2.885000e-10
1.986000000000000e+02	-2.886000e-10
1.987000000000000e+02	-2.887000e-10
1.988000000000000e+02	-2.888000e-10
1.989000000000000e+02	-2.889000e-10
1.990000000000000e+02	-2.890000e-10
1.991000000000000e+02	-2.891000e-10
1.992000000000000e+02	-2.892000e-10
1.993000000000000e+02	-2.893000e-10
1.994000000000000e+02	-2.894000e-10
1.995000000000000e+02	-2.895000e-10
1.996000000000000e+02	-2.896000e-10
1.997000000000000e+02	-2.897000e-10
1.998000000000000e+02	-2.898000e-10
1.999000000000000e+02	-2.899000e-10
2.000000000000000e+02	-2.900000e-10
2.001000000000000e+02	-2.901000e-10
2.002000000000000e+02	-2.902000e-10
2.003000000000000e+02	-2.903000e-10
2.004000000000000e+02	-2.904000e-10
2.005000000000000e+02	-2.905000e-10
2.006000000000000e+02	-2.906000e-10
2.007000000000000e+02	-2.907000e-10
2.008000000000000e+02	-2.908000e-10
2.009000000000000e+02	-2.909000e-10
2.010000000000000e+02	-2.910000e-10
2.011000000000000e+02	-2.911000e-10
2.012000000000000e+02	-2.912000e-10
2.013000000000000e+02	-2.913000e-10
2.014000000000000e+02	-2.914000e-10
2.015000000000000e+02	-2.915000e-10
2.016000000000000e+02	-2.916000e-10
2.017000000000000e+02	-2.917000e-10
2.018000000000000e+02	-2.918000e-10
2.019000000000000e+02	-2.919000e-10
2.020000000000000e+02	-2.920000e-10
2.021000000000000e+02	-2.921000e-10
2.022000000000000e+02	-2.922000e-10
2.023000000000000e+02	-2.923000e-10
2.024000000000000e+02	-2.924000e-10
2.025000000000000e+02	-2.925000e-10
2.026000000000000e+02	-2.926000e-10
2.027000000000000e+02	-2.927000e-10
2.028000000000000e+02	-2.928000e-10
2.029000000000000e+02	-2.929000e-10
2.030000000000000e+02	-2.930000e-10
2.031000000000000e+02	-2.931000e-10
2.032000000000000e+02	-2.932000e-10
2.033000000000000e+02	-2.933000e-10
2.034000000000000e+02	-2.934000e-10
2.035000000000000e+02	-2.935000e-10
2.036000000000000e+02	-2.936000e-10
2.037000000000000e+02	-2.937000e-10
2.038000000000000e+02	-2.938000e-10
2.039000000000000e+02	-2.939000e-10
2.040000000000000e+02	-2.940000e-10
2.041000000000000e+02	-2.941000e-10
2.042000000000000e+02	-2.942000e-10
2.043000000000000e+02	-2.943000e-10
2.044000000000000e+02	-2.944000e-10
2.045000000000000e+02	-2.945000e-10
2.046000000000000e+02	-2.946000e-10
2.047000000000000e+02	-2.947000e-10
2.048000000000000e+02	-2.948000e-10
2.049000000000000e+02	-2.949000e-10
2.050000000000000e+02	-2.950000e-10
2.051000000000000e+02	-2.951000e-10
2.052000000000000e+02	-2.952000e-10
2.053000000000000e+02	-2.953000e-10
2.054000000000000e+02	-2.954000e-10
2.055000000000000e+02	-2.955000e-10
2.056000000000000e+02	-2.956000e-10
2.057000000000000e+02	-2.957000e-10
2.058000000000000e+02	-2.958000e-10
2.059000000000000e+02	-2.959000e-10
2.060000000000000e+02	-2.960000e-10
2.061000000000000e+02	-2.961000e-10
2.062000000000000e+02	-2.962000e-10
2.063000000000000e+02	-2.963000e-10
2.064000000000000e+02	-2.964000e-10
2.065000000000000e+02	-2.965000e-10
2.066000000000000e+02	-2.966000e-10
2.067000000000000e+02	-2.967000e-10
2.068000000000000e+02	-2.968000e-10
2.069000000000000e+02	-2.969000e-10
2.070000000000000e+02	-2.970000e-10
2.071000000000000e+02	-2.971000e-10
2.072000000000000e+02	-2.972000e-10
2.073000000000000e+02	-2.973000e-10
2.074000000000000e+02	-2.974000e-10
2.075000000000000e+02	-2.975000e-10
2.076000000000000e+02	-2.976000e-10
2.077000000000000e+02	-2.977000e-10
2.078000000000000e+02	-2.978000e-10
2.079000000000000e+02	-2.979000e-10
2.080000000000000e+02	-2.980000e-10
2.081000000000000e+02	-2.981000e-10
2.082000000000000e+02	-2.982000e-10
2.083000000000000e+02	-2.983000e-10
2.084000000000000e+02	-2.984000e-10
2.085000000000000e+02	-2.985000e-10
2.086000000000000e+02	-2.986000e-10
2.087000000000000e+02	-2.987000e-10
2.088000000000000e+02	-2.988000e-10
2.089000000000000e+02	-2.989000e-10
2.090000000000000e+02	-2.990000e-10
2.091000000000000e+02	-2.991000e-10
2.092000000000000e+02	-2.992000e-10
2.093000000000000e+02	-2.993000e-10
2.094000000000000e+02	-2.994000e-10
2.095000000000000e+02	-2.995000e-10
2.096000000000000e+02	-2.996000e-10
2.097000000000000e+02	-2.997000e-10
2.098000000000000e+02	-2.998000e-10
2.099000000000000e+02	-2.999000e-10
2.100000000000000e+02	-3.000000e-10
2.101000000000000e+02	-3.001000e-10
2.102000000000000e+02	-3.002000e-10
2.103000000000000e+02	-3.003000e-10
2.104000000000000e+02	-3.004000e-10
2.105000000000000e+02	-3.005000e-10
2.106000000000000e+02	-3.006000e-10
2.107000000000000e+02	-3.007000e-10
2.108000000000000e+02	-3.008000e-10
2.109000000000000e+02	-3.009000e-10
2.110000000000000e+02	-3.010000e-10
2.111000000000000e+02	-3.011000e-10
2.112000000000000e+02	-3.012000e-10
2.113000000000000e+02	-3.013000e-10
2.114000000000000e+02	-3.014000e-10
2.115000000000000e+02	-3.015000e-10
2.116000000000000e+02	-3.016000e-10
2.117000000000000e+02	-3.017000e-10
2.118000000000000e+02	-3.018000e-10
2.119000000000000e+02	-3.019000e-10
2.120000000000000e+02	-3.020000e-10
2.121000000000000e+02	-3.021000e-10
2.122000000000000e+02	-3.022000e-10
2.123000000000000e+02	-3.023000e-10
2.124000000000000e+02	-3.024000e-10
2.125000000000000e+02	-3.025000e-10
2.126000000000000e+02	-3.026000e-10
2.127000000000000e+02	-3.027000e-10
2.128000000000000e+02	-3.028000e-10
2.129000000000000e+02	-3.029000e-10
2.130000000000000e+02	-3.030000e-10
2.131000000000000e+02	-3.031000e-10
2.132000000000000e+02	-3.032000e-10
2.133000000000000e+02	-3.033000e-10
2.134000000000000e+02	-3.034000e-10
2.135000000000000e+02	-3.035000e-10
2.136000000000000e+02	-3.036000e-10
2.137000000000000e+02	-3.037000e-10
2.138000000000000e+02	-3.038000e-10
2.139000000000000e+02	-3.039000e-10
2.140000000000000e+02	-3.040000e-10
2.141000000000000e+02	-3.041000e-10
2.142000000000000e+02	-3.042000e-10
2.143000000000000e+02	-3.043000e-10
2.144000000000000e+02	-3.044000e-10
2.145000000000000e+02	-3.045000e-10
2.146000000000000e+02	-3.046000e-10
2.147000000000000e+02	-3.047000e-10
2.148000000000000e+02	-3.048000e-10
2.149000000000000e+02	-3.049000e-10
2.150000000000000e+02	-3.050000e-10
2.151000000000000e+02	-3.051000e-10
2.152000000000000e+02	-3.052000e-10
2.153000000000000e+02	-3.053000e-10
2.154000000000000e+02	-3.054000e-10
2.155000000000000e+02	-3.055000e-10
2.156000000000000e+02	-3.056000e-10
2.157000000000000e+02	-3.057000e-10
2.158000000000000e+02	-3.058000e-10
2.159000000000000e+02	-3.059000e-10
2.160000000000000e+02	-3.060000e-10
2.161000000000000e+02	-3.061000e-10
2.162000000000000e+02	-3.062000e-10
2.163000000000000e+02	-3.063000e-10
2.164000000000000e+02	-3.064000e-10
2.165000000000000e+02	-3.065000e-10
2.166000000000000e+02	-3.066000e-10
2.167000000000000e+02	-3.067000e-10
2.168000000000000e+02	-3.068000e-10
2.169000000000000e+02	-3.069000e-10
2.170000000000000e+02	-3.070000e-10
2.171000000000000e+02	-3.071000e-10
2.172000000000000e+02	-3.072000e-10
2.173000000000000e+02	-3.073000e-10
2.174000000000000e+02	-3.074000e-10
2.175000000000000e+02	-3.075000e-10
2.176000000000000e+02	-3.076000e-10
2.177000000000000e+02	-3.077000e-10
2.178000000000000e+02	-3.078000e-10
2.179000000000000e+02	-3.079000e-10
2.180000000000000e+02	-3.080000e-10
2.181000000000000e+02	-3.081000e-10
2.182000000000000e+02	-3.082000e-10
2.183000000000000e+02	-3.083000e-10
2.184000000000000e+02	-3.084000e-10
2.185000000000000e+02	-3.085000e-10
2.186000000000000e+02	-3.086000e-10
2.187000000000000e+02	-3.087000e-10
2.188000000000000e+02	-3.088000e-10
2.189000000000000e+02	-3.089000e-10
2.190000000000000e+02	-3.090000e-10
2.191000000000000e+02	-3.091000e-10
2.192000000000000e+02	-3.092000e-10
2.193000000000000e+02	-3.093000e-10
2.194000000000000e+02	-3.094000e-10
2.195000000000000e+02	-3.095000e-10
2.196000000000000e+02	-3.096000e-10
2.197000000000000e+02	-3.097000e-10
2.198000000000000e+02	-3.098000e-10
2.199000000000000e+02	-3.099000e-10
2.200000000000000e+02	-3.100000e-10
2.201000000000000e+02	-3.101000e-10
2.202000000000000e+02	-3.102000e-10
2.203000000000000e+02	-3.103000e-10
2.204000000000000e+02	-3.104000e-10
2.205000000000000e+02	-3.105000e-10
2.206000000000000e+02	-3.106000e-10
2.207000000000000e+02	-3.107000e-10
2.208000000000000e+02	-3.108000e-10
2.209000000000000e+02	-3.109000e-10
2.210000000000000e+02	-3.110000e-10
2.211000000000000e+02	-3.111000e-10
2.212000000000000e+02	-3.112000e-10
2.213000000000000e+02	-3.113000e-10
2.214000000000000e+02	-3.114000e-10
2.215000000000000e+02	-3.115000e-10
2.216000000000000e+02	-3.116000e-10
2.217000000000000e+02	-3.117000e-10
2.218000000000000e+02	-3.118000e-10
2.219000000000000e+02	-3.119000e-10
2.220000000000000e+02	-3.120000e-10
2.221000000000000e+02	-3.121000e-10
2.222000000000000e+02	-3.122000e-10
2.223000000000000e+02	-3.123000e-10
2.224000000000000e+02	-3.124000e-10
2.225000000000000e+02	-3.125000e-10
2.226000000000000e+02	-3.126000e-10
2.227000000000000e+02	-3.127000e-10
2.228000000000000e+02	-3.128000e-10
2.229000000000000e+02	-3.129000e-10
2.230000000000000e+02	-3.130000e-10
2.231000000000000e+02	-3.131000e-10
2.232000000000000e+02	-3.132000e-10
2.233000000000000e+02	-3.133000e-10
2.234000000000000e+02	-3.134000e-10
2.235000000000000e+02	-3.135000e-10
2.236000000000000e+02	-3.136000e-10
2.237000000000000e+02	-3.137000e-10
2.238000000000000e+02	-3.138000e-10
2.239000000000000e+02	-3.139000e-10
2.240000000000000e+02	-3.140000e-10
2.241000000000000e+02	-3.141000e-10
2.242000000000000e+02	-3.142000e-10
2.243000000000000e+02	-3.143000e-10
2.244000000000000e+02	-3.144000e-10
2.245000000000000e+02	-3.145000e-10
2.246000000000000e+02	-3.146000e-10
2.247000000000000e+02	-3.147000e-10
2.248000000000000e+02	-3.148000e-10
2.249000000000000e+02	-3.149000e-10
2.250000000000000e+02	-3.150000e-10
2.251000000000000e+02	-3.151000e-10
2.252000000000000e+02	-3.152000e-10
2.253000000000000e+02	-3.153000e-10
2.254000000000000e+02	-3.154000e-10
2.255000000000000e+02	-3.155000e-10
2.256000000000000e+02	-3.156000e-10
2.257000000000000e+02	-3.157000e-10
2.258000000000000e+02	-3.158000e-10
2.259000000000000e+02	-3.159000e-10
2.260000000000000e+02	-3.160000e-10
2.261000000000000e+02	-3.161000e-10
2.262000000000000e+02	-3.162000e-10
2.263000000000000e+02	-3.163000e-10
2.264000000000000e+02	-3.164000e-10
2.265000000000000e+02	-3.165000e-10
2.266000000000000e+02	-3.166000e-10
2.267000000000000e+02	-3.167000e-10
2.268000000000000e+02	-3.168000e-10
2.269000000000000e+02	-3.169000e-10
2.270000000000000e+02	-3.170000e-10
2.271000000000000e+02	-3.171000e-10
2.272000000000000e+02	-3.172000e-10
2.273000000000000e+02	-3.173000e-10
2.274000000000000e+02	-3.174000e-10
2.275000000000000e+02	-3.175000e-10
2.276000000000000e+02	-3.176000e-10
2.277000000000000e+02	-3.177000e-10
2.278000000000000e+02	-3.178000e-10
2.279000000000000e+02	-3.179000e-10
2.280000000000000e+02	-3.180000e-10
2.281000000000000e+02	-3.181000e-10
2.282000000000000e+02	-3.182000e-10
2.283000000000000e+02	-3.183000e-10
2.284000000000000e+02	-3.184000e-10
2.285000000000000e+02	-3.185000e-10
2.286000000000000e+02	-3.186000e-10
2.287000000000000e+02	-3.187000e-10
2.288000000000000e+02	-3.188000e-10
2.289000000000000e+02	-3.189000e-10
2.290000000000000e+02	-3.190000e-10
2.291000000000000e+02	-3.191000e-10
2.292000000000000e+02	-3.192000e-10
2.293000000000000e+02	-3.193000e-10
2.294000000000000e+02	-3.194000e-10
2.295000000000000e+02	-3.195000e-10
2.296000000000000e+02	-3.196000e-10
2.297000000000000e+02	-3.197000e-10
2.298000000000000e+02	-3.198000e-10
2.299000000000000e+02	-3.199000e-10
2.300000000000000e+02	-3.200000e-10
2.301000000000000e+02	-3.201000e-10
2.302000000000000e+02	-3.202000e-10
2.303000000000000e+02	-3.203000e-10
2.304000000000000e+02	-3.204000e-10
2.305000000000000e+02	-3.205000e-10
2.306000000000000e+02	-3.206000e-10
2.307000000000000e+02	-3.207000e-10
2.308000000000000e+02	-3.208000e-10
2.309000000000000e+02	-3.209000e-10
2.310000000000000e+02	-3.210000e-10
2.311000000000000e+02	-3.211000e-10
2.312000000000000e+02	-3.212000e-10
2.313000000000000e+02	-3.213000e-10
2.314000000000000e+02	-3.214000e-10
2.315000000000000e+02	-3.215000e-10
2.316000000000000e+02	-3.216000e-10
2.317000000000000e+02	-3.217000e-10
2.318000000000000e+02	-3.218000e-10
2.319000000000000e+02	-3.219000e-10
2.320000000000000e+02	-3.220000e-10
2.321000000000000e+02	-3.221000e-10
2.322000000000000e+02	-3.222000e-10
2.323000000000000e+02	-3.223000e-10
2.324000000000000e+02	-3.224000e-10
2.325000000000000e+02	-3.225000e-10
2.326000000000000e+02	-3.226000e-10
2.327000000000000e+02	-3.227000e-10
2.328000000000000e+02	-3.228000e-10
2.329000000000000e+02	-3.229000e-10
2.330000000000000e+02	-3.230000e-10
2.331000000000000e+02	-3.231000e-10
2.332000000000000e+02	-3.232000e-10
2.333000000000000e+02	-3.233000e-10
2.334000000000000e+02	-3.234000e-10
2.335000000000000e+02	-3.235000e-10
2.336000000000000e+02	-3.236000e-10
2.337000000000000e+02	-3.237000e-10
2.338000000000000e+02	-3.238000e-10
2.339000000000000e+02	-3.239000e-10
2.340000000000000e+02	-3.240000e-10
2.341000000000000e+02	-3.241000e-10
2.342000000000000e+02	-3.242000e-10
2.343000000000000e+02	-3.243000e-10
2.344000000000000e+02	-3.244000e-10
2.345000000000000e+02	-3.245000e-10
2.346000000000000e+02	-3.246000e-10
2.347000000000000e+02	-3.247000e-10
2.348000000000000e+02	-3.248000e-10
2.349000000000000e+02	-3.249000e-10
2.350000000000000e+02	-3.250000e-10
2.351000000000000e+02	-3.251000e-10
2.352000000000000e+02	-3.252000e-10
2.353000000000000e+02	-3.253000e-10
2.354000000000000e+02	-3.254000e-10
2.355000000000000e+02	-3.255000e-10
2.356000000000000e+02	-3.256000e-10
2.357000000000000e+02	-3.257000e-10
2.358000000000000e+02	-3.258000e-10
2.359000000000000e+02	-3.259000e-10
2.360000000000000e+02	-3.260000e-10
2.361000000000000e+02	-3.261000e-10
2.362000000000000e+02	-3.262000e-10
2.363000000000000e+02	-3.263000e-10
2.364000000000000e+02	-3.264000e-10
2.365000000000000e+02	-3.265000e-10
2.366000000000000e+02	-3.266000e-10
2.367000000000000e+02	-3.267000e-10
2.368000000000000e+02	-3.268000e-10
2.369000000000000e+02	-3.269000e-10
2.370000000000000e+02	-3.270000e-10
2.371000000000000e+02	-3.271000e-10
2.372000000000000e+02	-3.272000e-10
2.373000000000000e+02	-3.273000e-10
2.374000000000000e+02	-3.274000e-10
2.375000000000000e+02	-3.275000e-10
2.376000000000000e+02	-3.276000e-10
2.377000000000000e+02	-3.277000e-10
2.378000000000000e+02	-3.278000e-10
2.379000000000000e+02	-3.279000e-10
2.380000000000000e+02	-3.280000e-10
2.381000000000000e+02	-3.281000e-10
2.382000000000000e+02	-3.282000e-10
2.383000000000000e+02	-3.283000e-10
2.384000000000000e+02	-3.284000e-10
2.385000000000000e+02	-3.285000e-10
2.386000000000000e+02	-3.286000e-10
2.387000000000000e+02	-3.287000e-10
2.388000000000000e+02	-3.288000e-10
2.389000000000000e+02	-3.289000e-10
2.390000000000000e+02	-3.290000e-10
2.391000000000000e+02	-3.291000e-10
2.392000000000000e+02	-3.292000e-10
2.393000000000000e+02	-3.293000e-10
2.394000000000000e+02	-3.294000e-10
2.395000000000000e+02	-3.295000e-10
2.396000000000000e+02	-3.296000e-10
2.397000000000000e+02	-3.297000e-10
2.398000000000000e+02	-3.298000e-10
2.399000000000000e+02	-3.299000e-10
2.400000000000000e+02	-3.300000e-10
2.401000000000000e+02	-3.301000e-10
2.402000000000000e+02	-3.302000e-10
2.403000000000000e+02	-3.303000e-10
2.404000000000000e+02	-3.304000e-10
2.405000000000000e+02	-3.305000e-10
2.406000000000000e+02	-3.306000e-10
2.407000000000000e+02	-3.307000e-10
2.408000000000000e+02	-3.308000e-10
2.409000000000000e+02	-3.309000e-10
2.410000000000000e+02	-3.310000e-10
2.411000000000000e+02	-3.311000e-10
2.412000000000000e+02	-3.312000e-10
2.413000000000000e+02	-3.313000e-10
2.414000000000000e+02	-3.314000e-10
2.415000000000000e+02	-3.315000e-10
2.416000000000000e+02	-3.316000e-10
2.417000000000000e+02	-3.317000e-10
2.418000000000000e+02	-3.318000e-10
2.419000000000000e+02	-3.319000e-10
2.420000000000000e+02	-3.320000e-10
2.421000000000000e+02	-3.321000e-10
2.422000000000000e+02	-3.322000e-10
2.423000000000000e+02	-3.323000e-10
2.424000000000000e+02	-3.324000e-10
2.425000000000000e+02	-3.325000e-10
2.426000000000000e+02	-3.326000e-10
2.427000000000000e+02	-3.327000e-10
2.428000000000000e+02	-3.328000e-10
2.429000000000000e+02	-3.329000e-10
2.430000000000000e+02	-3.330000e-10
2.431000000000000e+02	-3.331000e-10
2.432000000000000e+02	-3.332000e-10
2.433000000000000e+02	-3.333000e-10
2.434000000000000e+02	-3.334000e-10
2.435000000000000e+02	-3.335000e-10
2.436000000000000e+02	-3.336000e-10
2.437000000000000e+02	-3.337000e-10
2.438000000000000e+02	-3.338000e-10
2.439000000000000e+02	-3.339000e-10
2.440000000000000e+02	-3.340000e-10
2.441000000000000e+02	-3.341000e-10
2.442000000000000e+02	-3.342000e-10
2.443000000000000e+02	-3.343000e-10
2.444000000000000e+02	-3.344000e-10
2.445000000000000e+02	-3.345000e-10
2.446000000000000e+02	-3.346000e-10
2.447000000000000e+02	-3.347000e-10
2.448000000000000e+02	-3.348000e-10
2.449000000000000e+02	-3.349000e-10
2.450000000000000e+02	-3.350000e-10
2.451000000000000e+02	-3.351000e-10
2.452000000000000e+02	-3.352000e-10
2.453000000000000e+02	-3.353000e-10
2.454000000000000e+02	-3.354000e-10
2.455000000000000e+02	-3.355000e-10
2.456000000000000e+02	-3.356000e-10
2.457000000000000e+02	-3.357000e-10
2.458000000000000e+02	-3.358000e-10
2.459000000000000e+02	-3.359000e-10
2.460000000000000e+02	-3.360000e-10
2.461000000000000e+02	-3.361000e-10
2.462000000000000e+02	-3.362000e-10
2.463000000000000e+02	-3.363000e-10
2.464000000000000e+02	-3.364000e-10
2.465000000000000e+02	-3.365000e-10
2.466000000000000e+02	-3.366000e-10
2.467000000000000e+02	-3.367000e-10
2.468000000000000e+02	-3.368000e-10
2.469000000000000e+02	-3.369000e-10
2.470000000000000e+02	-3.370000e-10
2.471000000000000e+02	-3.371000e-10
2.472000000000000e+02	-3.372000e-10
2.473000000000000e+02	-3.373000e-10
2.474000000000000e+02	-3.374000e-10
2.475000000000000e+02	-3.375000e-10
2.476000000000000e+02	-3.376000e-10
2.477000000000000e+02	-3.377000e-10
2.478000000000000e+02	-3.378000e-10
2.479000000000000e+02	-3.379000e-10
2.480000000000000e+02	-3.380000e-10
2.481000000000000e+02	-3.381000e-10
2.482000000000000e+02	-3.382000e-10
2.483000000000000e+02	-3.383000e-10
2.484000000000000e+02	-3.384000e-10
2.485000000000000e+02	-3.385000e-10
2.486000000000000e+02	-3.386000e-10
2.487000000000000e+02	-3.387000e-10
2.488000000000000e+02	-3.388000e-10
2.489000000000000e+02	-3.389000e-10
2.490000000000000e+02	-3.390000e-10
2.491000000000000e+02	-3.391000e-10
2.492000000000000e+02	-3.392000e-10
2.493000000000000e+02	-3.393000e-10
2.494000000000000e+02	-3.394000e-10
2.495000000000000e+02	-3.395000e-10
2.496000000000000e+02	-3.396000e-10
2.497000000000000e+02	-3.397000e-10
2.498000000000000e+02	-3.398000e-10
2.499000000000000e+02	-3.399000e-10
2.500000000000000e+02	-3.400000e-10
2.501000000000000e+02	-3.401000e-10
2.502000000000000e+02	-3.402000e-10
2.503000000000000e+02	-3.403000e-10
2.504000000000000e+02	-3.404000e-10
2.505000000000000e+02	-3.405000e-10
2.506000000000000e+02	-3.406000e-10
2.507000000000000e+02	-3.407000e-10
2.508000000000000e+02	-3.408000e-10
2.509000000000000e+02	-3.409000e-10
2.510000000000000e+02	-3.410000e-10
2.511000000000000e+02	-3.411000e-10
2.512000000000000e+02	-3.412000e-10
2.513000000000000e+02	-3.413000e-10
2.514000000000000e+02	-3.414000e-10
2.515000000000000e+02	-3.415000e-10
2.516000000000000e+02	-3.416000e-10
2.517000000000000e+02	-3.417000e-10
2.518000000000000e+02	-3.418000e-10
2.519000000000000e+02	-3.419000e-10
2.520000000000000e+02	-3.420000e-10
2.521000000000000e+02	-3.421000e-10
2.522000000000000e+02	-3.422000e-10
2.523000000000000e+02	-3.423000e-10
2.524000000000000e+02	-3.424000e-10
2.525000000000000e+02	-3.425000e-10
2.526000000000000e+02	-3.426000e-10
2.527000000000000e+02	-3.427000e-10
2.528000000000000e+02	-3.428000e-10
2.529000000000000e+02	-3.429000e-10
2.530000000000000e+02	-3.430000e-10
2.531000000000000e+02	-3.431000e-10
2.532000000000000e+02	-3.432000e-10
2.533000000000000e+02	-3.433000e-10
2.534000000000000e+02	-3.434000e-10
2.535000000000000e+02	-3.435000e-10
2.536000000000000e+02	-3.436000e-10
2.537000000000000e+02	-3.437000e-10
2.538000000000000e+02	-3.438000e-10
2.539000000000000e+02	-3.439000e-10
2.540000000000000e+02	-3.440000e-10
2.541000000000000e+02	-3.441000e-10
2.542000000000000e+02	-3.442000e-10
2.543000000000000e+02	-3.443000e-10
2.544000000000000e+02	-3.444000e-10
2.545000000000000e+02	-3.445000e-10
2.546000000000000e+02	-3.446000e-10
2.547000000000000e+02	-3.447000e-10
2.548000000000000e+02	-3.448000e-10
2.549000000000000e+02	-3.449000e-10
2.550000000000000e+02	-3.450000e-10
2.551000000000000e+02	-3.451000e-10
2.552000000000000e+02	-3.452000e-10
2.553000000000000e+02	-3.453000e-10
2.554000000000000e+02	-3.454000e-10
2.555000000000000e+02	-3.455000e-10
2.556000000000000e+02	-3.456000e-10
2.557000000000000e+02	-3.457000e-10
2.558000000000000e+02	-3.458000e-10
2.559000000000000e+02	-3.459000e-10
2.560000000000000e+02	-3.460000e-10
2.561000000000000e+02	-3.461000e-10
2.562000000000000e+02	-3.462000e-10
2.563000000000000e+02	-3.463000e-10
2.564000000000000e+02	-3.464000e-10
2.565000000000000e+02	-3.465000e-10
2.566000000000000e+02	-3.466000e-10
2.567000000000000e+02	-3.467000e-10
2.568000000000000e+02	-3.468000e-10
2.569000000000000e+02	-3.469000e-10
2.570000000000000e+02	-3.470000e-10
2.571000000000000e+02	-3.471000e-10
2.572000000000000e+02	-3.472000e-10
2.573000000000000e+02	-3.473000e-10
2.574000000000000e+02	-3.474000e-10
2.575000000000000e+02	-3.475000e-10
2.576000000000000e+02	-3.476000e-10
2.577000000000000e+02	-3.477000e-10
2.578000000000000e+02	-3.478000e-10
2.579000000000000e+02	-3.479000e-10
2.580000000000000e+02	-3.480000e-10
2.581000000000000e+02	-3.481000e-10
2.582000000000000e+02	-3.482000e-10
2.583000000000000e+02	-3.483000e-10
2.584000000000000e+02	-3.484000e-10
2.585000000000000e+02	-3.485000e-10
2.586000000000000e+02	-3.486000e-10
2.587000000000000e+02	-3.487000e-10
2.588000000000000e+02	-3.488000e-10
2.589000000000000e+02	-3.489000e-10
2.590000000000000e+02	-3.490000e-10
2.591000000000000e+02	-3.491000e-10
2.592000000000000e+02	-3.492000e-10
2.593000000000000e+02	-3.493000e-10
2.594000000000000e+02	-3.494000e-10
2.595000000000000e+02	-3.495000e-10
2.596000000000000e+02	-3.496000e-10
2.597000000000000e+02	-3.497000e-10
2.598000000000000e+02	-3.498000e-10
2.599000000000000e+02	-3.499000e-10
2.600000000000000e+02	-3.500000e-10
2.601000000000000e+02	-3.501000e-10
2.602000000000000e+02	-3.502000e-10
2.603000000000000e+02	-3.503000e-10
2.604000000000000e+02	-3.504000e-10
2.605000000000000e+02	-3.505000e-10
2.606000000000000e+02	-3.506000e-10
2.607000000000000e+02	-3.507000e-10
2.608000000000000e+02	-3.508000e-10
2.609000000000000e+02	-3.509000e-10
2.610000000000000e+02	-3.510000e-10
2.611000000000000e+02	-3.511000e-10
2.612000000000000e+02	-3.512000e-10
2.613000000000000e+02	-3.513000e-10
2.614000000000000e+02	-3.514000e-10
2.615000000000000e+02	-3.515000e-10
2.616000000000000e+02	-3.516000e-10
2.617000000000000e+02	-3.517000e-10
2.618000000000000e+02	-3.518000e-10
2.619000000000000e+02	-3.519000e-10
2.620000000000000e+02	-3.520000e-10
2.621000000000000e+02	-3.521000e-10
2.622000000000000e+02	-3.522000e-10
2.623000000000000e+02	-3.523000e-10
2.624000000000000e+02	-3.524000e-10
2.625000000000000e+02	-3.525000e-10
2.626000000000000e+02	-3.526000e-10
2.627000000000000e+02	-3.527000e-10
2.628000000000000e+02	-3.528000e-10
2.629000000000000e+02	-3.529000e-10
2.630000000000000e+02	-3.530000e-10
2.631000000000000e+02	-3.531000e-10
2.632000000000000e+02	-3.532000e-10
2.633000000000000e+02	-3.533000e-10
2.634000000000000e+02	-3.534000e-10
2.635000000000000e+02	-3.535000e-10
2.636000000000000e+02	-3.536000e-10
2.637000000000000e+02	-3.537000e-10
2.638000000000000e+02	-3.538000e-10
2.639000000000000e+02	-3.539000e-10
2.640000000000000e+02	-3.540000e-10
2.641000000000000e+02	-3.541000e-10
2.642000000000000e+02	-3.542000e-10
2.643000000000000e+02	-3.543000e-10
2.644000000000000e+02	-3.544000e-10
2.645000000000000e+02	-3.545000e-10
2.646000000000000e+02	-3.546000e-10
2.647000000000000e+02	-3.547000e-10
2.648000000000000e+02	-3.548000e-10
2.649000000000000e+02	-3.549000e-10
2.650000000000000e+02	-3.550000e-10
2.651000000000000e+02	-3.551000e-10
2.652000000000000e+02	-3.552000e-10
2.653000000000000e+02	-3.553000e-10
2.654000000000000e+02	-3.554000e-10
2.655000000000000e+02	-3.555000e-10
2.656000000000000e+02	-3.556000e-10
2.657000000000000e+02	-3.557000e-10
2.658000000000000e+02	-3.558000e-10
2.659000000000000e+02	-3.559000e-10
2.660000000000000e+02	-3.560000e-10
2.661000000000000e+02	-3.561000e-10
2.662000000000000e+02	-3.562000e-10
2.663000000000000e+02	-3.563000e-10
2.664000000000000e+02	-3.564000e-10
2.665000000000000e+02	-3.565000e-10
2.666000000000000e+02	-3.566000e-10
2.667000000000000e+02	-3.567000e-10
2.668000000000000e+02	-3.568000e-10
2.669000000000000e+02	-3.569000e-10
2.670000000000000e+02	-3.570000e-10
2.671000000000000e+02	-3.571000e-10
2.672000000000000e+02	-3.572000e-10
2.673000000000000e+02	-3.573000e-10
2.674000000000000e+02	-3.574000e-10
2.675000000000000e+02	-3.575000e-10
2.676000000000000e+02	-3.576000e-10
2.677000000000000e+02	-3.577000e-10
2.678000000000000e+02	-3.578000e-10
2.679000000000000e+02	-3.579000e-10
2.680000000000000e+02	-3.580000e-10
2.681000000000000e+02	-3.581000e-10
2.682000000000000e+02	-3.582000e-10
2.683000000000000e+02	-3.583000e-10
2.684000000000000e+02	-3.584000e-10
2.685000000000000e+02	-3.585000e-10
2.686000000000000e+02	-3.586000e-10
2.687000000000000e+02	-3.587000e-10
2.688000000000000e+02	-3.588000e-10
2.689000000000000e+02	-3.589000e-10
2.690000000000000e+02	-3.590000e-10
2.691000000000000e+02	-3.591000e-10
2.692000000000000e+02	-3.592000e-10
2.693000000000000e+02	-3.593000e-10
2.694000000000000e+02	-3.594000e-10
2.695000000000000e+02	-3.595000e-10
2.696000000000000e+02	-3.596000e-10
2.697000000000000e+02	-3.597000e-10
2.698000000000000e+02	-3.598000e-10
2.699000000000000e+02	-3.599000e-10
2.700000000000000e+02	-3.600000e-10
2.701000000000000e+02	-3.601000e-10
2.702000000000000e+02	-3.602000e-10
2.703000000000000e+02	-3.603000e-10
2.704000000000000e+02	-3.604000e-10
2.705000000000000e+02	-3.605000e-10
2.706000000000000e+02	-3.606000e-10
2.707000000000000e+02	-3.607000e-10
2.708000000000000e+02	-3.608000e-10
2.709000000000000e+02	-3.609000e-10
2.710000000000000e+02	-3.610000e-10
2.711000000000000e+02	-3.611000e-10
2.712000000000000e+02	-3.612000e-10
2.713000000000000e+02	-3.613000e-10
2.714000000000000e+02	-3.614000e-10
2.715000000000000e+02	-3.615000e-10
2.716000000000000e+02	-3.616000e-10
2.717000000000000e+02	-3.617000e-10
2.718000000000000e+02	-3.618000e-10
2.719000000000000e+02	-3.619000e-10
2.720000000000000e+02	-3.620000e-10
2.721000000000000e+02	-3.621000e-10
2.722000000000000e+02	-3.622000e-10
2.723000000000000e+02	-3.623000e-10
2.724000000000000e+02	-3.624000e-10
2.725000000000000e+02	-3.625000e-10
2.726000000000000e+02	-3.626000e-10
2.727000000000000e+02	-3.627000e-10
2.728000000000000e+02	-3.628000e-10
2.729000000000000e+02	-3.629000e-10
2.730000000000000e+02	-3.630000e-10
2.731000000000000e+02	-3.631000e-10
2.732000000000000e+02	-3.632000e-10
2.733000000000000e+02	-3.633000e-10
2.734000000000000e+02	-3.634000e-10
2.735000000000000e+02	-3.635000e-10
2.736000000000000e+02	-3.636000e-10
2.737000000000000e+02	-3.637000e-10
2.738000000000000e+02	-3.638000e-10
2.739000000000000e+02	-3.639000e-10
2.740000000000000e+02	-3.640000e-10
2.741000000000000e+02	-3.641000e-10
2.742000000000000e+02	-3.642000e-10
2.743000000000000e+02	-3.643000e-10
2.744000000000000e+02	-3.644000e-10
2.745000000000000e+02	-3.645000e-10
2.746000000000000e+02	-3.646000e-10
2.747000000000000e+02	-3.647000e-10
2.748000000000000e+02	-3.648000e-10
2.749000000000000e+02	-3.649000e-10
2.750000000000000e+02	-3.650000e-10
2.751000000000000e+02	-3.651000e-10
2.752000000000000e+02	-3.652000e-10
2.753000000000000e+02	-3.653000e-10
2.754000000000000e+02	-3.654000e-10
2.755000000000000e+02	-3.655000e-10
2.756000000000000e+02	-3.656000e-10
2.757000000000000e+02	-3.657000e-10
2.758000000000000e+02	-3.658000e-10
2.759000000000000e+02	-3.659000e-10
2.760000000000000e+02	-3.660000e-10
2.761000000000000e+02	-3.661000e-10
2.762000000000000e+02	-3.662000e-10
2.763000000000000e+02	-3.663000e-10
2.764000000000000e+02	-3.664000e-10
2.765000000000000e+02	-3.665000e-10
2.766000000000000e+02	-3.666000e-10
2.767000000000000e+02	-3.667000e-10
2.768000000000000e+02	-3.668000e-10
2.769000000000000e+02	-3.669000e-10
2.770000000000000e+02	-3.670000e-10
2.771000000000000e+02	-3.671000e-10
2.772000000000000e+02	-3.672000e-10
2.773000000000000e+02	-3.673000e-10
2.774000000000000e+02	-3.674000e-10
2.775000000000000e+02	-3.675000e-10
2.776000000000000e+02	-3.676000e-10
2.777000000000000e+02	-3.677000e-10
2.778000000000000e+02	-3.678000e-10
2.779000000000000e+02	-3.679000e-10
2.780000000000000e+02	-3.680000e-10
2.781000000000000e+02	-3.681000e-10
2.782000000000000e+02	-3.682000e-10
2.783000000000000e+02	-3.683000e-10
2.784000000000000e+02	-3.684000e-10
2.785000000000000e+02	-3.685000e-10
2.786000000000000e+02	-3.686000e-10
2.787000000000000e+02	-3.687000e-10
2.788000000000000e+02	-3.688000e-10
2.789000000000000e+02	-3.689000e-10
2.790000000000000e+02	-3.690000e-10
2.791000000000000e+02	-3.691000e-10
2.792000000000000e+02	-3.692000e-10
2.793000000000000e+02	-3.693000e-10
2.794000000000000e+02	-3.694000e-10
2.795000000000000e+02	-3.695000e-10
2.796000000000000e+02	-3.696000e-10
2.797000000000000e+02	-3.697000e-10
2.798000000000000e+02	-3.698000e-10
2.799000000000000e+02	-3.699000e-10
2.800000000000000e+02	-3.700000e-10
2.801000000000000e+02	-3.701000e-10
2.802000000000000e+02	-3.702000e-10
2.803000000000000e+02	-3.703000e-10
2.804000000000000e+02	-3.704000e-10
2.805000000000000e+02	-3.705000e-10
2.806000000000000e+02	-3.706000e-10
2.807000000000000e+02	-3.707000e-10
2.808000000000000e+02	-3.708000e-10
2.809000000000000e+02	-3.709000e-10
2.810000000000000e+02	-3.710000e-10
2.811000000000000e+02	-3.711000e-10
2.812000000000000e+02	-3.712000e-10
2.813000000000000e+02	-3.713000e-10
2.814000000000000e+02	-3.714000e-10
2.815000000000000e+02	-3.715000e-10
2.816000000000000e+02	-3.716000e-10
2.817000000000000e+02	-3.717000e-10
2.818000000000000e+02	-3.718000e-10
2.819000000000000e+02	-3.719000e-10
2.820000000000000e+02	-3.720000e-10
2.821000000000000e+02	-3.721000e-10
2.822000000000000e+02	-3.722000e-10
2.823000000000000e+02	-3.723000e-10
2.824000000000000e+02	-3.724000e-10
2.825000000000000e+02	-3.725000e-10
2.826000000000000e+02	-3.726000e-10
2.827000000000000e+02	-3.727000e-10
2.828000000000000e+02	-3.728000e-10
2.829000000000000e+02	-3.729000e-10
2.830000000000000e+02	-3.730000e-10
2.831000000000000e+02	-3.731000e-10
2.832000000000000e+02	-3.732000e-10
2.833000000000000e+02	-3.733000e-10
2.834000000000000e+02	-3.734000e-10
2.835000000000000e+02	-3.735000e-10
2.836000000000000e+02	-3.736000e-10
2.837000000000000e+02	-3.737000e-10
2.838000000000000e+02	-3.738000e-10
2.839000000000000e+02	-3.739000e-10
2.840000000000000e+02	-3.740000e-10
2.841000000000000e+02	-3.741000e-10
2.842000000000000e+02	-3.742000e-10
2.843000000000000e+02	-3.743000e-10
2.844000000000000e+02	-3.744000e-10
2.845000000000000e+02	-3.745000e-10
2.846000000000000e+02	-3.746000e-10
2.847000000000000e+02	-3.747000e-10
2.848000000000000e+02	-3.748000e-10
2.849000000000000e+02	-3.749000e-10
2.850000000000000e+02	-3.750000e-10
2.851000000000000e+02	-3.751000e-10
2.852000000000000e+02	-3.752000e-10
2.853000000000000e+02	-3.753000e-10
2.854000000000000e+02	-3.754000e-10
2.855000000000000e+02	-3.755000e-10
2.856000000000000e+02	-3.756000e-10
2.857000000000000e+02	-3.757000e-10
2.858000000000000e+02	-3.758000e-10
2.859000000000000e+02	-3.759000e-10
2.860000000000000e+02	-3.760000e-10
2.861000000000000e+02	-3.761000e-10
2.862000000000000e+02	-3.762000e-10
2.863000000000000e+02	-3.763000e-10
2.864000000000000e+02	-3.764000e-10
2.865000000000000e+02	-3.765000e-10
2.866000000000000e+02	-3.766000e-10
2.867000000000000e+02	-3.767000e-10
2.868000000000000e+02	-3.768000e-10
2.869000000000000e+02	-3.769000e-10
2.870000000000000e+02	-3.770000e-10
2.871000000000000e+02	-3.771000e-10
2.872000000000000e+02	-3.772000e-10
2.873000000000000e+02	-3.773000e-10
2.874000000000000e+02	-3.774000e-10
2.875000000000000e+02	-3.775000e-10
2.876000000000000e+02	-3.776000e-10
2.877000000000000e+02	-3.777000e-10
2.878000000000000e+02	-3.778000e-10
2.879000000000000e+02	-3.779000e-10
2.880000000000000e+02	-3.780000e-10
2.881000000000000e+02	-3.781000e-10
2.882000000000000e+02	-3.782000e-10
2.883000000000000e+02	-3.783000e-10
2.884000000000000e+02	-3.784000e-10
2.885000000000000e+02	-3.785000e-10
2.886000000000000e+02	-3.786000e-10
2.887000000000000e+02	-3.787000e-10
2.888000000000000e+02	-3.788000e-10
2.889000000000000e+02	-3.789000e-10
2.890000000000000e+02	-3.790000e-10
2.891000000000000e+02	-3.791000e-10
2.892000000000000e+02	-3.792000e-10
2.893000000000000e+02	-3.793000e-10
2.894000000000000e+02	-3.794000e-10
2.895000000000000e+02	-3.795000e-10
2.896000000000000e+02	-3.796000e-10
2.897000000000000e+02	-3.797000e-10
2.898000000000000e+02	-3.798000e-10
2.899000000000000e+02	-3.799000e-10
2.900000000000000e+02	-3.800000e-10
2.901000000000000e+02	-3.801000e-10
2.902000000000000e+02	-3.802000e-10
2.903000000000000e+02	-3.803000e-10
2.904000000000000e+02	-3.804000e-10
2.905000000000000e+02	-3.805000e-10
2.906000000000000e+02	-3.806000e-10
2.907000000000000e+02	-3.807000e-10
2.908000000000000e+02	-3.808000e-10
2.909000000000000e+02	-3.809000e-10
2.910000000000000e+02	-3.810000e-10
2.911000000000000e+02	-3.811000e-10
2.912000000000000e+02	-3.812000e-10
2.913000000000000e+02	-3.813000e-10
2.914000000000000e+02	-3.814000e-10
2.915000000000000e+02	-3.815000e-10
2.916000000000000e+02	-3.816000e-10
2.917000000000000e+02	-3.817000e-10
2.918000000000000e+02	-3.818000e-10
2.919000000000000e+02	-3.819000e-10
2.920000000000000e+02	-3.820000e-10
2.921000000000000e+02	-3.821000e-10
2.922000000000000e+02	-3.822000e-10
2.923000000000000e+02	-3.823000e-10
2.924000000000000e+02	-3.824000e-10
2.925000000000000e+02	-3.825000e-10
2.926000000000000e+02	-3.826000e-10
2.927000000000000e+02	-3.827000e-10
2.928000000000000e+02	-3.828000e-10
2.929000000000000e+02	-3.829000e-10
2.930000000000000e+02	-3.830000e-10
2.931000000000000e+02	-3.831000e-10
2.932000000000000e+02	-3.832000e-10
2.933000000000000e+02	-3.833000e-10
2.934000000000000e+02	-3.834000e-10
2.935000000000000e+02	-3.835000e-10
2.936000000000000e+02	-3.836000e-10
2.937000000000000e+02	-3.837000e-10
2.938000000000000e+02	-3.838000e-10
2.939000000000000e+02	-3.839000e-10
2.940000000000000e+02	-3.840000e-10
2.941000000000000e+02	-3.841000e-10
2.942000000000000e+02	-3.842000e-10
2.943000000000000e+02	-3.843000e-10
2.944000000000000e+02	-3.844000e-10
2.945000000000000e+02	-3.845000e-10
2.946000000000000e+02	-3.846000e-10
2.947000000000000e+02	-3.847000e-10
2.948000000000000e+02	-3.848000e-10
2.949000000000000e+02	-3.849000e-10
2.950000000000000e+02	-3.850000e-10
2.951000000000000e+02	-3.851000e-10
2.952000000000000e+02	-3.852000e-10
2.953000000000000e+02	-3.853000e-10
2.954000000000000e+02	-3.854000e-10
2.955000000000000e+02	-3.855000e-10
2.956000000000000e+02	-3.856000e-10
2.957000000000000e+02	-3.857000e-10
2.958000000000000e+02	-3.858000e-10
2.959000000000000e+02	-3.859000e-10
2.960000000000000e+02	-3.860000e-10
2.961000000000000e+02	-3.861000e-10
2.962000000000000e+02	-3.862000e-10
2.963000000000000e+02	-3.863000e-10
2.964000000000000e+02	-3.864000e-10
2.965000000000000e+02	-3.865000e-10
2.966000000000000e+02	-3.866000e-10
2.967000000000000e+02	-3.867000e-10
2.968000000000000e+02	-3.868000e-10
2.969000000000000e+02	-3.869000e-10
2.970000000000000e+02	-3.870000e-10
2.971000000000000e+02	-3.871000e-10
2.972000000000000e+02	-3.872000e-10
2.973000000000000e+02	-3.873000e-10
2.974000000000000e+02	-3.874000e-10
2.975000000000000e+02	-3.875000e-10
2.976000000000000e+02	-3.876000e-10
2.977000000000000e+02	-3.877000e-10
2.978000000000000e+02	-3.878000e-10
2.979000000000000e+02	-3.879000e-10
2.980000000000000e+02	-3.880000e-10
2.981000000000000e+02	-3.881000e-10
2.982000000000000e+02	-3.882000e-10
2.983000000000000e+02	-3.883000e-10
2.984000000000000e+02	-3.884000e-10
2.985000000000000e+02	-3.885000e-10
2.986000000000000e+02	-3.886000e-10
2.987000000000000e+02	-3.887000e-10
2.988000000000000e+02	-3.888000e-10
2.989000000000000e+02	-3.889000e-10
2.990000000000000e+02	-3.890000e-10
2.991000000000000e+02	-3.891000e-10
2.992000000000000e+02	-3.892000e-10
2.993000000000000e+02	-3.893000e-10
2.994000000000000e+02	-3.894000e-10
2.995000000000000e+02	-3.895000e-10
2.996000000000000e+02	-3.896000e-10
2.997000000000000e+02	-3.897000e-10
2.998000000000000e+02	-3.898000e-10
2.999000000000000e+02	-3.899000e-10
3.000000000000000e+02	-3.900000e-10
3.001000000000000e+02	-3.901000e-10
3.002000000000000e+02	-3.902000e-10
3.003000000000000e+02	-3.903000e-10
3.004000000000000e+02	-3.904000e-10
3.005000000000000e+02	-3.905000e-10
3.006000000000000e+02	-3.906000e-10
3.007000000000000e+02	-3.907000e-10
3.008000000000000e+02	-3.908000e-10
3.009000000000000e+02	-3.909000e-10
3.010000000000000e+02	-3.910000e-10
3.011000000000000e+02	-3.911000e-10
3.012000000000000e+02	-3.912000e-10
3.013000000000000e+02	-3.913000e-10
3.014000000000000e+02	-3.914000e-10
3.015000000000000e+02	-3.915000e-10
3.016000000000000e+02	-3.916000e-10
3.017000000000000e+02	-3.917000e-10
3.018000000000000e+02	-3.918000e-10
3.019000000000000e+02	-3.919000e-10
3.020000000000000e+02	-3.920000e-10
3.021000000000000e+02	-3.921000e-10
3.022000000000000e+02	-3.922000e-10
3.023000000000000e+02	-3.923000e-10
3.024000000000000e+02	-3.924000e-10
3.025000000000000e+02	-3.925000e-10
3.026000000000000e+02	-3.926000e-10
3.027000000000000e+02	-3.927000e-10
3.028000000000000e+02	-3.928000e-10
3.029000000000000e+02	-3.929000e-10
3.030000000000000e+02	-3.930000e-10
3.031000000000000e+02	-3.931000e-10
3.032000000000000e+02	-3.932000e-10
3.033000000000000e+02	-3.933000e-10
3.034000000000000e+02	-3.934000e-10
3.035000000000000e+02	-3.935000e-10
3.036000000000000e+02	-3.936000e-10
3.037000000000000e+02	-3.937000e-10
3.038000000000000e+02	-3.938000e-10
3.039000000000000e+02	-3.939000e-10
3.040000000000000e+02	-3.940000e-10
3.041000000000000e+02	-3.941000e-10
3.042000000000000e+02	-3.942000e-10
3.043000000000000e+02	-3.943000e-10
3.044000000000000e+02	-3.944000e-10
3.045000000000000e+02	-3.945000e-10
3.046000000000000e+02	-3.946000e-10
3.047000000000000e+02	-3.947000e-10
3.048000000000000e+02	-3.948000e-10
3.049000000000000e+02	-3.949000e-10
3.050000000000000e+02	-3.950000e-10
3.051000000000000e+02	-3.951000e-10
3.052000000000000e+02	-3.952000e-10
3.053000000000000e+02	-3.953000e-10
3.054000000000000e+02	-3.954000e-10
3.055000000000000e+02	-3.955000e-10
3.056000000000000e+02	-3.956000e-10
3.057000000000000e+02	-3.957000e-10
3.058000000000000e+02	-3.958000e-10
3.059000000000000e+02	-3.959000e-10
3.060000000000000e+02	-3.960000e-10
3.061000000000000e+02	-3.961000e-10
3.062000000000000e+02	-3.962000e-10
3.063000000000000e+02	-3.963000e-10
3.064000000000000e+02	-3.964000e-10
3.065000000000000e+02	-3.965000e-10
3.066000000000000e+02	-3.966000e-10
3.067000000000000e+02	-3.967000e-10
3.068000000000000e+02	-3.968000e-10
3.069000000000000e+02	-3.969000e-10
3.070000000000000e+02	-3.970000e-10
3.071000000000000e+02	-3.971000e-10
3.072000000000000e+02	-3.972000e-10
3.073000000000000e+02	-3.973000e-10
3.074000000000000e+02	-3.974000e-10
3.075000000000000e+02	-3.975000e-10
3.076000000000000e+02	-3.976000e-10
3.077000000000000e+02	-3.977000e-10
3.078000000000000e+02	-3.978000e-10
3.079000000000000e+02	-3.979000e-10
3.080000000000000e+02	-3.980000e-10
3.081000000000000e+02	-3.981000e-10
3.082000000000000e+02	-3.982000e-10
3.083000000000000e+02	-3.983000e-10
3.084000000000000e+02	-3.984000e-10
3.085000000000000e+02	-3.985000e-10
3.086000000000000e+02	-3.986000e-10
3.087000000000000e+02	-3.987000e-10
3.088000000000000e+02	-3.988000e-10
3.089000000000000e+02	-3.989000e-10
3.090000000000000e+02	-3.990000e-10
3.091000000000000e+02	-3.991000e-10
3.092000000000000e+02	-3.992000e-10
3.093000000000000e+02	-3.993000e-10
3.094000000000000e+02	-3.994000e-10
3.095000000000000e+02	-3.995000e-10
3.096000000000000e+02	-3.996000e-10
3.097000000000000e+02	-3.997000e-10
3.098000000000000e+02	-3.998000e-10
3.099000000000000e+02	-3.999000e-10
3.100000000000000e+02	-4.000000e-10
3.101000000000000e+02	-4.001000e-10
3.102000000000000e+02	-4.002000e-10
3.103000000000000e+02	-4.003000e-10
3.104000000000000e+02	-4.004000e-10
3.105000000000000e+02	-4.005000e-10
3.106000000000000e+02	-4.006000e-10
3.107000000000000e+02	-4.007000e-10
3.108000000000000e+02	-4.008000e-10
3.109000000000000e+02	-4.009000e-10
3.110000000000000e+02	-4.010000e-10
3.111000000000000e+02	-4.011000e-10
3.112000000000000e+02	-4.012000e-10
3.113000000000000e+02	-4.013000e-10
3.114000000000000e+02	-4.014000e-10
3.115000000000000e+02	-4.015000e-10
3.116000000000000e+02	-4.016000e-10
3.117000000000000e+02	-4.017000e-10
3.118000000000000e+02	-4.018000e-10
3.119000000000000e+02	-4.019000e-10
3.120000000000000e+02	-4.020000e-10
3.121000000000000e+02	-4.021000e-10
3.122000000000000e+02	-4.022000e-10
3.123000000000000e+02	-4.023000e-10
3.124000000000000e+02	-4.024000e-10
3.125000000000000e+02	-4.025000e-10
3.126000000000000e+02	-4.026000e-10
3.127000000000000e+02	-4.027000e-10
3.128000000000000e+02	-4.028000e-10
3.129000000000000e+02	-4.029000e-10
3.130000000000000e+02	-4.030000e-10
3.131000000000000e+02	-4.031000e-10
3.132000000000000e+02	-4.032000e-10
3.133000000000000e+02	-4.033000e-10
3.134000000000000e+02	-4.034000e-10
3.135000000000000e+02	-4.035000e-10
3.136000000000000e+02	-4.036000e-10
3.137000000000000e+02	-4.037000e-10
3.138000000000000e+02	-4.038000e-10
3.139000000000000e+02	-4.039000e-10
3.140000000000000e+02	-4.040000e-10
3.141000000000000e+02	-4.041000e-10
3.142000000000000e+02	-4.042000e-10
3.143000000000000e+02	-4.043000e-10
3.144000000000000e+02	-4.044000e-10
3.145000000000000e+02	-4.045000e-10
3.146000000000000e+02	-4.046000e-10
3.147000000000000e+02	-4.047000e-10
3.148000000000000e+02	-4.048000e-10
3.149000000000000e+02	-4.049000e-10
3.150000000000000e+02	-4.050000e-10
3.151000000000000e+02	-4.051000e-10
3.152000000000000e+02	-4.052000e-10
3.153000000000000e+02	-4.053000e-10
3.154000000000000e+02	-4.054000e-10
3.155000000000000e+02	-4.055000e-10
3.156000000000000e+02	-4.056000e-10
3.157000000000000e+02	-4.057000e-10
3.158000000000000e+02	-4.058000e-10
3.159000000000000e+02	-4.059000e-10
3.160000000000000e+02	-4.060000e-10
3.161000000000000e+02	-4.061000e-10
3.162000000000000e+02	-4.062000e-10
3.163000000000000e+02	-4.063000e-10
3.164000000000000e+02	-4.064000e-10
3.165000000000000e+02	-4.065000e-10
3.166000000000000e+02	-4.066000e-10
3.167000000000000e+02	-4.067000e-10
3.168000000000000e+02	-4.068000e-10
3.169000000000000e+02	-4.069000e-10
3.170000000000000e+02	-4.070000e-10
3.171000000000000e+02	-4.071000e-10
3.172000000000000e+02	-4.072000e-10
3.173000000000000e+02	-4.073000e-10
3.174000000000000e+02	-4.074000e-10
3.175000000000000e+02	-4.075000e-10
3.176000000000000e+02	-4.076000e-10
3.177000000000000e+02	-4.077000e-10
3.178000000000000e+02	-4.078000e-10
3.179000000000000e+02	-4.079000e-10
3.180000000000000e+02	-4.080000e-10
3.181000000000000e+02	-4.081000e-10
3.182000000000000e+02	-4.082000e-10
3.183000000000000e+02	-4.083000e-10
3.184000000000000e+02	-4.084000e-10
3.185000000000000e+02	-4.085000e-10
3.186000000000000e+02	-4.086000e-10
3.187000000000000e+02	-4.087000e-10
3.188000000000000e+02	-4.088000e-10
3.189000000000000e+02	-4.089000e-10
3.190000000000000e+02	-4.090000e-10
3.191000000000000e+02	-4.091000e-10
3.192000000000000e+02	-4.092000e-10
3.193000000000000e+02	-4.093000e-10
3.194000000000000e+02	-4.094000e-10
3.195000000000000e+02	-4.095000e-10
3.196000000000000e+02	-4.096000e-10
3.197000000000000e+02	-4.097000e-10
3.198000000000000e+02	-4.098000e-10
3.199000000000000e+02	-4.099000e-10
3.200000000000000e+02	-4.100000e-10
3.201000000000000e+02	-4.101000e-10
3.202000000000000e+02	-4.102000e-10
3.203000000000000e+02	-4.103000e-10
3.204000000000000e+02	-4.104000e-10
3.205000000000000e+02	-4.105000e-10
3.206000000000000e+02	-4.106000e-10
3.207000000000000e+02	-4.107000e-10
3.208000000000000e+02	-4.108000e-10
3.209000000000000e+02	-4.109000e-10
3.210000000000000e+02	-4.110000e-10
3.211000000000000e+02	-4.111000e-10
3.212000000000000e+02	-4.112000e-10
3.213000000000000e+02	-4.113000e-10
3.214000000000000e+02	-4.114000e-10
3.215000000000000e+02	-4.115000e-10
3.216000000000000e+02	-4.116000e-10
3.217000000000000e+02	-4.117000e-10
3.218000000000000e+02	-4.118000e-10
3.219000000000000e+02	-4.119000e-10
3.220000000000000e+02	-4.120000e-10
3.221000000000000e+02	-4.121000e-10
3.222000000000000e+02	-4.122000e-10
3.223000000000000e+02	-4.123000e-10
3.224000000000000e+02	-4.124000e-10
3.225000000000000e+02	-4.125000e-10
3.226000000000000e+02	-4.126000e-10
3.227000000000000e+02	-4.127000e-10
3.228000000000000e+02	-4.128000e-10
3.229000000000000e+02	-4.129000e-10
3.230000000000000e+02	-4.130000e-10
3.231000000000000e+02	-4.131000e-10
3.232000000000000e+02	-4.132000e-10
3.233000000000000e+02	-4.133000e-10
3.234000000000000e+02	-4.134000e-10
3.235000000000000e+02	-4.135000e-10
3.236000000000000e+02	-4.136000e-10
3.237000000000000e+02	-4.137000e-10
3.238000000000000e+02	-4.138000e-10
3.239000000000000e+02	-4.139000e-10
3.240000000000000e+02	-4.140000e-10
3.241000000000000e+02	-4.141000e-10
3.242000000000000e+02	-4.142000e-10
3.243000000000000e+02	-4.143000e-10
3.244000000000000e+02	-4.144000e-10
3.245000000000000e+02	-4.145000e-10
3.246000000000000e+02	-4.146000e-10
3.247000000000000e+02	-4.147000e-10
3.248000000000000e+02	-4.148000e-10
3.249000000000000e+02	-4.149000e-10
3.250000000000000e+02	-4.150000e-10
3.251000000000000e+02	-4.151000e-10
3.252000000000000e+02	-4.152000e-10
3.253000000000000e+02	-4.153000e-10
3.254000000000000e+02	-4.154000e-10
3.255000000000000e+02	-4.155000e-10
3.256000000000000e+02	-4.156000e-10
3.257000000000000e+02	-4.157000e-10
3.258000000000000e+02	-4.158000e-10
3.259000000000000e+02	-4.159000e-10
3.260000000000000e+02	-4.160000e-10
3.261000000000000e+02	-4.161000e-10
3.262000000000000e+02	-4.162000e-10
3.263000000000000e+02	-4.163000e-10
3.264000000000000e+02	-4.164000e-10
3.265000000000000e+02	-4.165000e-10
3.266000000000000e+02	-4.166000e-10
3.267000000000000e+02	-4.167000e-10
3.268000000000000e+02	-4.168000e-10
3.269000000000000e+02	-4.169000e-10
3.270000000000000e+02	-4.170000e-10
3.271000000000000e+02	-4.171000e-10
3.272000000000000e+02	-4.172000e-10
3.273000000000000e+02	-4.173000e-10
3.274000000000000e+02	-4.174000e-10
3.275000000000000e+02	-4.175000e-10
3.276000000000000e+02	-4.176000e-10
3.277000000000000e+02	-4.177000e-10
3.278000000000000e+02	-4.178000e-10
3.279000000000000e+02	-4.179000e-10
3.280000000000000e+02	-4.180000e-10
3.281000000000000e+02	-4.181000e-10
3.282000000000000e+02	-4.182000e-10
3.283000000000000e+02	-4.183000e-10
3.284000000000000e+02	-4.184000e-10
3.285000000000000e+02	-4.185000e-10
3.286000000000000e+02	-4.186000e-10
3.287000000000000e+02	-4.187000e-10
3.288000000000000e+02	-4.188000e-10
3.289000000000000e+02	-4.189000e-10
3.290000000000000e+02	-4.190000e-10
3.291000000000000e+02	-4.191000e-10
3.292000000000000e+02	-4.192000e-10
3.293000000000000e+02	-4.193000e-10
3.294000000000000e+02	-4.194000e-10
3.295000000000000e+02	-4.195000e-10
3.296000000000000e+02	-4.196000e-10
3.297000000000000e+02	-4.197000e-10
3.298000000000000e+02	-4.198000e-10
3.299000000000000e+02	-4.199000e-10
3.300000000000000e+02	-4.200000e-10
3.301000000000000e+02	-4.201000e-10
3.302000000000000e+02	-4.202000e-10
3.303000000000000e+02	-4.203000e-10
3.304000000000000e+02	-4.204000e-10
3.305000000000000e+02	-4.205000e-10
3.306000000000000e+02	-4.206000e-10
3.307000000000000e+02	-4.207000e-10
3.308000000000000e+02	-4.208000e-10
3.309000000000000e+02	-4.209000e-10
3.310000000000000e+02	-4.210000e-10
3.311000000000000e+02	-4.211000e-10
3.312000000000000e+02	-4.212000e-10
3.313000000000000e+02	-4.213000e-10
3.314000000000000e+02	-4.214000e-10
3.315000000000000e+02	-4.215000e-10
3.316000000000000e+02	-4.216000e-10
3.317000000000000e+02	-4.217000e-10
3.318000000000000e+02	-4.218000e-10
3.319000000000000e+02	-4.219000e-10
3.320000000000000e+02	-4.220000e-10
3.321000000000000e+02	-4.221000e-10
3.322000000000000e+02	-4.222000e-10
3.323000000000000e+02	-4.223000e-10
3.324000000000000e+02	-4.224000e-10
3.325000000000000e+02	-4.225000e-10
3.326000000000000e+02	-4.226000e-10
3.327000000000000e+02	-4.227000e-10
3.328000000000000e+02	-4.228000e-10
3.329000000000000e+02	-4.229000e-10
3.330000000000000e+02	-4.230000e-10
3.331000000000000e+02	-4.231000e-10
3.332000000000000e+02	-4.232000e-10
3.333000000000000e+02	-4.233000e-10
3.334000000000000e+02	-4.234000e-10
3.335000000000000e+02	-4.235000e-10
3.336000000000000e+02	-4.236000e-10
3.337000000000000e+02	-4.237000e-10
3.338000000000000e+02	-4.238000e-10
3.339000000000000e+02	-4.239000e-10
3.340000000000000e+02	-4.240000e-10
3.341000000000000e+02	-4.241000e-10
3.342000000000000e+02	-4.242000e-10
3.343000000000000e+02	-4.243000e-10
3.344000000000000e+02	-4.244000e-10
3.345000000000000e+02	-4.245000e-10
3.346000000000000e+02	-4.246000e-10
3.347000000000000e+02	-4.247000e-10
3.348000000000000e+02	-4.248000e-10
3.349000000000000e+02	-4.249000e-10
3.350000000000000e+02	-4.250000e-10
3.351000000000000e+02	-4.251000e-10
3.352000000000000e+02	-4.252000e-10
3.353000000000000e+02	-4.253000e-10
3.354000000000000e+02	-4.254000e-10
3.355000000000000e+02	-4.255000e-10
3.356000000000000e+02	-4.256000e-10
3.357000000000000e+02	-4.257000e-10
3.358000000000000e+02	-4.258000e-10
3.359000000000000e+02	-4.259000e-10
3.360000000000000e+02	-4.260000e-10
3.361000000000000e+02	-4.261000e-10
3.362000000000000e+02	-4.262000e-10
3.363000000000000e+02	-4.263000e-10
3.364000000000000e+02	-4.264000e-10
3.365000000000000e+02	-4.265000e-10
3.366000000000000e+02	-4.266000e-10
3.367000000000000e+02	-4.267000e-10
3.368000000000000e+02	-4.268000e-10
3.369000000000000e+02	-4.269000e-10
3.370000000000000e+02	-4.270000e-10
3.371000000000000e+02	-4.271000e-10
3.372000000000000e+02	-4.272000e-10
3.373000000000000e+02	-4.273000e-10
3.374000000000000e+02	-4.274000e-10
3.375000000000000e+02	-4.275000e-10
3.376000000000000e+02	-4.276000e-10
3.377000000000000e+02	-4.277000e-10
3.378000000000000e+02	-4.278000e-10
3.379000000000000e+02	-4.279000e-10
3.380000000000000e+02	-4.280000e-10
3.381000000000000e+02	-4.281000e-10
3.382000000000000e+02	-4.282000e-10
3.383000000000000e+02	-4.283000e-10
3.384000000000000e+02	-4.284000e-10
3.385000000000000e+02	-4.285000e-10
3.386000000000000e+02	-4.286000e-10
3.387000000000000e+02	-4.287000e-10
3.388000000000000e+02	-4.288000e-10
3.389000000000000e+02	-4.289000e-10
3.390000000000000e+02	-4.290000e-10
3.391000000000000e+02	-4.291000e-10
3.392000000000000e+02	-4.292000e-10
3.393000000000000e+02	-4.293000e-10
3.394000000000000e+02	-4.294000e-10
3.395000000000000e+02	-4.295000e-10
3.396000000000000e+02	-4.296000e-10
3.397000000000000e+02	-4.297000e-10
3.398000000000000e+02	-4.298000e-10
3.399000000000000e+02	-4.299000e-10
3.400000000000000e+02	-4.300000e-10
3.401000000000000e+02	-4.301000e-10
3.402000000000000e+02	-4.302000e-10
3.403000000000000e+02	-4.303000e-10
3.404000000000000e+02	-4.304000e-10
3.405000000000000e+02	-4.305000e-10
3.406000000000000e+02	-4.306000e-10
3.407000000000000e+02	-4.307000e-10
3.408000000000000e+02	-4.308000e-10
3.409000000000000e+02	-4.309000e-10
3.410000000000000e+02	-4.310000e-10
3.411000000000000e+02	-4.311000e-10
3.412000000000000e+02	-4.312000e-10
3.413000000000000e+02	-4.313000e-10
3.414000000000000e+02	-4.314000e-10
3.415000000000000e+02	-4.315000e-10
3.416000000000000e+02	-4.316000e-10
3.417000000000000e+02	-4.317000e-10
3.418000000000000e+02	-4.318000e-10
3.419000000000000e+02	-4.319000e-10
3.420000000000000e+02	-4.320000e-10
3.421000000000000e+02	-4.321000e-10
3.422000000000000e+02	-4.322000e-10
3.423000000000000e+02	-4.323000e-10
3.424000000000000e+02	-4.324000e-10
3.425000000000000e+02	-4.325000e-10
3.426000000000000e+02	-4.326000e-10
3.427000000000000e+02	-4.327000e-10
3.428000000000000e+02	-4.328000e-10
3.429000000000000e+02	-4.329000e-10
3.430000000000000e+02	-4.330000e-10
3.431000000000000e+02	-4.331000e-10
3.432000000000000e+02	-4.332000e-10
3.433000000000000e+02	-4.333000e-10
3.434000000000000e+02	-4.334000e-10
3.435000000000000e+02	-4.335000e-10
3.436000000000000e+02	-4.336000e-10
3.437000000000000e+02	-4.337000e-10
3.438000000000000e+02	-4.338000e-10
3.439000000000000e+02	-4.339000e-10
3.440000000000000e+02	-4.340000e-10
3.441000000000000e+02	-4.341000e-10
3.442000000000000e+02	-4.342000e-10
3.443000000000000e+02	-4.343000e-10
3.444000000000000e+02	-4.344000e-10
3.445000000000000e+02	-4.345000e-10
3.446000000000000e+02	-4.346000e-10
3.447000000000000e+02	-4.347000e-10
3.448000000000000e+02	-4.348000e-10
3.449000000000000e+02	-4.349000e-10
3.450000000000000e+02	-4.350000e-10
3.451000000000000e+02	-4.351000e-10
3.452000000000000e+02	-4.352000e-10
3.453000000000000e+02	-4.353000e-10
3.454000000000000e+02	-4.354000e-10
3.455000000000000e+02	-4.355000e-10
3.456000000000000e+02	-4.356000e-10
3.457000000000000e+02	-4.357000e-10
3.458000000000000e+02	-4.358000e-10
3.459000000000000e+02	-4.359000e-10
3.460000000000000e+02	-4.360000e-10
3.461000000000000e+02	-4.361000e-10
3.462000000000000e+02	-4.362000e-10
3.463000000000000e+02	-4.363000e-10
3.464000000000000e+02	-4.364000e-10
3.465000000000000e+02	-4.365000e-10
3.466000000000000e+02	-4.366000e-10
3.467000000000000e+02	-4.367000e-10
3.468000000000000e+02	-4.368000e-10
3.469000000000000e+02	-4.369000e-10
3.470000000000000e+02	-4.370000e-10
3.471000000000000e+02	-4.371000e-10
3.472000000000000e+02	-4.372000e-10
3.473000000000000e+02	-4.373000e-10
3.474000000000000e+02	-4.374000e-10
3.475000000000000e+02	-4.375000e-10
3.476000000000000e+02	-4.376000e-10
3.477000000000000e+02	-4.377000e-10
3.478000000000000e+02	-4.378000e-10
3.479000000000000e+02	-4.379000e-10
3.480000000000000e+02	-4.380000e-10
3.481000000000000e+02	-4.381000e-10
3.482000000000000e+02	-4.382000e-10
3.483000000000000e+02	-4.383000e-10
3.484000000000000e+02	-4.384000e-10
3.485000000000000e+02	-4.385000e-10
3.486000000000000e+02	-4.386000e-10
3.487000000000000e+02	-4.387000e-10
3.488000000000000e+02	-4.388000e-10
3.489000000000000e+02	-4.389000e-10
3.490000000000000e+02	-4.390000e-10
3.491000000000000e+02	-4.391000e-10
3.492000000000000e+02	-4.392000e-10
3.493000000000000e+02	-4.393000e-10
3.494000000000000e+02	-4.394000e-10
3.495000000000000e+02	-4.395000e-10
3.496000000000000e+02	-4.396000e-10
3.497000000000000e+02	-4.397000e-10
3.498000000000000e+02	-4.398000e-10
3.499000000000000e+02	-4.399000e-10
3.500000000000000e+02	-4.400000e-10
3.501000000000000e+02	-4.401000e-10
3.502000000000000e+02	-4.402000e-10
3.503000000000000e+02	-4.403000e-10
3.504000000000000e+02	-4.404000e-10
3.505000000000000e+02	-4.405000e-10
3.506000000000000e+02	-4.406000e-10
3.507000000000000e+02	-4.407000e-10
3.508000000000000e+02	-4.408000e-10
3.509000000000000e+02	-4.409000e-10
3.510000000000000e+02	-4.410000e-10
3.511000000000000e+02	-4.411000e-10
3.512000000000000e+02	-4.412000e-10
3.513000000000000e+02	-4.413000e-10
3.514000000000000e+02	-4.414000e-10
3.515000000000000e+02	-4.415000e-10
3.516000000000000e+02	-4.416000e-10
3.517000000000000e+02	-4.417000e-10
3.518000000000000e+02	-4.418000e-10
3.519000000000000e+02	-4.419000e-10
3.520000000000000e+02	-4.420000e-10
3.521000000000000e+02	-4.421000e-10
3.522000000000000e+02	-4.422000e-10
3.523000000000000e+02	-4.423000e-10
3.524000000000000e+02	-4.424000e-10
3.525000000000000e+02	-4.425000e-10
3.526000000000000e+02	-4.426000e-10
3.527000000000000e+02	-4.427000e-10
3.528000000000000e+02	-4.428000e-10
3.529000000000000e+02	-4.429000e-10
3.530000000000000e+02	-4.430000e-10
3.531000000000000e+02	-4.431000e-10
3.532000000000000e+02	-4.432000e-10
3.533000000000000e+02	-4.433000e-10
3.534000000000000e+02	-4.434000e-10
3.535000000000000e+02	-4.435000e-10
3.536000000000000e+02	-4.436000e-10
3.537000000000000e+02	-4.437000e-10
3.538000000000000e+02	-4.438000e-10
3.539000000000000e+02	-4.439000e-10
3.540000000000000e+02	-4.440000e-10
3.541000000000000e+02	-4.441000e-10
3.542000000000000e+02	-4.442000e-10
3.543000000000000e+02	-4.443000e-10
3.544000000000000e+02	-4.444000e-10
3.545000000000000e+02	-4.445000e-10
3.546000000000000e+02	-4.446000e-10
3.547000000000000e+02	-4.447000e-10
3.548000000000000e+02	-4.448000e-10
3.549000000000000e+02	-4.449000e-10
3.550000000000000e+02	-4.450000e-10
3.551000000000000e+02	-4.451000e-10
3.552000000000000e+02	-4.452000e-10
3.553000000000000e+02	-4.453000e-10
3.554000000000000e+02	-4.454000e-10
3.555000000000000e+02	-4.455000e-10
3.556000000000000e+02	-4.456000e-10
3.557000000000000e+02	-4.457000e-10
3.558000000000000e+02	-4.458000e-10
3.559000000000000e+02	-4.459000e-10
3.560000000000000e+02	-4.460000e-10
3.561000000000000e+02	-4.461000e-10
3.562000000000000e+02	-4.462000e-10
3.563000000000000e+02	-4.463000e-10
3.564000000000000e+02	-4.464000e-10
3.565000000000000e+02	-4.465000e-10
3.566000000000000e+02	-4.466000e-10
3.567000000000000e+02	-4.467000e-10
3.568000000000000e+02	-4.468000e-10
3.569000000000000e+02	-4.469000e-10
3.570000000000000e+02	-4.470000e-10
3.571000000000000e+02	-4.471000e-10
3.572000000000000e+02	-4.472000e-10
3.573000000000000e+02	-4.473000e-10
3.574000000000000e+02	-4.474000e-10
3.575000000000000e+02	-4.475000e-10
3.576000000000000e+02	-4.476000e-10
3.577000000000000e+02	-4.477000e-10
3.578000000000000e+02	-4.478000e-10
3.579000000000000e+02	-4.479000e-10
3.580000000000000e+02	-4.480000e-10
3.581000000000000e+02	-4.481000e-10
3.582000000000000e+02	-4.482000e-10
3.583000000000000e+02	-4.483000e-10
3.584000000000000e+02	-4.484000e-10
3.585000000000000e+02	-4.485000e-10
3.586000000000000e+02	-4.486000e-10
3.587000000000000e+02	-4.487000e-10
3.588000000000000e+02	-4.488000e-10
3.589000000000000e+02	-4.489000e-10
3.590000000000000e+02	-4.490000e-10
3.591000000000000e+02	-4.491000e-10
3.592000000000000e+02	-4.492000e-10
3.593000000000000e+02	-4.493000e-10
3.594000000000000e+02	-4.494000e-10
3.595000000000000e+02	-4.495000e-10
3.596000000000000e+02	-4.496000e-10
3.597000000000000e+02	-4.497000e-10
3.598000000000000e+02	-4.498000e-10
3.599000000000000e+02	-4.499000e-10
3.600000000000000e+02	-4.500000e-10
3.601000000000000e+02	-4.501000e-10
3.602000000000000e+02	-4.502000e-10
3.603000000000000e+02	-4.503000e-10
3.604000000000000e+02	-4.504000e-10
3.605000000000000e+02	-4.505000e-10
3.606000000000000e+02	-4.506000e-10
3.607000000000000e+02	-4.507000e-10
3.608000000000000e+02	-4.508000e-10
3.609000000000000e+02	-4.509000e-10
3.610000000000000e+02	-4.510000e-10
3.611000000000000e+02	-4.511000e-10
3.612000000000000e+02	-4.512000e-10
3.613000000000000e+02	-4.513000e-10
3.614000000000000e+02	-4.514000e-10
3.615000000000000e+02	-4.515000e-10
3.616000000000000e+02	-4.516000e-10
3.617000000000000e+02	-4.517000e-10
3.618000000000000e+02	-4.518000e-10
3.619000000000000e+02	-4.519000e-10
3.620000000000000e+02	-4.520000e-10
3.621000000000000e+02	-4.521000e-10
3.622000000000000e+02	-4.522000e-10
3.623000000000000e+02	-4.523000e-10
3.624000000000000e+02	-4.524000e-10
3.625000000000000e+02	-4.525000e-10
3.626000000000000e+02	-4.526000e-10
3.627000000000000e+02	-4.527000e-10
3.628000000000000e+02	-4.528000e-10
3.629000000000000e+02	-4.529000e-10
3.630000000000000e+02	-4.530000e-10
3.631000000000000e+02	-4.531000e-10
3.632000000000000e+02	-4.532000e-10
3.633000000000000e+02	-4.533000e-10
3.634000000000000e+02	-4.534000e-10
3.635000000000000e+02	-4.535000e-10
3.636000000000000e+02	-4.536000e-10
3.637000000000000e+02	-4.537000e-10
3.638000000000000e+02	-4.538000e-10
3.639000000000000e+02	-4.539000e-10
3.640000000000000e+02	-4.540000e-10
3.641000000000000e+02	-4.541000e-10
3.642000000000000e+02	-4.542000e-10
3.643000000000000e+02	-4.543000e-10
3.644000000000000e+02	-4.544000e-10
3.645000000000000e+02	-4.545000e-10
3.646000000000000e+02	-4.546000e-10
3.647000000000000e+02	-4.547000e-10
3.648000000000000e+02	-4.548000e-10
3.649000000000000e+02	-4.549000e-10
3.650000000000000e+02	-4.550000e-10
3.651000000000000e+02	-4.551000e-10
3.652000000000000e+02	-4.552000e-10
3.653000000000000e+02	-4.553000e-10
3.654000000000000e+02	-4.554000e-10
3.655000000000000e+02	-4.555000e-10
3.656000000000000e+02	-4.556000e-10
3.657000000000000e+02	-4.557000e-10
3.658000000000000e+02	-4.558000e-10
3.659000000000000e+02	-4.559000e-10
3.660000000000000e+02	-4.560000e-10
3.661000000000000e+02	-4.561000e-10
3.662000000000000e+02	-4.562000e-10
3.663000000000000e+02	-4.563000e-10
3.664000000000000e+02	-4.564000e-10
3.665000000000000e+02	-4.565000e-10
3.666000000000000e+02	-4.566000e-10
3.667000000000000e+02	-4.567000e-10
3.668000000000000e+02	-4.568000e-10
3.669000000000000e+02	-4.569000e-10
3.670000000000000e+02	-4.570000e-10
3.671000000000000e+02	-4.571000e-10
3.672000000000000e+02	-4.572000e-10
3.673000000000000e+02	-4.573000e-10
3.674000000000000e+02	-4.574000e-10
3.675000000000000e+02	-4.575000e-10
3.676000000000000e+02	-4.576000e-10
3.677000000000000e+02	-4.577000e-10
3.678000000000000e+02	-4.578000e-10
3.679000000000000e+02	-4.579000e-10
3.680000000000000e+02	-4.580000e-10
3.681000000000000e+02	-4.581000e-10
3.682000000000000e+02	-4.582000e-10
3.683000000000000e+02	-4.583000e-10
3.684000000000000e+02	-4.584000e-10
3.685000000000000e+02	-4.585000e-10
3.686000000000000e+02	-4.586000e-10
3.687000000000000e+02	-4.587000e-10
3.688000000000000e+02	-4.588000e-10
3.689000000000000e+02	-4.589000e-10
3.690000000000000e+02	-4.590000e-10
3.691000000000000e+02	-4.591000e-10
3.692000000000000e+02	-4.592000e-10
3.693000000000000e+02	-4.593000e-10
3.694000000000000e+02	-4.594000e-10
3.695000000000000e+02	-4.595000e-10
3.696000000000000e+02	-4.596000e-10
3.697000000000000e+02	-4.597000e-10
3.698000000000000e+02	-4.598000e-10
3.699000000000000e+02	-4.599000e-10
3.700000000000000e+02	-4.600000e-10
3.701000000000000e+02	-4.601000e-10
3.702000000000000e+02	-4.602000e-10
3.703000000000000e+02	-4.603000e-10
3.704000000000000e+02	-4.604000e-10
3.705000000000000e+02	-4.605000e-10
3.706000000000000e+02	-4.606000e-10
3.707000000000000e+02	-4.607000e-10
3.708000000000000e+02	-4.608000e-10
3.709000000000000e+02	-4.609000e-10
3.710000000000000e+02	-4.610000e-10
3.711000000000000e+02	-4.611000e-10
3.712000000000000e+02	-4.612000e-10
3.713000000000000e+02	-4.613000e-10
3.714000000000000e+02	-4.614000e-10
3.715000000000000e+02	-4.615000e-10
3.716000000000000e+02	-4.616000e-10
3.717000000000000e+02	-4.617000e-10
3.718000000000000e+02	-4.618000e-10
3.719000000000000e+02	-4.619000e-10
3.720000000000000e+02	-4.620000e-10
3.721000000000000e+02	-4.621000e-10
3.722000000000000e+02	-4.622000e-10
3.723000000000000e+02	-4.623000e-10
3.724000000000000e+02	-4.624000e-10
3.725000000000000e+02	-4.625000e-10
3.726000000000000e+02	-4.626000e-10
3.727000000000000e+02	-4.627000e-10
3.728000000000000e+02	-4.628000e-10
3.729000000000000e+02	-4.629000e-10
3.730000000000000e+02	-4.630000e-10
3.731000000000000e+02	-4.631000e-10
3.732000000000000e+02	-4.632000e-10
3.733000000000000e+02	-4.633000e-10
3.734000000000000e+02	-4.634000e-10
3.735000000000000e+02	-4.635000e-10
3.736000000000000e+02	-4.636000e-10
3.737000000000000e+02	-4.637000e-10
3.738000000000000e+02	-4.638000e-10
3.739000000000000e+02	-4.639000e-10
3.740000000000000e+02	-4.640000e-10
3.741000000000000e+02	-4.641000e-10
3.742000000000000e+02	-4.642000e-10
3.743000000000000e+02	-4.643000e-10
3.744000000000000e+02	-4.644000e-10
3.745000000000000e+02	-4.645000e-10
3.746000000000000e+02	-4.646000e-10
3.747000000000000e+02	-4.647000e-10
3.748000000000000e+02	-4.648000e-10
3.749000000000000e+02	-4.649000e-10
3.750000000000000e+02	-4.650000e-10
3.751000000000000e+02	-4.651000e-10
3.752000000000000e+02	-4.652000e-10
3.753000000000000e+02	-4.653000e-10
3.754000000000000e+02	-4.654000e-10
3.755000000000000e+02	-4.655000e-10
3.756000000000000e+02	-4.656000e-10
3.757000000000000e+02	-4.657000e-10
3.758000000000000e+02	-4.658000e-10
3.759000000000000e+02	-4.659000e-10
3.760000000000000e+02	-4.660000e-10
3.761000000000000e+02	-4.661000e-10
3.762000000000000e+02	-4.662000e-10
3.763000000000000e+02	-4.663000e-10
3.764000000000000e+02	-4.664000e-10
3.765000000000000e+02	-4.665000e-10
3.766000000000000e+02	-4.666000e-10
3.767000000000000e+02	-4.667000e-10
3.768000000000000e+02	-4.668000e-10
3.769000000000000e+02	-4.669000e-10
3.770000000000000e+02	-4.670000e-10
3.771000000000000e+02	-4.671000e-10
3.772000000000000e+02	-4.672000e-10
3.773000000000000e+02	-4.673000e-10
3.774000000000000e+02	-4.674000e-10
3.775000000000000e+02	-4.675000e-10
3.776000000000000e+02	-4.676000e-10
3.777000000000000e+02	-4.677000e-10
3.778000000000000e+02	-4.678000e-10
3.779000000000000e+02	-4.679000e-10
3.780000000000000e+02	-4.680000e-10
3.781000000000000e+02	-4.681000e-10
3.782000000000000e+02	-4.682000e-10
3.783000000000000e+02	-4.683000e-10
3.784000000000000e+02	-4.684000e-10
3.785000000000000e+02	-4.685000e-10
3.786000000000000e+02	-4.686000e-10
3.787000000000000e+02	-4.687000e-10
3.788000000000000e+02	-4.688000e-10
3.789000000000000e+02	-4.689000e-10
3.790000000000000e+02	-4.690000e-10
3.791000000000000e+02	-4.691000e-10
3.792000000000000e+02	-4.692000e-10
3.793000000000000e+02	-4.693000e-10
3.794000000000000e+02	-4.694000e-10
3.795000000000000e+02	-4.695000e-10
3.796000000000000e+02	-4.696000e-10
3.797000000000000e+02	-4.697000e-10
3.798000000000000e+02	-4.698000e-10
3.799000000000000e+02	-4.699000e-10
3.800000000000000e+02	-4.700000e-10
3.801000000000000e+02	-4.701000e-10
3.802000000000000e+02	-4.702000e-10
3.803000000000000e+02	-4.703000e-10
3.804000000000000e+02	-4.704000e-10
3.805000000000000e+02	-4.705000e-10
3.806000000000000e+02	-4.706000e-10
3.807000000000000e+02	-4.707000e-10
3.808000000000000e+02	-4.708000e-10
3.809000000000000e+02	-4.709000e-10
3.810000000000000e+02	-4.710000e-10
3.811000000000000e+02	-4.711000e-10
3.812000000000000e+02	-4.712000e-10
3.813000000000000e+02	-4.713000e-10
3.814000000000000e+02	-4.714000e-10
3.815000000000000e+02	-4.715000e-10
3.816000000000000e+02	-4.716000e-10
3.817000000000000e+02	-4.717000e-10
3.818000000000000e+02	-4.718000e-10
3.819000000000000e+02	-4.719000e-10
3.820000000000000e+02	-4.720000e-10
3.821000000000000e+02	-4.721000e-10
3.822000000000000e+02	-4.722000e-10
3.823000000000000e+02	-4.723000e-10
3.824000000000000e+02	-4.724000e-10
3.825000000000000e+02	-4.725000e-10
3.826000000000000e+02	-4.726000e-10
3.827000000000000e+02	-4.727000e-10
3.828000000000000e+02	-4.728000e-10
3.829000000000000e+02	-4.729000e-10
3.830000000000000e+02	-4.730000e-10
3.831000000000000e+02	-4.731000e-10
3.832000000000000e+02	-4.732000e-10
3.833000000000000e+02	-4.733000e-10
3.834000000000000e+02	-4.734000e-10
3.835000000000000e+02	-4.735000e-10
3.836000000000000e+02	-4.736000e-10
3.837000000000000e+02	-4.737000e-10
3.838000000000000e+02	-4.738000e-10
3.839000000000000e+02	-4.739000e-10
3.840000000000000e+02	-4.740000e-10
3.841000000000000e+02	-4.741000e-10
3.842000000000000e+02	-4.742000e-10
3.843000000000000e+02	-4.743000e-10
3.844000000000000e+02	-4.744000e-10
3.845000000000000e+02	-4.745000e-10
3.846000000000000e+02	-4.746000e-10
3.847000000000000e+02	-4.747000e-10
3.848000000000000e+02	-4.748000e-10
3.849000000000000e+02	-4.749000e-10
3.850000000000000e+02	-4.750000e-10
3.851000000000000e+02	-4.751000e-10
3.852000000000000e+02	-4.752000e-10
3.853000000000000e+02	-4.753000e-10
3.854000000000000e+02	-4.754000e-10
3.855000000000000e+02	-4.755000e-10
3.856000000000000e+02	-4.756000e-10
3.857000000000000e+02	-4.757000e-10
3.858000000000000e+02	-4.758000e-10
3.859000000000000e+02	-4.759000e-10
3.860000000000000e+02	-4.760000e-10
3.861000000000000e+02	-4.761000e-10
3.862000000000000e+02	-4.762000e-10
3.863000000000000e+02	-4.763000e-10
3.864000000000000e+02	-4.764000e-10
3.865000000000000e+02	-4.765000e-10
3.866000000000000e+02	-4.766000e-10
3.867000000000000e+02	-4.767000e-10
3.868000000000000e+02	-4.768000e-10
3.869000000000000e+02	-4.769000e-10
3.870000000000000e+02	-4.770000e-10
3.871000000000000e+02	-4.771000e-10
3.872000000000000e+02	-4.772000e-10
3.873000000000000e+02	-4.773000e-10
3.874000000000000e+02	-4.774000e-10
3.875000000000000e+02	-4.775000e-10
3.876000000000000e+02	-4.776000e-10
3.877000000000000e+02	-4.777000e-10
3.878000000000000e+02	-4.778000e-10
3.879000000000000e+02	-4.779000e-10
3.880000000000000e+02	-4.780000e-10
3.881000000000000e+02	-4.781000e-10
3.882000000000000e+02	-4.782000e-10
3.883000000000000e+02	-4.783000e-10
3.884000000000000e+02	-4.784000e-10
3.885000000000000e+02	-4.785000e-10
3.886000000000000e+02	-4.786000e-10
3.887000000000000e+02	-4.787000e-10
3.888000000000000e+02	-4.788000e-10
3.889000000000000e+02	-4.789000e-10
3.890000000000000e+02	-4.790000e-10
3.891000000000000e+02	-4.791000e-10
3.892000000000000e+02	-4.792000e-10
3.893000000000000e+02	-4.793000e-10
3.894000000000000e+02	-4.794000e-10
3.895000000000000e+02	-4.795000e-10
3.896000000000000e+02	-4.796000e-10
3.897000000000000e+02	-4.797000e-10
3.898000000000000e+02	-4.798000e-10
3.899000000000000e+02	-4.799000e-10
3.900000000000000e+02	-4.800000e-10
3.901000000000000e+02	-4.801000e-10
3.902000000000000e+02	-4.802000e-10
3.903000000000000e+02	-4.803000e-10
3.904000000000000e+02	-4.804000e-10
3.905000000000000e+02	-4.805000e-10
3.906000000000000e+02	-4.806000e-10
3.907000000000000e+02	-4.807000e-10
3.908000000000000e+02	-4.808000e-10
3.909000000000000e+02	-4.809000e-10
3.910000000000000e+02	-4.810000e-10
3.911000000000000e+02	-4.811000e-10
3.912000000000000e+02	-4.812000e-10
3.913000000000000e+02	-4.813000e-10
3.914000000000000e+02	-4.814000e-10
3.915000000000000e+02	-4.815000e-10
3.916000000000000e+02	-4.816000e-10
3.917000000000000e+02	-4.817000e-10
3.918000000000000e+02	-4.818000e-10
3.919000000000000e+02	-4.819000e-10
3.920000000000000e+02	-4.820000e-10
3.921000000000000e+02	-4.821000e-10
3.922000000000000e+02	-4.822000e-10
3.923000000000000e+02	-4.823000e-10
3.924000000000000e+02	-4.824000e-10
3.925000000000000e+02	-4.825000e-10
3.926000000000000e+02	-4.826000e-10
3.927000000000000e+02	-4.827000e-10
3.928000000000000e+02	-4.828000e-10
3.929000000000000e+02	-4.829000e-10
3.930000000000000e+02	-4.830000e-10
3.931000000000000e+02	-4.831000e-10
3.932000000000000e+02	-4.832000e-10
3.933000000000000e+02	-4.833000e-10
3.934000000000000e+02	-4.834000e-10
3.935000000000000e+02	-4.835000e-10
3.936000000000000e+02	-4.836000e-10
3.937000000000000e+02	-4.837000e-10
3.938000000000000e+02	-4.838000e-10
3.939000000000000e+02	-4.839000e-10
3.940000000000000e+02	-4.840000e-10
3.941000000000000e+02	-4.841000e-10
3.942000000000000e+02	-4.842000e-10
3.943000000000000e+02	-4.843000e-10
3.944000000000000e+02	-4.844000e-10
3.945000000000000e+02	-4.845000e-10
3.946000000000000e+02	-4.846000e-10
3.947000000000000e+02	-4.847000e-10
3.948000000000000e+02	-4.848000e-10
3.949000000000000e+02	-4.849000e-10
3.950000000000000e+02	-4.850000e-10
3.951000000000000e+02	-4.851000e-10
3.952000000000000e+02	-4.852000e-10
3.953000000000000e+02	-4.853000e-10
3.954000000000000e+02	-4.854000e-10
3.955000000000000e+02	-4.855000e-10
3.956000000000000e+02	-4.856000e-10
3.957000000000000e+02	-4.857000e-10
3.958000000000000e+02	-4.858000e-10
3.959000000000000e+02	-4.859000e-10
3.960000000000000e+02	-4.860000e-10
3.961000000000000e+02	-4.861000e-10
3.962000000000000e+02	-4.862000e-10
3.963000000000000e+02	-4.863000e-10
3.964000000000000e+02	-4.864000e-10
3.965000000000000e+02	-4.865000e-10
3.966000000000000e+02	-4.866000e-10
3.967000000000000e+02	-4.867000e-10
3.968000000000000e+02	-4.868000e-10
3.969000000000000e+02	-4.869000e-10
3.970000000000000e+02	-4.870000e-10
3.971000000000000e+02	-4.871000e-10
3.972000000000000e+02	-4.872000e-10
3.973000000000000e+02	-4.873000e-10
3.974000000000000e+02	-4.874000e-10
3.975000000000000e+02	-4.875000e-10
3.976000000000000e+02	-4.876000e-10
3.977000000000000e+02	-4.877000e-10
3.978000000000000e+02	-4.878000e-10
3.979000000000000e+02	-4.879000e-10
3.980000000000000e+02	-4.880000e-10
3.981000000000000e+02	-4.881000e-10
3.982000000000000e+02	-4.882000e-10
3.983000000000000e+02	-4.883000e-10
3.984000000000000e+02	-4.884000e-10
3.985000000000000e+02	-4.885000e-10
3.986000000000000e+02	-4.886000e-10
3.987000000000000e+02	-4.887000e-10
3.988000000000000e+02	-4.888000e-10
3.989000000000000e+02	-4.889000e-10
3.990000000000000e+02	-4.890000e-10
3.991000000000000e+02	-4.891000e-10
3.992000000000000e+02	-4.892000e-10
3.993000000000000e+02	-4.893000e-10
3.994000000000000e+02	-4.894000e-10
3.995000000000000e+02	-4.895000e-10
3.996000000000000e+02	-4.896000e-10
3.997000000000000e+02	-4.897000e-10
3.998000000000000e+02	-4.898000e-10
3.999000000000000e+02	-4.899000e-10
4.000000000000000e+02	-4.900000e-10
4.001000000000000e+02	-4.901000e-10
4.002000000000000e+02	-4.902000e-10
4.003000000000000e+02	-4.903000e-10
4.004000000000000e+02	-4.904000e-10
4.005000000000000e+02	-4.905000e-10
4.006000000000000e+02	-4.906000e-10
4.007000000000000e+02	-4.907000e-10
4.008000000000000e+02	-4.908000e-10
4.009000000000000e+02	-4.909000e-10
4.010000000000000e+02	-4.910000e-10
4.011000000000000e+02	-4.911000e-10
4.012000000000000e+02	-4.912000e-10
4.013000000000000e+02	-4.913000e-10
4.014000000000000e+02	-4.914000e-10
4.015000000000000e+02	-4.915000e-10
4.016000000000000e+02	-4.916000e-10
4.017000000000000e+02	-4.917000e-10
4.018000000000000e+02	-4.918000e-10
4.019000000000000e+02	-4.919000e-10
4.020000000000000e+02	-4.920000e-10
4.021000000000000e+02	-4.921000e-10
4.022000000000000e+02	-4.922000e-10
4.023000000000000e+02	-4.923000e-10
4.024000000000000e+02	-4.924000e-10
4.025000000000000e+02	-4.925000e-10
4.026000000000000e+02	-4.926000e-10
4.027000000000000e+02	-4.927000e-10
4.028000000000000e+02	-4.928000e-10
4.029000000000000e+02	-4.929000e-10
4.030000000000000e+02	-4.930000e-10
4.031000000000000e+02	-4.931000e-10
4.032000000000000e+02	-4.932000e-10
4.033000000000000e+02	-4.933000e-10
4.034000000000000e+02	-4.934000e-10
4.035000000000000e+02	-4.935000e-10
4.036000000000000e+02	-4.936000e-10
4.037000000000000e+02	-4.937000e-10
4.038000000000000e+02	-4.938000e-10
4.039000000000000e+02	-4.939000e-10
4.040000000000000e+02	-4.940000e-10
4.041000000000000e+02	-4.941000e-10
4.042000000000000e+02	-4.942000e-10
4.043000000000000e+02	-4.943000e-10
4.044000000000000e+02	-4.944000e-10
4.045000000000000e+02	-4.945000e-10
4.046000000000000e+02	-4.946000e-10
4.047000000000000e+02	-4.947000e-10
4.048000000000000e+02	-4.948000e-10
4.049000000000000e+02	-4.949000e-10
4.050000000000000e+02	-4.950000e-10
4.051000000000000e+02	-4.951000e-10
4.052000000000000e+02	-4.952000e-10
4.053000000000000e+02	-4.953000e-10
4.054000000000000e+02	-4.954000e-10
4.055000000000000e+02	-4.955000e-10
4.056000000000000e+02	-4.956000e-10
4.057000000000000e+02	-4.957000e-10
4.058000000000000e+02	-4.958000e-10
4.059000000000000e+02	-4.959000e-10
4.060000000000000e+02	-4.960000e-10
4.061000000000000e+02	-4.961000e-10
4.062000000000000e+02	-4.962000e-10
4.063000000000000e+02	-4.963000e-10
4.064000000000000e+02	-4.964000e-10
4.065000000000000e+02	-4.965000e-10
4.066000000000000e+02	-4.966000e-10
4.067000000000000e+02	-4.967000e-10
4.068000000000000e+02	-4.968000e-10
4.069000000000000e+02	-4.969000e-10
4.070000000000000e+02	-4.970000e-10
4.071000000000000e+02	-4.971000e-10
4.072000000000000e+02	-4.972000e-10
4.073000000000000e+02	-4.973000e-10
4.074000000000000e+02	-4.974000e-10
4.075000000000000e+02	-4.975000e-10
4.076000000000000e+02	-4.976000e-10
4.077000000000000e+02	-4.977000e-10
4.078000000000000e+02	-4.978000e-10
4.079000000000000e+02	-4.979000e-10
4.080000000000000e+02	-4.980000e-10
4.081000000000000e+02	-4.981000e-10
4.082000000000000e+02	-4.982000e-10
4.083000000000000e+02	-4.983000e-10
4.084000000000000e+02	-4.984000e-10
4.085000000000000e+02	-4.985000e-10
4.086000000000000e+02	-4.986000e-10
4.087000000000000e+02	-4.987000e-10
4.088000000000000e+02	-4.988000e-10
4.089000000000000e+02	-4.989000e-10
4.090000000000000e+02	-4.990000e-10
4.091000000000000e+02	-4.991000e-10
4.092000000000000e+02	-4.992000e-10
4.093000000000000e+02	-4.993000e-10
4.094000000000000e+02	-4.994000e-10
4.095000000000000e+02	-4.995000e-10
4.096000000000000e+02	-4.996000e-10
4.097000000000000e+02	-4.997000e-10
4.098000000000000e+02	-4.998000e-10
4.099000000000000e+02	-4.999000e-10
4.100000000000000e+02	-5.000000e-10
4.101000000000000e+02	-5.001000e-10
4.102000000000000e+02	-5.002000e-10
4.103000000000000e+02	-5.003000e-10
4.104000000000000e+02	-5.004000e-10
4.105000000000000e+02	-5.005000e-10
4.106000000000000e+02	-5.006000e-10
4.107000000000000e+02	-5.007000e-10
4.108000000000000e+02	-5.008000e-10
4.109000000000000e+02	-5.009000e-10
4.110000000000000e+02	-5.010000e-10
4.111000000000000e+02	-5.011000e-10
4.112000000000000e+02	-5.012000e-10
4.113000000000000e+02	-5.013000e-10
4.114000000000000e+02	-5.014000e-10
4.115000000000000e+02	-5.015000e-10
4.116000000000000e+02	-5.016000e-10
4.117000000000000e+02	-5.017000e-10
4.118000000000000e+02	-5.018000e-10
4.119000000000000e+02	-5.019000e-10
4.120000000000000e+02	-5.020000e-10
4.121000000000000e+02	-5.021000e-10
4.122000000000000e+02	-5.022000e-10
4.123000000000000e+02	-5.023000e-10
4.124000000000000e+02	-5.024000e-10
4.125000000000000e+02	-5.025000e-10
4.126000000000000e+02	-5.026000e-10
4.127000000000000e+02	-5.027000e-10
4.128000000000000e+02	-5.028000e-10
4.129000000000000e+02	-5.029000e-10
4.130000000000000e+02	-5.030000e-10
4.131000000000000e+02	-5.031000e-10
4.132000000000000e+02	-5.032000e-10
4.133000000000000e+02	-5.033000e-10
4.134000000000000e+02	-5.034000e-10
4.135000000000000e+02	-5.035000e-10
4.136000000000000e+02	-5.036000e-10
4.137000000000000e+02	-5.037000e-10
4.138000000000000e+02	-5.038000e-10
4.139000000000000e+02	-5.039000e-10
4.140000000000000e+02	-5.040000e-10
4.141000000000000e+02	-5.041000e-10
4.142000000000000e+02	-5.042000e-10
4.143000000000000e+02	-5.043000e-10
4.144000000000000e+02	-5.044000e-10
4.145000000000000e+02	-5.045000e-10
4.146000000000000e+02	-5.046000e-10
4.147000000000000e+02	-5.047000e-10
4.148000000000000e+02	-5.048000e-10
4.149000000000000e+02	-5.049000e-10
4.150000000000000e+02	-5.050000e-10
4.151000000000000e+02	-5.051000e-10
4.152000000000000e+02	-5.052000e-10
4.153000000000000e+02	-5.053000e-10
4.154000000000000e+02	-5.054000e-10
4.155000000000000e+02	-5.055000e-10
4.156000000000000e+02	-5.056000e-10
4.157000000000000e+02	-5.057000e-10
4.158000000000000e+02	-5.058000e-10
4.159000000000000e+02	-5.059000e-10
4.160000000000000e+02	-5.060000e-10
4.161000000000000e+02	-5.061000e-10
4.162000000000000e+02	-5.062000e-10
4.163000000000000e+02	-5.063000e-10
4.164000000000000e+02	-5.064000e-10
4.165000000000000e+02	-5.065000e-10
4.166000000000000e+02	-5.066000e-10
4.167000000000000e+02	-5.067000e-10
4.168000000000000e+02	-5.068000e-10
4.169000000000000e+02	-5.069000e-10
4.170000000000000e+02	-5.070000e-10
4.171000000000000e+02	-5.071000e-10
4.172000000000000e+02	-5.072000e-10
4.173000000000000e+02	-5.073000e-10
4.174000000000000e+02	-5.074000e-10
4.175000000000000e+02	-5.075000e-10
4.176000000000000e+02	-5.076000e-10
4.177000000000000e+02	-5.077000e-10
4.178000000000000e+02	-5.078000e-10
4.179000000000000e+02	-5.079000e-10
4.180000000000000e+02	-5.080000e-10
4.181000000000000e+02	-5.081000e-10
4.182000000000000e+02	-5.082000e-10
4.183000000000000e+02	-5.083000e-10
4.184000000000000e+02	-5.084000e-10
4.185000000000000e+02	-5.085000e-10
4.186000000000000e+02	-5.086000e-10
4.187000000000000e+02	-5.087000e-10
4.188000000000000e+02	-5.088000e-10
4.189000000000000e+02	-5.089000e-10
4.190000000000000e+02	-5.090000e-10
4.191000000000000e+02	-5.091000e-10
4.192000000000000e+02	-5.092000e-10
4.193000000000000e+02	-5.093000e-10
4.194000000000000e+02	-5.094000e-10
4.195000000000000e+02	-5.095000e-10
4.196000000000000e+02	-5.096000e-10
4.197000000000000e+02	-5.097000e-10
4.198000000000000e+02	-5.098000e-10
4.199000000000000e+02	-5.099000e-10
4.200000000000000e+02	-5.100000e-10
4.201000000000000e+02	-5.101000e-10
4.202000000000000e+02	-5.102000e-10
4.203000000000000e+02	-5.103000e-10
4.204000000000000e+02	-5.104000e-10
4.205000000000000e+02	-5.105000e-10
4.206000000000000e+02	-5.106000e-10
4.207000000000000e+02	-5.107000e-10
4.208000000000000e+02	-5.108000e-10
4.209000000000000e+02	-5.109000e-10
4.210000000000000e+02	-5.110000e-10
4.211000000000000e+02	-5.111000e-10
4.212000000000000e+02	-5.112000e-10
4.213000000000000e+02	-5.113000e-10
4.214000000000000e+02	-5.114000e-10
4.215000000000000e+02	-5.115000e-10
4.216000000000000e+02	-5.116000e-10
4.217000000000000e+02	-5.117000e-10
4.218000000000000e+02	-5.118000e-10
4.219000000000000e+02	-5.119000e-10
4.220000000000000e+02	-5.120000e-10
4.221000000000000e+02	-5.121000e-10
4.222000000000000e+02	-5.122000e-10
4.223000000000000e+02	-5.123000e-10
4.224000000000000e+02	-5.124000e-10
4.225000000000000e+02	-5.125000e-10
4.226000000000000e+02	-5.126000e-10
4.227000000000000e+02	-5.127000e-10
4.228000000000000e+02	-5.128000e-10
4.229000000000000e+02	-5.129000e-10
4.230000000000000e+02	-5.130000e-10
4.231000000000000e+02	-5.131000e-10
4.232000000000000e+02	-5.132000e-10
4.233000000000000e+02	-5.133000e-10
4.234000000000000e+02	-5.134000e-10
4.235000000000000e+02	-5.135000e-10
4.236000000000000e+02	-5.136000e-10
4.237000000000000e+02	-5.137000e-10
4.238000000000000e+02	-5.138000e-10
4.239000000000000e+02	-5.139000e-10
4.240000000000000e+02	-5.140000e-10
4.241000000000000e+02	-5.141000e-10
4.242000000000000e+02	-5.142000e-10
4.243000000000000e+02	-5.143000e-10
4.244000000000000e+02	-5.144000e-10
4.245000000000000e+02	-5.145000e-10
4.246000000000000e+02	-5.146000e-10
4.247000000000000e+02	-5.147000e-10
4.248000000000000e+02	-5.148000e-10
4.249000000000000e+02	-5.149000e-10
4.250000000000000e+02	-5.150000e-10
4.251000000000000e+02	-5.151000e-10
4.252000000000000e+02	-5.152000e-10
4.253000000000000e+02	-5.153000e-10
4.254000000000000e+02	-5.154000e-10
4.255000000000000e+02	-5.155000e-10
4.256000000000000e+02	-5.156000e-10
4.257000000000000e+02	-5.157000e-10
4.258000000000000e+02	-5.158000e-10
4.259000000000000e+02	-5.159000e-10
4.260000000000000e+02	-5.160000e-10
4.261000000000000e+02	-5.161000e-10
4.262000000000000e+02	-5.162000e-10
4.263000000000000e+02	-5.163000e-10
4.264000000000000e+02	-5.164000e-10
4.265000000000000e+02	-5.165000e-10
4.266000000000000e+02	-5.166000e-10
4.267000000000000e+02	-5.167000e-10
4.268000000000000e+02	-5.168000e-10
4.269000000000000e+02	-5.169000e-10
4.270000000000000e+02	-5.170000e-10
4.271000000000000e+02	-5.171000e-10
4.272000000000000e+02	-5.172000e-10
4.273000000000000e+02	-5.173000e-10
4.274000000000000e+02	-5.174000e-10
4.275000000000000e+02	-5.175000e-10
4.276000000000000e+02	-5.176000e-10
4.277000000000000e+02	-5.177000e-10
4.278000000000000e+02	-5.178000e-10
4.279000000000000e+02	-5.179000e-10
4.280000000000000e+02	-5.180000e-10
4.281000000000000e+02	-5.181000e-10
4.282000000000000e+02	-5.182000e-10
4.283000000000000e+02	-5.183000e-10
4.284000000000000e+02	-5.184000e-10
4.285000000000000e+02	-5.185000e-10
4.286000000000000e+02	-5.186000e-10
4.287000000000000e+02	-5.187000e-10
4.288000000000000e+02	-5.188000e-10
4.289000000000000e+02	-5.189000e-10
4.290000000000000e+02	-5.190000e-10
4.291000000000000e+02	-5.191000e-10
4.292000000000000e+02	-5.192000e-10
4.293000000000000e+02	-5.193000e-10
4.294000000000000e+02	-5.194000e-10
4.295000000000000e+02	-5.195000e-10
4.296000000000000e+02	-5.196000e-10
4.297000000000000e+02	-5.197000e-10
4.298000000000000e+02	-5.198000e-10
4.299000000000000e+02	-5.199000e-10
4.300000000000000e+02	-5.200000e-10
4.301000000000000e+02	-5.201000e-10
4.302000000000000e+02	-5.202000e-10
4.303000000000000e+02	-5.203000e-10
4.304000000000000e+02	-5.204000e-10
4.305000000000000e+02	-5.205000e-10
4.306000000000000e+02	-5.206000e-10
4.307000000000000e+02	-5.207000e-10
4.308000000000000e+02	-5.208000e-10
4.309000000000000e+02	-5.209000e-10
4.310000000000000e+02	-5.210000e-10
4.311000000000000e+02	-5.211000e-10
4.312000000000000e+02	-5.212000e-10
4.313000000000000e+02	-5.213000e-10
4.314000000000000e+02	-5.214000e-10
4.315000000000000e+02	-5.215000e-10
4.316000000000000e+02	-5.216000e-10
4.317000000000000e+02	-5.217000e-10
4.318000000000000e+02	-5.218000e-10
4.319000000000000e+02	-5.219000e-10
4.320000000000000e+02	-5.220000e-10
4.321000000000000e+02	-5.221000e-10
4.322000000000000e+02	-5.222000e-10
4.323000000000000e+02	-5.223000e-10
4.324000000000000e+02	-5.224000e-10
4.325000000000000e+02	-5.225000e-10
4.326000000000000e+02	-5.226000e-10
4.327000000000000e+02	-5.227000e-10
4.328000000000000e+02	-5.228000e-10
4.329000000000000e+02	-5.229000e-10
4.330000000000000e+02	-5.230000e-10
4.331000000000000e+02	-5.231000e-10
4.332000000000000e+02	-5.232000e-10
4.333000000000000e+02	-5.233000e-10
4.334000000000000e+02	-5.234000e-10
4.335000000000000e+02	-5.235000e-10
4.336000000000000e+02	-5.236000e-10
4.337000000000000e+02	-5.237000e-10
4.338000000000000e+02	-5.238000e-10
4.339000000000000e+02	-5.239000e-10
4.340000000000000e+02	-5.240000e-10
4.341000000000000e+02	-5.241000e-10
4.342000000000000e+02	-5.242000e-10
4.343000000000000e+02	-5.243000e-10
4.344000000000000e+02	-5.244000e-10
4.345000000000000e+02	-5.245000e-10
4.346000000000000e+02	-5.246000e-10
4.347000000000000e+02	-5.247000e-10
4.348000000000000e+02	-5.248000e-10
4.349000000000000e+02	-5.249000e-10
4.350000000000000e+02	-5.250000e-10
4.351000000000000e+02	-5.251000e-10
4.352000000000000e+02	-5.252000e-10
4.353000000000000e+02	-5.253000e-10
4.354000000000000e+02	-5.254000e-10
4.355000000000000e+02	-5.255000e-10
4.356000000000000e+02	-5.256000e-10
4.357000000000000e+02	-5.257000e-10
4.358000000000000e+02	-5.258000e-10
4.359000000000000e+02	-5.259000e-10
4.360000000000000e+02	-5.260000e-10
4.361000000000000e+02	-5.261000e-10
4.362000000000000e+02	-5.262000e-10
4.363000000000000e+02	-5.263000e-10
4.364000000000000e+02	-5.264000e-10
4.365000000000000e+02	-5.265000e-10
4.366000000000000e+02	-5.266000e-10
4.367000000000000e+02	-5.267000e-10
4.368000000000000e+02	-5.268000e-10
4.369000000000000e+02	-5.269000e-10
4.370000000000000e+02	-5.270000e-10
4.371000000000000e+02	-5.271000e-10
4.372000000000000e+02	-5.272000e-10
4.373000000000000e+02	-5.273000e-10
4.374000000000000e+02	-5.274000e-10
4.375000000000000e+02	-5.275000e-10
4.376000000000000e+02	-5.276000e-10
4.377000000000000e+02	-5.277000e-10
4.378000000000000e+02	-5.278000e-10
4.379000000000000e+02	-5.279000e-10
4.380000000000000e+02	-5.280000e-10
4.381000000000000e+02	-5.281000e-10
4.382000000000000e+02	-5.282000e-10
4.383000000000000e+02	-5.283000e-10
4.384000000000000e+02	-5.284000e-10
4.385000000000000e+02	-5.285000e-10
4.386000000000000e+02	-5.286000e-10
4.387000000000000e+02	-5.287000e-10
4.388000000000000e+02	-5.288000e-10
4.389000000000000e+02	-5.289000e-10
4.390000000000000e+02	-5.290000e-10
4.391000000000000e+02	-5.291000e-10
4.392000000000000e+02	-5.292000e-10
4.393000000000000e+02	-5.293000e-10
4.394000000000000e+02	-5.294000e-10
4.395000000000000e+02	-5.295000e-10
4.396000000000000e+02	-5.296000e-10
4.397000000000000e+02	-5.297000e-10
4.398000000000000e+02	-5.298000e-10
4.399000000000000e+02	-5.299000e-10
4.400000000000000e+02	-5.300000e-10
4.401000000000000e+02	-5.301000e-10
4.402000000000000e+02	-5.302000e-10
4.403000000000000e+02	-5.303000e-10
4.404000000000000e+02	-5.304000e-10
4.405000000000000e+02	-5.305000e-10
4.406000000000000e+02	-5.306000e-10
4.407000000000000e+02	-5.307000e-10
4.408000000000000e+02	-5.308000e-10
4.409000000000000e+02	-5.309000e-10
4.410000000000000e+02	-5.310000e-10
4.411000000000000e+02	-5.311000e-10
4.412000000000000e+02	-5.312000e-10
4.413000000000000e+02	-5.313000e-10
4.414000000000000e+02	-5.314000e-10
4.415000000000000e+02	-5.315000e-10
4.416000000000000e+02	-5.316000e-10
4.417000000000000e+02	-5.317000e-10
4.418000000000000e+02	-5.318000e-10
4.419000000000000e+02	-5.319000e-10
4.420000000000000e+02	-5.320000e-10
4.421000000000000e+02	-5.321000e-10
4.422000000000000e+02	-5.322000e-10
4.423000000000000e+02	-5.323000e-10
4.424000000000000e+02	-5.324000e-10
4.425000000000000e+02	-5.325000e-10
4.426000000000000e+02	-5.326000e-10
4.427000000000000e+02	-5.327000e-10
4.428000000000000e+02	-5.328000e-10
4.429000000000000e+02	-5.329000e-10
4.430000000000000e+02	-5.330000e-10
4.431000000000000e+02	-5.331000e-10
4.432000000000000e+02	-5.332000e-10
4.433000000000000e+02	-5.333000e-10
4.434000000000000e+02	-5.334000e-10
4.435000000000000e+02	-5.335000e-10
4.436000000000000e+02	-5.336000e-10
4.437000000000000e+02	-5.337000e-10
4.438000000000000e+02	-5.338000e-10
4.439000000000000e+02	-5.339000e-10
4.440000000000000e+02	-5.340000e-10
4.441000000000000e+02	-5.341000e-10
4.442000000000000e+02	-5.342000e-10
4.443000000000000e+02	-5.343000e-10
4.444000000000000e+02	-5.344000e-10
4.445000000000000e+02	-5.345000e-10
4.446000000000000e+02	-5.346000e-10
4.447000000000000e+02	-5.347000e-10
4.448000000000000e+02	-5.348000e-10
4.449000000000000e+02	-5.349000e-10
4.450000000000000e+02	-5.350000e-10
4.451000000000000e+02	-5.351000e-10
4.452000000000000e+02	-5.352000e-10
4.453000000000000e+02	-5.353000e-10
4.454000000000000e+02	-5.354000e-10
4.455000000000000e+02	-5.355000e-10
4.456000000000000e+02	-5.356000e-10
4.457000000000000e+02	-5.357000e-10
4.458000000000000e+02	-5.358000e-10
4.459000000000000e+02	-5.359000e-10
4.460000000000000e+02	-5.360000e-10
4.461000000000000e+02	-5.361000e-10
4.462000000000000e+02	-5.362000e-10
4.463000000000000e+02	-5.363000e-10
4.464000000000000e+02	-5.364000e-10
4.465000000000000e+02	-5.365000e-10
4.466000000000000e+02	-5.366000e-10
4.467000000000000e+02	-5.367000e-10
4.468000000000000e+02	-5.368000e-10
4.469000000000000e+02	-5.369000e-10
4.470000000000000e+02	-5.370000e-10
4.471000000000000e+02	-5.371000e-10
4.472000000000000e+02	-5.372000e-10
4.473000000000000e+02	-5.373000e-10
4.474000000000000e+02	-5.374000e-10
4.475000000000000e+02	-5.375000e-10
4.476000000000000e+02	-5.376000e-10
4.477000000000000e+02	-5.377000e-10
4.478000000000000e+02	-5.378000e-10
4.479000000000000e+02	-5.379000e-10
4.480000000000000e+02	-5.380000e-10
4.481000000000000e+02	-5.381000e-10
4.482000000000000e+02	-5.382000e-10
4.483000000000000e+02	-5.383000e-10
4.484000000000000e+02	-5.384000e-10
4.485000000000000e+02	-5.385000e-10
4.486000000000000e+02	-5.386000e-10
4.487000000000000e+02	-5.387000e-10
4.488000000000000e+02	-5.388000e-10
4.489000000000000e+02	-5.389000e-10
4.490000000000000e+02	-5.390000e-10
4.491000000000000e+02	-5.391000e-10
4.492000000000000e+02	-5.392000e-10
4.493000000000000e+02	-5.393000e-10
4.494000000000000e+02	-5.394000e-10
4.495000000000000e+02	-5.395000e-10
4.496000000000000e+02	-5.396000e-10
4.497000000000000e+02	-5.397000e-10
4.498000000000000e+02	-5.398000e-10
4.499000000000000e+02	-5.399000e-10
4.500000000000000e+02	-5.400000e-10
4.501000000000000e+02	-5.401000e-10
4.502000000000000e+02	-5.402000e-10
4.503000000000000e+02	-5.403000e-10
4.504000000000000e+02	-5.404000e-10
4.505000000000000e+02	-5.405000e-10
4.506000000000000e+02	-5.406000e-10
4.507000000000000e+02	-5.407000e-10
4.508000000000000e+02	-5.408000e-10
4.509000000000000e+02	-5.409000e-10
4.510000000000000e+02	-5.410000e-10
4.511000000000000e+02	-5.411000e-10
4.512000000000000e+02	-5.412000e-10
4.513000000000000e+02	-5.413000e-10
4.514000000000000e+02	-5.414000e-10
4.515000000000000e+02	-5.415000e-10
4.516000000000000e+02	-5.416000e-10
4.517000000000000e+02	-5.417000e-10
4.518000000000000e+02	-5.418000e-10
4.519000000000000e+02	-5.419000e-10
4.520000000000000e+02	-5.420000e-10
4.521000000000000e+02	-5.421000e-10
4.522000000000000e+02	-5.422000e-10
4.523000000000000e+02	-5.423000e-10
4.524000000000000e+02	-5.424000e-10
4.525000000000000e+02	-5.425000e-10
4.526000000000000e+02	-5.426000e-10
4.527000000000000e+02	-5.427000e-10
4.528000000000000e+02	-5.428000e-10
4.529000000000000e+02	-5.429000e-10
4.530000000000000e+02	-5.430000e-10
4.531000000000000e+02	-5.431000e-10
4.532000000000000e+02	-5.432000e-10
4.533000000000000e+02	-5.433000e-10
4.534000000000000e+02	-5.434000e-10
4.535000000000000e+02	-5.435000e-10
4.536000000000000e+02	-5.436000e-10
4.537000000000000e+02	-5.437000e-10
4.538000000000000e+02	-5.438000e-10
4.539000000000000e+02	-5.439000e-10
4.540000000000000e+02	-5.440000e-10
4.541000000000000e+02	-5.441000e-10
4.542000000000000e+02	-5.442000e-10
4.543000000000000e+02	-5.443000e-10
4.544000000000000e+02	-5.444000e-10
4.545000000000000e+02	-5.445000e-10
4.546000000000000e+02	-5.446000e-10
4.547000000000000e+02	-5.447000e-10
4.548000000000000e+02	-5.448000e-10
4.549000000000000e+02	-5.449000e-10
4.550000000000000e+02	-5.450000e-10
4.551000000000000e+02	-5.451000e-10
4.552000000000000e+02	-5.452000e-10
4.553000000000000e+02	-5.453000e-10
4.554000000000000e+02	-5.454000e-10
4.555000000000000e+02	-5.455000e-10
4.556000000000000e+02	-5.456000e-10
4.557000000000000e+02	-5.457000e-10
4.558000000000000e+02	-5.458000e-10
4.559000000000000e+02	-5.459000e-10
4.560000000000000e+02	-5.460000e-10
4.561000000000000e+02	-5.461000e-10
4.562000000000000e+02	-5.462000e-10
4.563000000000000e+02	-5.463000e-10
4.564000000000000e+02	-5.464000e-10
4.565000000000000e+02	-5.465000e-10
4.566000000000000e+02	-5.466000e-10
4.567000000000000e+02	-5.467000e-10
4.568000000000000e+02	-5.468000e-10
4.569000000000000e+02	-5.469000e-10
4.570000000000000e+02	-5.470000e-10
4.571000000000000e+02	-5.471000e-10
4.572000000000000e+02	-5.472000e-10
4.573000000000000e+02	-5.473000e-10
4.574000000000000e+02	-5.474000e-10
4.575000000000000e+02	-5.475000e-10
4.576000000000000e+02	-5.476000e-10
4.577000000000000e+02	-5.477000e-10
4.578000000000000e+02	-5.478000e-10
4.579000000000000e+02	-5.479000e-10
4.580000000000000e+02	-5.480000e-10
4.581000000000000e+02	-5.481000e-10
4.582000000000000e+02	-5.482000e-10
4.583000000000000e+02	-5.483000e-10
4.584000000000000e+02	-5.484000e-10
4.585000000000000e+02	-5.485000e-10
4.586000000000000e+02	-5.486000e-10
4.587000000000000e+02	-5.487000e-10
4.588000000000000e+02	-5.488000e-10
4.589000000000000e+02	-5.489000e-10
4.590000000000000e+02	-5.490000e-10
4.591000000000000e+02	-5.491000e-10
4.592000000000000e+02	-5.492000e-10
4.593000000000000e+02	-5.493000e-10
4.594000000000000e+02	-5.494000e-10
4.595000000000000e+02	-5.495000e-10
4.596000000000000e+02	-5.496000e-10
4.597000000000000e+02	-5.497000e-10
4.598000000000000e+02	-5.498000e-10
4.599000000000000e+02	-5.499000e-10
4.600000000000000e+02	-5.500000e-10
4.601000000000000e+02	-5.501000e-10
4.602000000000000e+02	-5.502000e-10
4.603000000000000e+02	-5.503000e-10
4.604000000000000e+02	-5.504000e-10
4.605000000000000e+02	-5.505000e-10
4.606000000000000e+02	-5.506000e-10
4.607000000000000e+02	-5.507000e-10
4.608000000000000e+02	-5.508000e-10
4.609000000000000e+02	-5.509000e-10
4.610000000000000e+02	-5.510000e-10
4.611000000000000e+02	-5.511000e-10
4.612000000000000e+02	-5.512000e-10
4.613000000000000e+02	-5.513000e-10
4.614000000000000e+02	-5.514000e-10
4.615000000000000e+02	-5.515000e-10
4.616000000000000e+02	-5.516000e-10
4.617000000000000e+02	-5.517000e-10
4.618000000000000e+02	-5.518000e-10
4.619000000000000e+02	-5.519000e-10
4.620000000000000e+02	-5.520000e-10
4.621000000000000e+02	-5.521000e-10
4.622000000000000e+02	-5.522000e-10
4.623000000000000e+02	-5.523000e-10
4.624000000000000e+02	-5.524000e-10
4.625000000000000e+02	-5.525000e-10
4.626000000000000e+02	-5.526000e-10
4.627000000000000e+02	-5.527000e-10
4.628000000000000e+02	-5.528000e-10
4.629000000000000e+02	-5.529000e-10
4.630000000000000e+02	-5.530000e-10
4.631000000000000e+02	-5.531000e-10
4.632000000000000e+02	-5.532000e-10
4.633000000000000e+02	-5.533000e-10
4.634000000000000e+02	-5.534000e-10
4.635000000000000e+02	-5.535000e-10
4.636000000000000e+02	-5.536000e-10
4.637000000000000e+02	-5.537000e-10
4.638000000000000e+02	-5.538000e-10
4.639000000000000e+02	-5.539000e-10
4.640000000000000e+02	-5.540000e-10
4.641000000000000e+02	-5.541000e-10
4.642000000000000e+02	-5.542000e-10
4.643000000000000e+02	-5.543000e-10
4.644000000000000e+02	-5.544000e-10
4.645000000000000e+02	-5.545000e-10
4.646000000000000e+02	-5.546000e-10
4.647000000000000e+02	-5.547000e-10
4.648000000000000e+02	-5.548000e-10
4.649000000000000e+02	-5.549000e-10
4.650000000000000e+02	-5.550000e-10
4.651000000000000e+02	-5.551000e-10
4.652000000000000e+02	-5.552000e-10
4.653000000000000e+02	-5.553000e-10
4.654000000000000e+02	-5.554000e-10
4.655000000000000e+02	-5.555000e-10
4.656000000000000e+02	-5.556000e-10
4.657000000000000e+02	-5.557000e-10
4.658000000000000e+02	-5.558000e-10
4.659000000000000e+02	-5.559000e-10
4.660000000000000e+02	-5.560000e-10
4.661000000000000e+02	-5.561000e-10
4.662000000000000e+02	-5.562000e-10
4.663000000000000e+02	-5.563000e-10
4.664000000000000e+02	-5.564000e-10
4.665000000000000e+02	-5.565000e-10
4.666000000000000e+02	-5.566000e-10
4.667000000000000e+02	-5.567000e-10
4.668000000000000e+02	-5.568000e-10
4.669000000000000e+02	-5.569000e-10
4.670000000000000e+02	-5.570000e-10
4.671000000000000e+02	-5.571000e-10
4.672000000000000e+02	-5.572000e-10
4.673000000000000e+02	-5.573000e-10
4.674000000000000e+02	-5.574000e-10
4.675000000000000e+02	-5.575000e-10
4.676000000000000e+02	-5.576000e-10
4.677000000000000e+02	-5.577000e-10
4.678000000000000e+02	-5.578000e-10
4.679000000000000e+02	-5.579000e-10
4.680000000000000e+02	-5.580000e-10
4.681000000000000e+02	-5.581000e-10
4.682000000000000e+02	-5.582000e-10
4.683000000000000e+02	-5.583000e-10
4.684000000000000e+02	-5.584000e-10
4.685000000000000e+02	-5.585000e-10
4.686000000000000e+02	-5.586000e-10
4.687000000000000e+02	-5.587000e-10
4.688000000000000e+02	-5.588000e-10
4.689000000000000e+02	-5.589000e-10
4.690000000000000e+02	-5.590000e-10
4.691000000000000e+02	-5.591000e-10
4.692000000000000e+02	-5.592000e-10
4.693000000000000e+02	-5.593000e-10
4.694000000000000e+02	-5.594000e-10
4.695000000000000e+02	-5.595000e-10
4.696000000000000e+02	-5.596000e-10
4.697000000000000e+02	-5.597000e-10
4.698000000000000e+02	-5.598000e-10
4.699000000000000e+02	-5.599000e-10
4.700000000000000e+02	-5.600000e-10
4.701000000000000e+02	-5.601000e-10
4.702000000000000e+02	-5.602000e-10
4.703000000000000e+02	-5.603000e-10
4.704000000000000e+02	-5.604000e-10
4.705000000000000e+02	-5.605000e-10
4.706000000000000e+02	-5.606000e-10
4.707000000000000e+02	-5.607000e-10
4.708000000000000e+02	-5.608000e-10
4.709000000000000e+02	-5.609000e-10
4.710000000000000e+02	-5.610000e-10
4.711000000000000e+02	-5.611000e-10
4.712000000000000e+02	-5.612000e-10
4.713000000000000e+02	-5.613000e-10
4.714000000000000e+02	-5.614000e-10
4.715000000000000e+02	-5.615000e-10
4.716000000000000e+02	-5.616000e-10
4.717000000000000e+02	-5.617000e-10
4.718000000000000e+02	-5.618000e-10
4.719000000000000e+02	-5.619000e-10
4.720000000000000e+02	-5.620000e-10
4.721000000000000e+02	-5.621000e-10
4.722000000000000e+02	-5.622000e-10
4.723000000000000e+02	-5.623000e-10
4.724000000000000e+02	-5.624000e-10
4.725000000000000e+02	-5.625000e-10
4.726000000000000e+02	-5.626000e-10
4.727000000000000e+02	-5.627000e-10
4.728000000000000e+02	-5.628000e-10
4.729000000000000e+02	-5.629000e-10
4.730000000000000e+02	-5.630000e-10
4.731000000000000e+02	-5.631000e-10
4.732000000000000e+02	-5.632000e-10
4.733000000000000e+02	-5.633000e-10
4.734000000000000e+02	-5.634000e-10
4.735000000000000e+02	-5.635000e-10
4.736000000000000e+02	-5.636000e-10
4.737000000000000e+02	-5.637000e-10
4.738000000000000e+02	-5.638000e-10
4.739000000000000e+02	-5.639000e-10
4.740000000000000e+02	-5.640000e-10
4.741000000000000e+02	-5.641000e-10
4.742000000000000e+02	-5.642000e-10
4.743000000000000e+02	-5.643000e-10
4.744000000000000e+02	-5.644000e-10
4.745000000000000e+02	-5.645000e-10
4.746000000000000e+02	-5.646000e-10
4.747000000000000e+02	-5.647000e-10
4.748000000000000e+02	-5.648000e-10
4.749000000000000e+02	-5.649000e-10
4.750000000000000e+02	-5.650000e-10
4.751000000000000e+02	-5.651000e-10
4.752000000000000e+02	-5.652000e-10
4.753000000000000e+02	-5.653000e-10
4.754000000000000e+02	-5.654000e-10
4.755000000000000e+02	-5.655000e-10
4.756000000000000e+02	-5.656000e-10
4.757000000000000e+02	-5.657000e-10
4.758000000000000e+02	-5.658000e-10
4.759000000000000e+02	-5.659000e-10
4.760000000000000e+02	-5.660000e-10
4.761000000000000e+02	-5.661000e-10
4.762000000000000e+02	-5.662000e-10
4.763000000000000e+02	-5.663000e-10
4.764000000000000e+02	-5.664000e-10
4.765000000000000e+02	-5.665000e-10
4.766000000000000e+02	-5.666000e-10
4.767000000000000e+02	-5.667000e-10
4.768000000000000e+02	-5.668000e-10
4.769000000000000e+02	-5.669000e-10
4.770000000000000e+02	-5.670000e-10
4.771000000000000e+02	-5.671000e-10
4.772000000000000e+02	-5.672000e-10
4.773000000000000e+02	-5.673000e-10
4.774000000000000e+02	-5.674000e-10
4.775000000000000e+02	-5.675000e-10
4.776000000000000e+02	-5.676000e-10
4.777000000000000e+02	-5.677000e-10
4.778000000000000e+02	-5.678000e-10
4.779000000000000e+02	-5.679000e-10
4.780000000000000e+02	-5.680000e-10
4.781000000000000e+02	-5.681000e-10
4.782000000000000e+02	-5.682000e-10
4.783000000000000e+02	-5.683000e-10
4.784000000000000e+02	-5.684000e-10
4.785000000000000e+02	-5.685000e-10
4.786000000000000e+02	-5.686000e-10
4.787000000000000e+02	-5.687000e-10
4.788000000000000e+02	-5.688000e-10
4.789000000000000e+02	-5.689000e-10
4.790000000000000e+02	-5.690000e-10
4.791000000000000e+02	-5.691000e-10
4.792000000000000e+02	-5.692000e-10
4.793000000000000e+02	-5.693000e-10
4.794000000000000e+02	-5.694000e-10
4.795000000000000e+02	-5.695000e-10
4.796000000000000e+02	-5.696000e-10
4.797000000000000e+02	-5.697000e-10
4.798000000000000e+02	-5.698000e-10
4.799000000000000e+02	-5.699000e-10
4.800000000000000e+02	-5.700000e-10
4.801000000000000e+02	-5.701000e-10
4.802000000000000e+02	-5.702000e-10
4.803000000000000e+02	-5.703000e-10
4.804000000000000e+02	-5.704000e-10
4.805000000000000e+02	-5.705000e-10
4.806000000000000e+02	-5.706000e-10
4.807000000000000e+02	-5.707000e-10
4.808000000000000e+02	-5.708000e-10
4.809000000000000e+02	-5.709000e-10
4.810000000000000e+02	-5.710000e-10
4.811000000000000e+02	-5.711000e-10
4.812000000000000e+02	-5.712000e-10
4.813000000000000e+02	-5.713000e-10
4.814000000000000e+02	-5.714000e-10
4.815000000000000e+02	-5.715000e-10
4.816000000000000e+02	-5.716000e-10
4.817000000000000e+02	-5.717000e-10
4.818000000000000e+02	-5.718000e-10
4.819000000000000e+02	-5.719000e-10
4.820000000000000e+02	-5.720000e-10
4.821000000000000e+02	-5.721000e-10
4.822000000000000e+02	-5.722000e-10
4.823000000000000e+02	-5.723000e-10
4.824000000000000e+02	-5.724000e-10
4.825000000000000e+02	-5.725000e-10
4.826000000000000e+02	-5.726000e-10
4.827000000000000e+02	-5.727000e-10
4.828000000000000e+02	-5.728000e-10
4.829000000000000e+02	-5.729000e-10
4.830000000000000e+02	-5.730000e-10
4.831000000000000e+02	-5.731000e-10
4.832000000000000e+02	-5.732000e-10
4.833000000000000e+02	-5.733000e-10
4.834000000000000e+02	-5.734000e-10
4.835000000000000e+02	-5.735000e-10
4.836000000000000e+02	-5.736000e-10
4.837000000000000e+02	-5.737000e-10
4.838000000000000e+02	-5.738000e-10
4.839000000000000e+02	-5.739000e-10
4.840000000000000e+02	-5.740000e-10
4.841000000000000e+02	-5.741000e-10
4.842000000000000e+02	-5.742000e-10
4.843000000000000e+02	-5.743000e-10
4.844000000000000e+02	-5.744000e-10
4.845000000000000e+02	-5.745000e-10
4.846000000000000e+02	-5.746000e-10
4.847000000000000e+02	-5.747000e-10
4.848000000000000e+02	-5.748000e-10
4.849000000000000e+02	-5.749000e-10
4.850000000000000e+02	-5.750000e-10
4.851000000000000e+02	-5.751000e-10
4.852000000000000e+02	-5.752000e-10
4.853000000000000e+02	-5.753000e-10
4.854000000000000e+02	-5.754000e-10
4.855000000000000e+02	-5.755000e-10
4.856000000000000e+02	-5.756000e-10
4.857000000000000e+02	-5.757000e-10
4.858000000000000e+02	-5.758000e-10
4.859000000000000e+02	-5.759000e-10
4.860000000000000e+02	-5.760000e-10
4.861000000000000e+02	-5.761000e-10
4.862000000000000e+02	-5.762000e-10
4.863000000000000e+02	-5.763000e-10
4.864000000000000e+02	-5.764000e-10
4.865000000000000e+02	-5.765000e-10
4.866000000000000e+02	-5.766000e-10
4.867000000000000e+02	-5.767000e-10
4.868000000000000e+02	-5.768000e-10
4.869000000000000e+02	-5.769000e-10
4.870000000000000e+02	-5.770000e-10
4.871000000000000e+02	-5.771000e-10
4.872000000000000e+02	-5.772000e-10
4.873000000000000e+02	-5.773000e-10
4.874000000000000e+02	-5.774000e-10
4.875000000000000e+02	-5.775000e-10
4.876000000000000e+02	-5.776000e-10
4.877000000000000e+02	-5.777000e-10
4.878000000000000e+02	-5.778000e-10
4.879000000000000e+02	-5.779000e-10
4.880000000000000e+02	-5.780000e-10
4.881000000000000e+02	-5.781000e-10
4.882000000000000e+02	-5.782000e-10
4.883000000000000e+02	-5.783000e-10
4.884000000000000e+02	-5.784000e-10
4.885000000000000e+02	-5.785000e-10
4.886000000000000e+02	-5.786000e-10
4.887000000000000e+02	-5.787000e-10
4.888000000000000e+02	-5.788000e-10
4.889000000000000e+02	-5.789000e-10
4.890000000000000e+02	-5.790000e-10
4.891000000000000e+02	-5.791000e-10
4.892000000000000e+02	-5.792000e-10
4.893000000000000e+02	-5.793000e-10
4.894000000000000e+02	-5.794000e-10
4.895000000000000e+02	-5.795000e-10
4.896000000000000e+02	-5.796000e-10
4.897000000000000e+02	-5.797000e-10
4.898000000000000e+02	-5.798000e-10
4.899000000000000e+02	-5.799000e-10
4.900000000000000e+02	-5.800000e-10
4.901000000000000e+02	-5.801000e-10
4.902000000000000e+02	-5.802000e-10
4.903000000000000e+02	-5.803000e-10
4.904000000000000e+02	-5.804000e-10
4.905000000000000e+02	-5.805000e-10
4.906000000000000e+02	-5.806000e-10
4.907000000000000e+02	-5.807000e-10
4.908000000000000e+02	-5.808000e-10
4.909000000000000e+02	-5.809000e-10
4.910000000000000e+02	-5.810000e-10
4.911000000000000e+02	-5.811000e-10
4.912000000000000e+02	-5.812000e-10
4.913000000000000e+02	-5.813000e-10
4.914000000000000e+02	-5.814000e-10
4.915000000000000e+02	-5.815000e-10
4.916000000000000e+02	-5.816000e-10
4.917000000000000e+02	-5.817000e-10
4.918000000000000e+02	-5.818000e-10
4.919000000000000e+02	-5.819000e-10
4.920000000000000e+02	-5.820000e-10
4.921000000000000e+02	-5.821000e-10
4.922000000000000e+02	-5.822000e-10
4.923000000000000e+02	-5.823000e-10
4.924000000000000e+02	-5.824000e-10
4.925000000000000e+02	-5.825000e-10
4.926000000000000e+02	-5.826000e-10
4.927000000000000e+02	-5.827000e-10
4.928000000000000e+02	-5.828000e-10
4.929000000000000e+02	-5.829000e-10
4.930000000000000e+02	-5.830000e-10
4.931000000000000e+02	-5.831000e-10
4.932000000000000e+02	-5.832000e-10
4.933000000000000e+02	-5.833000e-10
4.934000000000000e+02	-5.834000e-10
4.935000000000000e+02	-5.835000e-10
4.936000000000000e+02	-5.836000e-10
4.937000000000000e+02	-5.837000e-10
4.938000000000000e+02	-5.838000e-10
4.939000000000000e+02	-5.839000e-10
4.940000000000000e+02	-5.840000e-10
4.941000000000000e+02	-5.841000e-10
4.942000000000000e+02	-5.842000e-10
4.943000000000000e+02	-5.843000e-10
4.944000000000000e+02	-5.844000e-10
4.945000000000000e+02	-5.845000e-10
4.946000000000000e+02	-5.846000e-10
4.947000000000000e+02	-5.847000e-10
4.948000000000000e+02	-5.848000e-10
4.949000000000000e+02	-5.849000e-10
4.950000000000000e+02	-5.850000e-10
4.951000000000000e+02	-5.851000e-10
4.952000000000000e+02	-5.852000e-10
4.953000000000000e+02	-5.853000e-10
4.954000000000000e+02	-5.854000e-10
4.955000000000000e+02	-5.855000e-10
4.956000000000000e+02	-5.856000e-10
4.957000000000000e+02	-5.857000e-10
4.958000000000000e+02	-5.858000e-10
4.959000000000000e+02	-5.859000e-10
4.960000000000000e+02	-5.860000e-10
4.961000000000000e+02	-5.861000e-10
4.962000000000000e+02	-5.862000e-10
4.963000000000000e+02	-5.863000e-10
4.964000000000000e+02	-5.864000e-10
4.965000000000000e+02	-5.865000e-10
4.966000000000000e+02	-5.866000e-10
4.967000000000000e+02	-5.867000e-10
4.968000000000000e+02	-5.868000e-10
4.969000000000000e+02	-5.869000e-10
4.970000000000000e+02	-5.870000e-10
4.971000000000000e+02	-5.871000e-10
4.972000000000000e+02	-5.872000e-10
4.973000000000000e+02	-5.873000e-10
4.974000000000000e+02	-5.874000e-10
4.975000000000000e+02	-5.875000e-10
4.976000000000000e+02	-5.876000e-10
4.977000000000000e+02	-5.877000e-10
4.978000000000000e+02	-5.878000e-10
4.979000000000000e+02	-5.879000e-10
4.980000000000000e+02	-5.880000e-10
4.981000000000000e+02	-5.881000e-10
4.982000000000000e+02	-5.882000e-10
4.983000000000000e+02	-5.883000e-10
4.984000000000000e+02	-5.884000e-10
4.985000000000000e+02	-5.885000e-10
4.986000000000000e+02	-5.886000e-10
4.987000000000000e+02	-5.887000e-10
4.988000000000000e+02	-5.888000e-10
4.989000000000000e+02	-5.889000e-10
4.990000000000000e+02	-5.890000e-10
4.991000000000000e+02	-5.891000e-10
4.992000000000000e+02	-5.892000e-10
4.993000000000000e+02	-5.893000e-10
4.994000000000000e+02	-5.894000e-10
4.995000000000000e+02	-5.895000e-10
4.996000000000000e+02	-5.896000e-10
4.997000000000000e+02	-5.897000e-10
4.998000000000000e+02	-5.898000e-10
4.999000000000000e+02	-5.899000e-10
5.000000000000000e+02	-5.900000e-10
5.001000000000000e+02	-5.901000e-10
5.002000000000000e+02	-5.902000e-10
5.003000000000000e+02	-5.903000e-10
5.004000000000000e+02	-5.904000e-10
5.005000000000000e+02	-5.905000e-10
5.006000000000000e+02	-5.906000e-10
5.007000000000000e+02	-5.907000e-10
5.008000000000000e+02	-5.908000e-10
5.009000000000000e+02	-5.909000e-10
5.010000000000000e+02	-5.910000e-10
5.011000000000000e+02	-5.911000e-10
5.012000000000000e+02	-5.912000e-10
5.013000000000000e+02	-5.913000e-10
5.014000000000000e+02	-5.914000e-10
5.015000000000000e+02	-5.915000e-10
5.016000000000000e+02	-5.916000e-10
5.017000000000000e+02	-5.917000e-10
5.018000000000000e+02	-5.918000e-10
5.019000000000000e+02	-5.919000e-10
5.020000000000000e+02	-5.920000e-10
5.021000000000000e+02	-5.921000e-10
5.022000000000000e+02	-5.922000e-10
5.023000000000001e+02	-5.923000e-10
5.024000000000000e+02	-5.924000e-10
5.025000000000000e+02	-5.925000e-10
5.026000000000000e+02	-5.926000e-10
5.027000000000000e+02	-5.927000e-10
5.028000000000001e+02	-5.928000e-10
5.029000000000000e+02	-5.929000e-10
5.030000000000000e+02	-5.930000e-10
5.031000000000000e+02	-5.931000e-10
5.032000000000000e+02	-5.932000e-10
5.033000000000001e+02	-5.933000e-10
5.034000000000000e+02	-5.934000e-10
5.035000000000000e+02	-5.935000e-10
5.036000000000000e+02	-5.936000e-10
5.037000000000000e+02	-5.937000e-10
5.038000000000001e+02	-5.938000e-10
5.039000000000000e+02	-5.939000e-10
5.040000000000000e+02	-5.940000e-10
5.041000000000000e+02	-5.941000e-10
5.042000000000000e+02	-5.942000e-10
5.043000000000001e+02	-5.943000e-10
5.044000000000000e+02	-5.944000e-10
5.045000000000000e+02	-5.945000e-10
5.046000000000000e+02	-5.946000e-10
5.047000000000000e+02	-5.947000e-10
5.048000000000001e+02	-5.948000e-10
5.049000000000000e+02	-5.949000e-10
5.050000000000000e+02	-5.950000e-10
5.051000000000000e+02	-5.951000e-10
5.052000000000000e+02	-5.952000e-10
5.053000000000001e+02	-5.953000e-10
5.054000000000000e+02	-5.954000e-10
5.055000000000000e+02	-5.955000e-10
5.056000000000000e+02	-5.956000e-10
5.057000000000000e+02	-5.957000e-10
5.058000000000001e+02	-5.958000e-10
5.059000000000000e+02	-5.959000e-10
5.060000000000000e+02	-5.960000e-10
5.061000000000000e+02	-5.961000e-10
5.062000000000000e+02	-5.962000e-10
5.063000000000001e+02	-5.963000e-10
5.064000000000000e+02	-5.964000e-10
5.065000000000000e+02	-5.965000e-10
5.066000000000000e+02	-5.966000e-10
5.067000000000000e+02	-5.967000e-10
5.068000000000001e+02	-5.968000e-10
5.069000000000000e+02	-5.969000e-10
5.070000000000000e+02	-5.970000e-10
5.071000000000000e+02	-5.971000e-10
5.072000000000000e+02	-5.972000e-10
5.073000000000001e+02	-5.973000e-10
5.074000000000000e+02	-5.974000e-10
5.075000000000000e+02	-5.975000e-10
5.076000000000000e+02	-5.976000e-10
5.077000000000000e+02	-5.977000e-10
5.078000000000001e+02	-5.978000e-10
5.079000000000000e+02	-5.979000e-10
5.080000000000000e+02	-5.980000e-10
5.081000000000000e+02	-5.981000e-10
5.082000000000000e+02	-5.982000e-10
5.083000000000001e+02	-5.983000e-10
5.084000000000000e+02	-5.984000e-10
5.085000000000000e+02	-5.985000e-10
5.086000000000000e+02	-5.986000e-10
5.087000000000000e+02	-5.987000e-10
5.088000000000001e+02	-5.988000e-10
5.089000000000000e+02	-5.989000e-10
5.090000000000000e+02	-5.990000e-10
5.091000000000000e+02	-5.991000e-10
5.092000000000000e+02	-5.992000e-10
5.093000000000001e+02	-5.993000e-10
5.094000000000000e+02	-5.994000e-10
5.095000000000000e+02	-5.995000e-10
5.096000000000000e+02	-5.996000e-10
5.097000000000000e+02	-5.997000e-10
5.098000000000001e+02	-5.998000e-10
5.099000000000000e+02	-5.999000e-10
5.100000000000000e+02	-6.000000e-10
5.101000000000000e+02	-6.001000e-10
5.102000000000000e+02	-6.002000e-10
5.103000000000001e+02	-6.003000e-10
5.104000000000000e+02	-6.004000e-10
5.105000000000000e+02	-6.005000e-10
5.106000000000000e+02	-6.006000e-10
5.107000000000000e+02	-6.007000e-10
5.108000000000001e+02	-6.008000e-10
5.109000000000000e+02	-6.009000e-10
5.110000000000000e+02	-6.010000e-10
5.111000000000000e+02	-6.011000e-10
5.112000000000000e+02	-6.012000e-10
5.113000000000001e+02	-6.013000e-10
5.114000000000000e+02	-6.014000e-10
5.115000000000000e+02	-6.015000e-10
5.116000000000000e+02	-6.016000e-10
5.117000000000000e+02	-6.017000e-10
5.118000000000001e+02	-6.018000e-10
5.119000000000000e+02	-6.019000e-10
5.120000000000000e+02	-6.020000e-10
5.121000000000000e+02	-6.021000e-10
5.122000000000000e+02	-6.022000e-10
5.123000000000001e+02	-6.023000e-10
5.124000000000000e+02	-6.024000e-10
5.125000000000000e+02	-6.025000e-10
5.126000000000000e+02	-6.026000e-10
5.127000000000000e+02	-6.027000e-10
5.128000000000001e+02	-6.028000e-10
5.129000000000000e+02	-6.029000e-10
5.130000000000000e+02	-6.030000e-10
5.131000000000000e+02	-6.031000e-10
5.132000000000000e+02	-6.032000e-10
5.133000000000001e+02	-6.033000e-10
5.134000000000000e+02	-6.034000e-10
5.135000000000000e+02	-6.035000e-10
5.136000000000000e+02	-6.036000e-10
5.137000000000000e+02	-6.037000e-10
5.138000000000001e+02	-6.038000e-10
5.139000000000000e+02	-6.039000e-10
5.140000000000000e+02	-6.040000e-10
5.141000000000000e+02	-6.041000e-10
5.142000000000000e+02	-6.042000e-10
5.143000000000001e+02	-6.043000e-10
5.144000000000000e+02	-6.044000e-10
5.145000000000000e+02	-6.045000e-10
5.146000000000000e+02	-6.046000e-10
5.147000000000000e+02	-6.047000e-10
5.148000000000001e+02	-6.048000e-10
5.149000000000000e+02	-6.049000e-10
5.150000000000000e+02	-6.050000e-10
5.151000000000000e+02	-6.051000e-10
5.152000000000000e+02	-6.052000e-10
5.153000000000001e+02	-6.053000e-10
5.154000000000000e+02	-6.054000e-10
5.155000000000000e+02	-6.055000e-10
5.156000000000000e+02	-6.056000e-10
5.157000000000000e+02	-6.057000e-10
5.158000000000001e+02	-6.058000e-10
5.159000000000000e+02	-6.059000e-10
5.160000000000000e+02	-6.060000e-10
5.161000000000000e+02	-6.061000e-10
5.162000000000000e+02	-6.062000e-10
5.163000000000001e+02	-6.063000e-10
5.164000000000000e+02	-6.064000e-10
5.165000000000000e+02	-6.065000e-10
5.166000000000000e+02	-6.066000e-10
5.167000000000000e+02	-6.067000e-10
5.168000000000001e+02	-6.068000e-10
5.169000000000000e+02	-6.069000e-10
5.170000000000000e+02	-6.070000e-10
5.171000000000000e+02	-6.071000e-10
5.172000000000000e+02	-6.072000e-10
5.173000000000001e+02	-6.073000e-10
5.174000000000000e+02	-6.074000e-10
5.175000000000000e+02	-6.075000e-10
5.176000000000000e+02	-6.076000e-10
5.177000000000000e+02	-6.077000e-10
5.178000000000001e+02	-6.078000e-10
5.179000000000000e+02	-6.079000e-10
5.180000000000000e+02	-6.080000e-10
5.181000000000000e+02	-6.081000e-10
5.182000000000000e+02	-6.082000e-10
5.183000000000001e+02	-6.083000e-10
5.184000000000000e+02	-6.084000e-10
5.185000000000000e+02	-6.085000e-10
5.186000000000000e+02	-6.086000e-10
5.187000000000000e+02	-6.087000e-10
5.188000000000001e+02	-6.088000e-10
5.189000000000000e+02	-6.089000e-10
5.190000000000000e+02	-6.090000e-10
5.191000000000000e+02	-6.091000e-10
5.192000000000000e+02	-6.092000e-10
5.193000000000001e+02	-6.093000e-10
5.194000000000000e+02	-6.094000e-10
5.195000000000000e+02	-6.095000e-10
5.196000000000000e+02	-6.096000e-10
5.197000000000000e+02	-6.097000e-10
5.198000000000001e+02	-6.098000e-10
5.199000000000000e+02	-6.099000e-10
5.200000000000000e+02	-6.100000e-10
5.201000000000000e+02	-6.101000e-10
5.202000000000000e+02	-6.102000e-10
5.203000000000001e+02	-6.103000e-10
5.204000000000000e+02	-6.104000e-10
5.205000000000000e+02	-6.105000e-10
5.206000000000000e+02	-6.106000e-10
5.207000000000000e+02	-6.107000e-10
5.208000000000001e+02	-6.108000e-10
5.209000000000000e+02	-6.109000e-10
5.210000000000000e+02	-6.110000e-10
5.211000000000000e+02	-6.111000e-10
5.212000000000000e+02	-6.112000e-10
5.213000000000001e+02	-6.113000e-10
5.214000000000000e+02	-6.114000e-10
5.215000000000000e+02	-6.115000e-10
5.216000000000000e+02	-6.116000e-10
5.217000000000000e+02	-6.117000e-10
5.218000000000001e+02	-6.118000e-10
5.219000000000000e+02	-6.119000e-10
5.220000000000000e+02	-6.120000e-10
5.221000000000000e+02	-6.121000e-10
5.222000000000000e+02	-6.122000e-10
5.223000000000001e+02	-6.123000e-10
5.224000000000000e+02	-6.124000e-10
5.225000000000000e+02	-6.125000e-10
5.226000000000000e+02	-6.126000e-10
5.227000000000000e+02	-6.127000e-10
5.228000000000001e+02	-6.128000e-10
5.229000000000000e+02	-6.129000e-10
5.230000000000000e+02	-6.130000e-10
5.231000000000000e+02	-6.131000e-10
5.232000000000000e+02	-6.132000e-10
5.233000000000001e+02	-6.133000e-10
5.234000000000000e+02	-6.134000e-10
5.235000000000000e+02	-6.135000e-10
5.236000000000000e+02	-6.136000e-10
5.237000000000000e+02	-6.137000e-10
5.238000000000001e+02	-6.138000e-10
5.239000000000000e+02	-6.139000e-10
5.240000000000000e+02	-6.140000e-10
5.241000000000000e+02	-6.141000e-10
5.242000000000000e+02	-6.142000e-10
5.243000000000001e+02	-6.143000e-10
5.244000000000000e+02	-6.144000e-10
5.245000000000000e+02	-6.145000e-10
5.246000000000000e+02	-6.146000e-10
5.247000000000000e+02	-6.147000e-10
5.248000000000001e+02	-6.148000e-10
5.249000000000000e+02	-6.149000e-10
5.250000000000000e+02	-6.150000e-10
5.251000000000000e+02	-6.151000e-10
5.252000000000000e+02	-6.152000e-10
5.253000000000001e+02	-6.153000e-10
5.254000000000000e+02	-6.154000e-10
5.255000000000000e+02	-6.155000e-10
5.256000000000000e+02	-6.156000e-10
5.257000000000000e+02	-6.157000e-10
5.258000000000001e+02	-6.158000e-10
5.259000000000000e+02	-6.159000e-10
5.260000000000000e+02	-6.160000e-10
5.261000000000000e+02	-6.161000e-10
5.262000000000000e+02	-6.162000e-10
5.263000000000001e+02	-6.163000e-10
5.264000000000000e+02	-6.164000e-10
5.265000000000000e+02	-6.165000e-10
5.266000000000000e+02	-6.166000e-10
5.267000000000000e+02	-6.167000e-10
5.268000000000001e+02	-6.168000e-10
5.269000000000000e+02	-6.169000e-10
5.270000000000000e+02	-6.170000e-10
5.271000000000000e+02	-6.171000e-10
5.272000000000000e+02	-6.172000e-10
5.273000000000001e+02	-6.173000e-10
5.274000000000000e+02	-6.174000e-10
5.275000000000000e+02	-6.175000e-10
5.276000000000000e+02	-6.176000e-10
5.277000000000000e+02	-6.177000e-10
5.278000000000001e+02	-6.178000e-10
5.279000000000000e+02	-6.179000e-10
5.280000000000000e+02	-6.180000e-10
5.281000000000000e+02	-6.181000e-10
5.282000000000000e+02	-6.182000e-10
5.283000000000001e+02	-6.183000e-10
5.284000000000000e+02	-6.184000e-10
5.285000000000000e+02	-6.185000e-10
5.286000000000000e+02	-6.186000e-10
5.287000000000000e+02	-6.187000e-10
5.288000000000001e+02	-6.188000e-10
5.289000000000000e+02	-6.189000e-10
5.290000000000000e+02	-6.190000e-10
5.291000000000000e+02	-6.191000e-10
5.292000000000000e+02	-6.192000e-10
5.293000000000001e+02	-6.193000e-10
5.294000000000000e+02	-6.194000e-10
5.295000000000000e+02	-6.195000e-10
5.296000000000000e+02	-6.196000e-10
5.297000000000000e+02	-6.197000e-10
5.298000000000001e+02	-6.198000e-10
5.299000000000000e+02	-6.199000e-10
5.300000000000000e+02	-6.200000e-10
5.301000000000000e+02	-6.201000e-10
5.302000000000000e+02	-6.202000e-10
5.303000000000001e+02	-6.203000e-10
5.304000000000000e+02	-6.204000e-10
5.305000000000000e+02	-6.205000e-10
5.306000000000000e+02	-6.206000e-10
5.307000000000000e+02	-6.207000e-10
5.308000000000001e+02	-6.208000e-10
5.309000000000000e+02	-6.209000e-10
5.310000000000000e+02	-6.210000e-10
5.311000000000000e+02	-6.211000e-10
5.312000000000000e+02	-6.212000e-10
5.313000000000001e+02	-6.213000e-10
5.314000000000000e+02	-6.214000e-10
5.315000000000000e+02	-6.215000e-10
5.316000000000000e+02	-6.216000e-10
5.317000000000000e+02	-6.217000e-10
5.318000000000001e+02	-6.218000e-10
5.319000000000000e+02	-6.219000e-10
5.320000000000000e+02	-6.220000e-10
5.321000000000000e+02	-6.221000e-10
5.322000000000000e+02	-6.222000e-10
5.323000000000001e+02	-6.223000e-10
5.324000000000000e+02	-6.224000e-10
5.325000000000000e+02	-6.225000e-10
5.326000000000000e+02	-6.226000e-10
5.327000000000000e+02	-6.227000e-10
5.328000000000001e+02	-6.228000e-10
5.329000000000000e+02	-6.229000e-10
5.330000000000000e+02	-6.230000e-10
5.331000000000000e+02	-6.231000e-10
5.332000000000000e+02	-6.232000e-10
5.333000000000001e+02	-6.233000e-10
5.334000000000000e+02	-6.234000e-10
5.335000000000000e+02	-6.235000e-10
5.336000000000000e+02	-6.236000e-10
5.337000000000000e+02	-6.237000e-10
5.338000000000001e+02	-6.238000e-10
5.339000000000000e+02	-6.239000e-10
5.340000000000000e+02	-6.240000e-10
5.341000000000000e+02	-6.241000e-10
5.342000000000000e+02	-6.242000e-10
5.343000000000001e+02	-6.243000e-10
5.344000000000000e+02	-6.244000e-10
5.345000000000000e+02	-6.245000e-10
5.346000000000000e+02	-6.246000e-10
5.347000000000000e+02	-6.247000e-10
5.348000000000001e+02	-6.248000e-10
5.349000000000000e+02	-6.249000e-10
5.350000000000000e+02	-6.250000e-10
5.351000000000000e+02	-6.251000e-10
5.352000000000000e+02	-6.252000e-10
5.353000000000001e+02	-6.253000e-10
5.354000000000000e+02	-6.254000e-10
5.355000000000000e+02	-6.255000e-10
5.356000000000000e+02	-6.256000e-10
5.357000000000000e+02	-6.257000e-10
5.358000000000001e+02	-6.258000e-10
5.359000000000000e+02	-6.259000e-10
5.360000000000000e+02	-6.260000e-10
5.361000000000000e+02	-6.261000e-10
5.362000000000000e+02	-6.262000e-10
5.363000000000001e+02	-6.263000e-10
5.364000000000000e+02	-6.264000e-10
5.365000000000000e+02	-6.265000e-10
5.366000000000000e+02	-6.266000e-10
5.367000000000000e+02	-6.267000e-10
5.368000000000001e+02	-6.268000e-10
5.369000000000000e+02	-6.269000e-10
5.370000000000000e+02	-6.270000e-10
5.371000000000000e+02	-6.271000e-10
5.372000000000000e+02	-6.272000e-10
5.373000000000001e+02	-6.273000e-10
5.374000000000000e+02	-6.274000e-10
5.375000000000000e+02	-6.275000e-10
5.376000000000000e+02	-6.276000e-10
5.377000000000000e+02	-6.277000e-10
5.378000000000001e+02	-6.278000e-10
5.379000000000000e+02	-6.279000e-10
5.380000000000000e+02	-6.280000e-10
5.381000000000000e+02	-6.281000e-10
5.382000000000000e+02	-6.282000e-10
5.383000000000001e+02	-6.283000e-10
5.384000000000000e+02	-6.284000e-10
5.385000000000000e+02	-6.285000e-10
5.386000000000000e+02	-6.286000e-10
5.387000000000000e+02	-6.287000e-10
5.388000000000001e+02	-6.288000e-10
5.389000000000000e+02	-6.289000e-10
5.390000000000000e+02	-6.290000e-10
5.391000000000000e+02	-6.291000e-10
5.392000000000000e+02	-6.292000e-10
5.393000000000001e+02	-6.293000e-10
5.394000000000000e+02	-6.294000e-10
5.395000000000000e+02	-6.295000e-10
5.396000000000000e+02	-6.296000e-10
5.397000000000000e+02	-6.297000e-10
5.398000000000001e+02	-6.298000e-10
5.399000000000000e+02	-6.299000e-10
5.400000000000000e+02	-6.300000e-10
5.401000000000000e+02	-6.301000e-10
5.402000000000000e+02	-6.302000e-10
5.403000000000001e+02	-6.303000e-10
5.404000000000000e+02	-6.304000e-10
5.405000000000000e+02	-6.305000e-10
5.406000000000000e+02	-6.306000e-10
5.407000000000000e+02	-6.307000e-10
5.408000000000001e+02	-6.308000e-10
5.409000000000000e+02	-6.309000e-10
5.410000000000000e+02	-6.310000e-10
5.411000000000000e+02	-6.311000e-10
5.412000000000000e+02	-6.312000e-10
5.413000000000001e+02	-6.313000e-10
5.414000000000000e+02	-6.314000e-10
5.415000000000000e+02	-6.315000e-10
5.416000000000000e+02	-6.316000e-10
5.417000000000000e+02	-6.317000e-10
5.418000000000001e+02	-6.318000e-10
5.419000000000000e+02	-6.319000e-10
5.420000000000000e+02	-6.320000e-10
5.421000000000000e+02	-6.321000e-10
5.422000000000000e+02	-6.322000e-10
5.423000000000001e+02	-6.323000e-10
5.424000000000000e+02	-6.324000e-10
5.425000000000000e+02	-6.325000e-10
5.426000000000000e+02	-6.326000e-10
5.427000000000000e+02	-6.327000e-10
5.428000000000001e+02	-6.328000e-10
5.429000000000000e+02	-6.329000e-10
5.430000000000000e+02	-6.330000e-10
5.431000000000000e+02	-6.331000e-10
5.432000000000000e+02	-6.332000e-10
5.433000000000001e+02	-6.333000e-10
5.434000000000000e+02	-6.334000e-10
5.435000000000000e+02	-6.335000e-10
5.436000000000000e+02	-6.336000e-10
5.437000000000000e+02	-6.337000e-10
5.438000000000001e+02	-6.338000e-10
5.439000000000000e+02	-6.339000e-10
5.440000000000000e+02	-6.340000e-10
5.441000000000000e+02	-6.341000e-10
5.442000000000000e+02	-6.342000e-10
5.443000000000001e+02	-6.343000e-10
5.444000000000000e+02	-6.344000e-10
5.445000000000000e+02	-6.345000e-10
5.446000000000000e+02	-6.346000e-10
5.447000000000000e+02	-6.347000e-10
5.448000000000001e+02	-6.348000e-10
5.449000000000000e+02	-6.349000e-10
5.450000000000000e+02	-6.350000e-10
5.451000000000000e+02	-6.351000e-10
5.452000000000000e+02	-6.352000e-10
5.453000000000001e+02	-6.353000e-10
5.454000000000000e+02	-6.354000e-10
5.455000000000000e+02	-6.355000e-10
5.456000000000000e+02	-6.356000e-10
5.457000000000000e+02	-6.357000e-10
5.458000000000001e+02	-6.358000e-10
5.459000000000000e+02	-6.359000e-10
5.460000000000000e+02	-6.360000e-10
5.461000000000000e+02	-6.361000e-10
5.462000000000000e+02	-6.362000e-10
5.463000000000001e+02	-6.363000e-10
5.464000000000000e+02	-6.364000e-10
5.465000000000000e+02	-6.365000e-10
5.466000000000000e+02	-6.366000e-10
5.467000000000000e+02	-6.367000e-10
5.468000000000001e+02	-6.368000e-10
5.469000000000000e+02	-6.369000e-10
5.470000000000000e+02	-6.370000e-10
5.471000000000000e+02	-6.371000e-10
5.472000000000000e+02	-6.372000e-10
5.473000000000001e+02	-6.373000e-10
5.474000000000000e+02	-6.374000e-10
5.475000000000000e+02	-6.375000e-10
5.476000000000000e+02	-6.376000e-10
5.477000000000000e+02	-6.377000e-10
5.478000000000001e+02	-6.378000e-10
5.479000000000000e+02	-6.379000e-10
5.480000000000000e+02	-6.380000e-10
5.481000000000000e+02	-6.381000e-10
5.482000000000000e+02	-6.382000e-10
5.483000000000001e+02	-6.383000e-10
5.484000000000000e+02	-6.384000e-10
5.485000000000000e+02	-6.385000e-10
5.486000000000000e+02	-6.386000e-10
5.487000000000000e+02	-6.387000e-10
5.488000000000001e+02	-6.388000e-10
5.489000000000000e+02	-6.389000e-10
5.490000000000000e+02	-6.390000e-10
5.491000000000000e+02	-6.391000e-10
5.492000000000000e+02	-6.392000e-10
5.493000000000001e+02	-6.393000e-10
5.494000000000000e+02	-6.394000e-10
5.495000000000000e+02	-6.395000e-10
5.496000000000000e+02	-6.396000e-10
5.497000000000000e+02	-6.397000e-10
5.498000000000001e+02	-6.398000e-10
5.499000000000000e+02	-6.399000e-10
5.500000000000000e+02	-6.400000e-10
5.501000000000000e+02	-6.401000e-10
5.502000000000000e+02	-6.402000e-10
5.503000000000001e+02	-6.403000e-10
5.504000000000000e+02	-6.404000e-10
5.505000000000000e+02	-6.405000e-10
5.506000000000000e+02	-6.406000e-10
5.507000000000000e+02	-6.407000e-10
5.508000000000001e+02	-6.408000e-10
5.509000000000000e+02	-6.409000e-10
5.510000000000000e+02	-6.410000e-10
5.511000000000000e+02	-6.411000e-10
5.512000000000000e+02	-6.412000e-10
5.513000000000001e+02	-6.413000e-10
5.514000000000000e+02	-6.414000e-10
5.515000000000000e+02	-6.415000e-10
5.516000000000000e+02	-6.416000e-10
5.517000000000000e+02	-6.417000e-10
5.518000000000001e+02	-6.418000e-10
5.519000000000000e+02	-6.419000e-10
5.520000000000000e+02	-6.420000e-10
5.521000000000000e+02	-6.421000e-10
5.522000000000000e+02	-6.422000e-10
5.523000000000001e+02	-6.423000e-10
5.524000000000000e+02	-6.424000e-10
5.525000000000000e+02	-6.425000e-10
5.526000000000000e+02	-6.426000e-10
5.527000000000000e+02	-6.427000e-10
5.528000000000001e+02	-6.428000e-10
5.529000000000000e+02	-6.429000e-10
5.530000000000000e+02	-6.430000e-10
5.531000000000000e+02	-6.431000e-10
5.532000000000000e+02	-6.432000e-10
5.533000000000001e+02	-6.433000e-10
5.534000000000000e+02	-6.434000e-10
5.535000000000000e+02	-6.435000e-10
5.536000000000000e+02	-6.436000e-10
5.537000000000000e+02	-6.437000e-10
5.538000000000001e+02	-6.438000e-10
5.539000000000000e+02	-6.439000e-10
5.540000000000000e+02	-6.440000e-10
5.541000000000000e+02	-6.441000e-10
5.542000000000000e+02	-6.442000e-10
5.543000000000001e+02	-6.443000e-10
5.544000000000000e+02	-6.444000e-10
5.545000000000000e+02	-6.445000e-10
5.546000000000000e+02	-6.446000e-10
5.547000000000000e+02	-6.447000e-10
5.548000000000001e+02	-6.448000e-10
5.549000000000000e+02	-6.449000e-10
5.550000000000000e+02	-6.450000e-10
5.551000000000000e+02	-6.451000e-10
5.552000000000000e+02	-6.452000e-10
5.553000000000001e+02	-6.453000e-10
5.554000000000000e+02	-6.454000e-10
5.555000000000000e+02	-6.455000e-10
5.556000000000000e+02	-6.456000e-10
5.557000000000000e+02	-6.457000e-10
5.558000000000001e+02	-6.458000e-10
5.559000000000000e+02	-6.459000e-10
5.560000000000000e+02	-6.460000e-10
5.561000000000000e+02	-6.461000e-10
5.562000000000000e+02	-6.462000e-10
5.563000000000001e+02	-6.463000e-10
5.564000000000000e+02	-6.464000e-10
5.565000000000000e+02	-6.465000e-10
5.566000000000000e+02	-6.466000e-10
5.567000000000000e+02	-6.467000e-10
5.568000000000001e+02	-6.468000e-10
5.569000000000000e+02	-6.469000e-10
5.570000000000000e+02	-6.470000e-10
5.571000000000000e+02	-6.471000e-10
5.572000000000000e+02	-6.472000e-10
5.573000000000001e+02	-6.473000e-10
5.574000000000000e+02	-6.474000e-10
5.575000000000000e+02	-6.475000e-10
5.576000000000000e+02	-6.476000e-10
5.577000000000000e+02	-6.477000e-10
5.578000000000001e+02	-6.478000e-10
5.579000000000000e+02	-6.479000e-10
5.580000000000000e+02	-6.480000e-10
5.581000000000000e+02	-6.481000e-10
5.582000000000000e+02	-6.482000e-10
5.583000000000001e+02	-6.483000e-10
5.584000000000000e+02	-6.484000e-10
5.585000000000000e+02	-6.485000e-10
5.586000000000000e+02	-6.486000e-10
5.587000000000000e+02	-6.487000e-10
5.588000000000001e+02	-6.488000e-10
5.589000000000000e+02	-6.489000e-10
5.590000000000000e+02	-6.490000e-10
5.591000000000000e+02	-6.491000e-10
5.592000000000000e+02	-6.492000e-10
5.593000000000001e+02	-6.493000e-10
5.594000000000000e+02	-6.494000e-10
5.595000000000000e+02	-6.495000e-10
5.596000000000000e+02	-6.496000e-10
5.597000000000000e+02	-6.497000e-10
5.598000000000001e+02	-6.498000e-10
5.599000000000000e+02	-6.499000e-10
5.600000000000000e+02	-6.500000e-10
5.601000000000000e+02	-6.501000e-10
5.602000000000000e+02	-6.502000e-10
5.603000000000001e+02	-6.503000e-10
5.604000000000000e+02	-6.504000e-10
5.605000000000000e+02	-6.505000e-10
5.606000000000000e+02	-6.506000e-10
5.607000000000000e+02	-6.507000e-10
5.608000000000001e+02	-6.508000e-10
5.609000000000000e+02	-6.509000e-10
5.610000000000000e+02	-6.510000e-10
5.611000000000000e+02	-6.511000e-10
5.612000000000000e+02	-6.512000e-10
5.613000000000001e+02	-6.513000e-10
5.614000000000000e+02	-6.514000e-10
5.615000000000000e+02	-6.515000e-10
5.616000000000000e+02	-6.516000e-10
5.617000000000000e+02	-6.517000e-10
5.618000000000001e+02	-6.518000e-10
5.619000000000000e+02	-6.519000e-10
5.620000000000000e+02	-6.520000e-10
5.621000000000000e+02	-6.521000e-10
5.622000000000000e+02	-6.522000e-10
5.623000000000001e+02	-6.523000e-10
5.624000000000000e+02	-6.524000e-10
5.625000000000000e+02	-6.525000e-10
5.626000000000000e+02	-6.526000e-10
5.627000000000000e+02	-6.527000e-10
5.628000000000001e+02	-6.528000e-10
5.629000000000000e+02	-6.529000e-10
5.630000000000000e+02	-6.530000e-10
5.631000000000000e+02	-6.531000e-10
5.632000000000000e+02	-6.532000e-10
5.633000000000001e+02	-6.533000e-10
5.634000000000000e+02	-6.534000e-10
5.635000000000000e+02	-6.535000e-10
5.636000000000000e+02	-6.536000e-10
5.637000000000000e+02	-6.537000e-10
5.638000000000001e+02	-6.538000e-10
5.639000000000000e+02	-6.539000e-10
5.640000000000000e+02	-6.540000e-10
5.641000000000000e+02	-6.541000e-10
5.642000000000000e+02	-6.542000e-10
5.643000000000001e+02	-6.543000e-10
5.644000000000000e+02	-6.544000e-10
5.645000000000000e+02	-6.545000e-10
5.646000000000000e+02	-6.546000e-10
5.647000000000000e+02	-6.547000e-10
5.648000000000001e+02	-6.548000e-10
5.649000000000000e+02	-6.549000e-10
5.650000000000000e+02	-6.550000e-10
5.651000000000000e+02	-6.551000e-10
5.652000000000000e+02	-6.552000e-10
5.653000000000001e+02	-6.553000e-10
5.654000000000000e+02	-6.554000e-10
5.655000000000000e+02	-6.555000e-10
5.656000000000000e+02	-6.556000e-10
5.657000000000000e+02	-6.557000e-10
5.658000000000001e+02	-6.558000e-10
5.659000000000000e+02	-6.559000e-10
5.660000000000000e+02	-6.560000e-10
5.661000000000000e+02	-6.561000e-10
5.662000000000000e+02	-6.562000e-10
5.663000000000001e+02	-6.563000e-10
5.664000000000000e+02	-6.564000e-10
5.665000000000000e+02	-6.565000e-10
5.666000000000000e+02	-6.566000e-10
5.667000000000000e+02	-6.567000e-10
5.668000000000001e+02	-6.568000e-10
5.669000000000000e+02	-6.569000e-10
5.670000000000000e+02	-6.570000e-10
5.671000000000000e+02	-6.571000e-10
5.672000000000000e+02	-6.572000e-10
5.673000000000001e+02	-6.573000e-10
5.674000000000000e+02	-6.574000e-10
5.675000000000000e+02	-6.575000e-10
5.676000000000000e+02	-6.576000e-10
5.677000000000000e+02	-6.577000e-10
5.678000000000001e+02	-6.578000e-10
5.679000000000000e+02	-6.579000e-10
5.680000000000000e+02	-6.580000e-10
5.681000000000000e+02	-6.581000e-10
5.682000000000000e+02	-6.582000e-10
5.683000000000001e+02	-6.583000e-10
5.684000000000000e+02	-6.584000e-10
5.685000000000000e+02	-6.585000e-10
5.686000000000000e+02	-6.586000e-10
5.687000000000000e+02	-6.587000e-10
5.688000000000001e+02	-6.588000e-10
5.689000000000000e+02	-6.589000e-10
5.690000000000000e+02	-6.590000e-10
5.691000000000000e+02	-6.591000e-10
5.692000000000000e+02	-6.592000e-10
5.693000000000001e+02	-6.593000e-10
5.694000000000000e+02	-6.594000e-10
5.695000000000000e+02	-6.595000e-10
5.696000000000000e+02	-6.596000e-10
5.697000000000000e+02	-6.597000e-10
5.698000000000001e+02	-6.598000e-10
5.699000000000000e+02	-6.599000e-10
5.700000000000000e+02	-6.600000e-10
5.701000000000000e+02	-6.601000e-10
5.702000000000000e+02	-6.602000e-10
5.703000000000001e+02	-6.603000e-10
5.704000000000000e+02	-6.604000e-10
5.705000000000000e+02	-6.605000e-10
5.706000000000000e+02	-6.606000e-10
5.707000000000000e+02	-6.607000e-10
5.708000000000001e+02	-6.608000e-10
5.709000000000000e+02	-6.609000e-10
5.710000000000000e+02	-6.610000e-10
5.711000000000000e+02	-6.611000e-10
5.712000000000000e+02	-6.612000e-10
5.713000000000001e+02	-6.613000e-10
5.714000000000000e+02	-6.614000e-10
5.715000000000000e+02	-6.615000e-10
5.716000000000000e+02	-6.616000e-10
5.717000000000000e+02	-6.617000e-10
5.718000000000001e+02	-6.618000e-10
5.719000000000000e+02	-6.619000e-10
5.720000000000000e+02	-6.620000e-10
5.721000000000000e+02	-6.621000e-10
5.722000000000000e+02	-6.622000e-10
5.723000000000001e+02	-6.623000e-10
5.724000000000000e+02	-6.624000e-10
5.725000000000000e+02	-6.625000e-10
5.726000000000000e+02	-6.626000e-10
5.727000000000000e+02	-6.627000e-10
5.728000000000001e+02	-6.628000e-10
5.729000000000000e+02	-6.629000e-10
5.730000000000000e+02	-6.630000e-10
5.731000000000000e+02	-6.631000e-10
5.732000000000000e+02	-6.632000e-10
5.733000000000001e+02	-6.633000e-10
5.734000000000000e+02	-6.634000e-10
5.735000000000000e+02	-6.635000e-10
5.736000000000000e+02	-6.636000e-10
5.737000000000000e+02	-6.637000e-10
5.738000000000001e+02	-6.638000e-10
5.739000000000000e+02	-6.639000e-10
5.740000000000000e+02	-6.640000e-10
5.741000000000000e+02	-6.641000e-10
5.742000000000000e+02	-6.642000e-10
5.743000000000001e+02	-6.643000e-10
5.744000000000000e+02	-6.644000e-10
5.745000000000000e+02	-6.645000e-10
5.746000000000000e+02	-6.646000e-10
5.747000000000000e+02	-6.647000e-10
5.748000000000001e+02	-6.648000e-10
5.749000000000000e+02	-6.649000e-10
5.750000000000000e+02	-6.650000e-10
5.751000000000000e+02	-6.651000e-10
5.752000000000000e+02	-6.652000e-10
5.753000000000001e+02	-6.653000e-10
5.754000000000000e+02	-6.654000e-10
5.755000000000000e+02	-6.655000e-10
5.756000000000000e+02	-6.656000e-10
5.757000000000000e+02	-6.657000e-10
5.758000000000001e+02	-6.658000e-10
5.759000000000000e+02	-6.659000e-10
5.760000000000000e+02	-6.660000e-10
5.761000000000000e+02	-6.661000e-10
5.762000000000000e+02	-6.662000e-10
5.763000000000001e+02	-6.663000e-10
5.764000000000000e+02	-6.664000e-10
5.765000000000000e+02	-6.665000e-10
5.766000000000000e+02	-6.666000e-10
5.767000000000000e+02	-6.667000e-10
5.768000000000001e+02	-6.668000e-10
5.769000000000000e+02	-6.669000e-10
5.770000000000000e+02	-6.670000e-10
5.771000000000000e+02	-6.671000e-10
5.772000000000000e+02	-6.672000e-10
5.773000000000001e+02	-6.673000e-10
5.774000000000000e+02	-6.674000e-10
5.775000000000000e+02	-6.675000e-10
5.776000000000000e+02	-6.676000e-10
5.777000000000000e+02	-6.677000e-10
5.778000000000001e+02	-6.678000e-10
5.779000000000000e+02	-6.679000e-10
5.780000000000000e+02	-6.680000e-10
5.781000000000000e+02	-6.681000e-10
5.782000000000000e+02	-6.682000e-10
5.783000000000001e+02	-6.683000e-10
5.784000000000000e+02	-6.684000e-10
5.785000000000000e+02	-6.685000e-10
5.786000000000000e+02	-6.686000e-10
5.787000000000000e+02	-6.687000e-10
5.788000000000001e+02	-6.688000e-10
5.789000000000000e+02	-6.689000e-10
5.790000000000000e+02	-6.690000e-10
5.791000000000000e+02	-6.691000e-10
5.792000000000000e+02	-6.692000e-10
5.793000000000001e+02	-6.693000e-10
5.794000000000000e+02	-6.694000e-10
5.795000000000000e+02	-6.695000e-10
5.796000000000000e+02	-6.696000e-10
5.797000000000000e+02	-6.697000e-10
5.798000000000001e+02	-6.698000e-10
5.799000000000000e+02	-6.699000e-10
5.800000000000000e+02	-6.700000e-10
5.801000000000000e+02	-6.701000e-10
5.802000000000000e+02	-6.702000e-10
5.803000000000001e+02	-6.703000e-10
5.804000000000000e+02	-6.704000e-10
5.805000000000000e+02	-6.705000e-10
5.806000000000000e+02	-6.706000e-10
5.807000000000000e+02	-6.707000e-10
5.808000000000001e+02	-6.708000e-10
5.809000000000000e+02	-6.709000e-10
5.810000000000000e+02	-6.710000e-10
5.811000000000000e+02	-6.711000e-10
5.812000000000000e+02	-6.712000e-10
5.813000000000001e+02	-6.713000e-10
5.814000000000000e+02	-6.714000e-10
5.815000000000000e+02	-6.715000e-10
5.816000000000000e+02	-6.716000e-10
5.817000000000000e+02	-6.717000e-10
5.818000000000001e+02	-6.718000e-10
5.819000000000000e+02	-6.719000e-10
5.820000000000000e+02	-6.720000e-10
5.821000000000000e+02	-6.721000e-10
5.822000000000000e+02	-6.722000e-10
5.823000000000001e+02	-6.723000e-10
5.824000000000000e+02	-6.724000e-10
5.825000000000000e+02	-6.725000e-10
5.826000000000000e+02	-6.726000e-10
5.827000000000000e+02	-6.727000e-10
5.828000000000001e+02	-6.728000e-10
5.829000000000000e+02	-6.729000e-10
5.830000000000000e+02	-6.730000e-10
5.831000000000000e+02	-6.731000e-10
5.832000000000000e+02	-6.732000e-10
5.833000000000001e+02	-6.733000e-10
5.834000000000000e+02	-6.734000e-10
5.835000000000000e+02	-6.735000e-10
5.836000000000000e+02	-6.736000e-10
5.837000000000000e+02	-6.737000e-10
5.838000000000001e+02	-6.738000e-10
5.839000000000000e+02	-6.739000e-10
5.840000000000000e+02	-6.740000e-10
5.841000000000000e+02	-6.741000e-10
5.842000000000000e+02	-6.742000e-10
5.843000000000001e+02	-6.743000e-10
5.844000000000000e+02	-6.744000e-10
5.845000000000000e+02	-6.745000e-10
5.846000000000000e+02	-6.746000e-10
5.847000000000000e+02	-6.747000e-10
5.848000000000001e+02	-6.748000e-10
5.849000000000000e+02	-6.749000e-10
5.850000000000000e+02	-6.750000e-10
5.851000000000000e+02	-6.751000e-10
5.852000000000000e+02	-6.752000e-10
5.853000000000001e+02	-6.753000e-10
5.854000000000000e+02	-6.754000e-10
5.855000000000000e+02	-6.755000e-10
5.856000000000000e+02	-6.756000e-10
5.857000000000000e+02	-6.757000e-10
5.858000000000001e+02	-6.758000e-10
5.859000000000000e+02	-6.759000e-10
5.860000000000000e+02	-6.760000e-10
5.861000000000000e+02	-6.761000e-10
5.862000000000000e+02	-6.762000e-10
5.863000000000001e+02	-6.763000e-10
5.864000000000000e+02	-6.764000e-10
5.865000000000000e+02	-6.765000e-10
5.866000000000000e+02	-6.766000e-10
5.867000000000000e+02	-6.767000e-10
5.868000000000001e+02	-6.768000e-10
5.869000000000000e+02	-6.769000e-10
5.870000000000000e+02	-6.770000e-10
5.871000000000000e+02	-6.771000e-10
5.872000000000000e+02	-6.772000e-10
5.873000000000001e+02	-6.773000e-10
5.874000000000000e+02	-6.774000e-10
5.875000000000000e+02	-6.775000e-10
5.876000000000000e+02	-6.776000e-10
5.877000000000000e+02	-6.777000e-10
5.878000000000001e+02	-6.778000e-10
5.879000000000000e+02	-6.779000e-10
5.880000000000000e+02	-6.780000e-10
5.881000000000000e+02	-6.781000e-10
5.882000000000000e+02	-6.782000e-10
5.883000000000001e+02	-6.783000e-10
5.884000000000000e+02	-6.784000e-10
5.885000000000000e+02	-6.785000e-10
5.886000000000000e+02	-6.786000e-10
5.887000000000000e+02	-6.787000e-10
5.888000000000001e+02	-6.788000e-10
5.889000000000000e+02	-6.789000e-10
5.890000000000000e+02	-6.790000e-10
5.891000000000000e+02	-6.791000e-10
5.892000000000000e+02	-6.792000e-10
5.893000000000001e+02	-6.793000e-10
5.894000000000000e+02	-6.794000e-10
5.895000000000000e+02	-6.795000e-10
5.896000000000000e+02	-6.796000e-10
5.897000000000000e+02	-6.797000e-10
5.898000000000001e+02	-6.798000e-10
5.899000000000000e+02	-6.799000e-10
5.900000000000000e+02	-6.800000e-10
5.901000000000000e+02	-6.801000e-10
5.902000000000000e+02	-6.802000e-10
5.903000000000001e+02	-6.803000e-10
5.904000000000000e+02	-6.804000e-10
5.905000000000000e+02	-6.805000e-10
5.906000000000000e+02	-6.806000e-10
5.907000000000000e+02	-6.807000e-10
5.908000000000001e+02	-6.808000e-10
5.909000000000000e+02	-6.809000e-10
5.910000000000000e+02	-6.810000e-10
5.911000000000000e+02	-6.811000e-10
5.912000000000000e+02	-6.812000e-10
5.913000000000001e+02	-6.813000e-10
5.914000000000000e+02	-6.814000e-10
5.915000000000000e+02	-6.815000e-10
5.916000000000000e+02	-6.816000e-10
5.917000000000000e+02	-6.817000e-10
5.918000000000001e+02	-6.818000e-10
5.919000000000000e+02	-6.819000e-10
5.920000000000000e+02	-6.820000e-10
5.921000000000000e+02	-6.821000e-10
5.922000000000000e+02	-6.822000e-10
5.923000000000001e+02	-6.823000e-10
5.924000000000000e+02	-6.824000e-10
5.925000000000000e+02	-6.825000e-10
5.926000000000000e+02	-6.826000e-10
5.927000000000000e+02	-6.827000e-10
5.928000000000001e+02	-6.828000e-10
5.929000000000000e+02	-6.829000e-10
5.930000000000000e+02	-6.830000e-10
5.931000000000000e+02	-6.831000e-10
5.932000000000000e+02	-6.832000e-10
5.933000000000001e+02	-6.833000e-10
5.934000000000000e+02	-6.834000e-10
5.935000000000000e+02	-6.835000e-10
5.936000000000000e+02	-6.836000e-10
5.937000000000000e+02	-6.837000e-10
5.938000000000001e+02	-6.838000e-10
5.939000000000000e+02	-6.839000e-10
5.940000000000000e+02	-6.840000e-10
5.941000000000000e+02	-6.841000e-10
5.942000000000000e+02	-6.842000e-10
5.943000000000001e+02	-6.843000e-10
5.944000000000000e+02	-6.844000e-10
5.945000000000000e+02	-6.845000e-10
5.946000000000000e+02	-6.846000e-10
5.947000000000000e+02	-6.847000e-10
5.948000000000001e+02	-6.848000e-10
5.949000000000000e+02	-6.849000e-10
5.950000000000000e+02	-6.850000e-10
5.951000000000000e+02	-6.851000e-10
5.952000000000000e+02	-6.852000e-10
5.953000000000001e+02	-6.853000e-10
5.954000000000000e+02	-6.854000e-10
5.955000000000000e+02	-6.855000e-10
5.956000000000000e+02	-6.856000e-10
5.957000000000000e+02	-6.857000e-10
5.958000000000001e+02	-6.858000e-10
5.959000000000000e+02	-6.859000e-10
5.960000000000000e+02	-6.860000e-10
5.961000000000000e+02	-6.861000e-10
5.962000000000000e+02	-6.862000e-10
5.963000000000001e+02	-6.863000e-10
5.964000000000000e+02	-6.864000e-10
5.965000000000000e+02	-6.865000e-10
5.966000000000000e+02	-6.866000e-10
5.967000000000000e+02	-6.867000e-10
5.968000000000001e+02	-6.868000e-10
5.969000000000000e+02	-6.869000e-10
5.970000000000000e+02	-6.870000e-10
5.971000000000000e+02	-6.871000e-10
5.972000000000000e+02	-6.872000e-10
5.973000000000001e+02	-6.873000e-10
5.974000000000000e+02	-6.874000e-10
5.975000000000000e+02	-6.875000e-10
5.976000000000000e+02	-6.876000e-10
5.977000000000000e+02	-6.877000e-10
5.978000000000001e+02	-6.878000e-10
5.979000000000000e+02	-6.879000e-10
5.980000000000000e+02	-6.880000e-10
5.981000000000000e+02	-6.881000e-10
5.982000000000000e+02	-6.882000e-10
5.983000000000001e+02	-6.883000e-10
5.984000000000000e+02	-6.884000e-10
5.985000000000000e+02	-6.885000e-10
5.986000000000000e+02	-6.886000e-10
5.987000000000000e+02	-6.887000e-10
5.988000000000001e+02	-6.888000e-10
5.989000000000000e+02	-6.889000e-10
5.990000000000000e+02	-6.890000e-10
5.991000000000000e+02	-6.891000e-10
5.992000000000000e+02	-6.892000e-10
5.993000000000001e+02	-6.893000e-10
5.994000000000000e+02	-6.894000e-10
5.995000000000000e+02	-6.895000e-10
5.996000000000000e+02	-6.896000e-10
5.997000000000000e+02	-6.897000e-10
5.998000000000001e+02	-6.898000e-10
5.999000000000000e+02	-6.899000e-10
6.000000000000000e+02	-6.900000e-10
6.001000000000000e+02	-6.901000e-10
6.002000000000000e+02	-6.902000e-10
6.003000000000001e+02	-6.903000e-10
6.004000000000000e+02	-6.904000e-10
6.005000000000000e+02	-6.905000e-10
6.006000000000000e+02	-6.906000e-10
6.007000000000000e+02	-6.907000e-10
6.008000000000001e+02	-6.908000e-10
6.009000000000000e+02	-6.909000e-10
6.010000000000000e+02	-6.910000e-10
6.011000000000000e+02	-6.911000e-10
6.012000000000000e+02	-6.912000e-10
6.013000000000001e+02	-6.913000e-10
6.014000000000000e+02	-6.914000e-10
6.015000000000000e+02	-6.915000e-10
6.016000000000000e+02	-6.916000e-10
6.017000000000000e+02	-6.917000e-10
6.018000000000001e+02	-6.918000e-10
6.019000000000000e+02	-6.919000e-10
6.020000000000000e+02	-6.920000e-10
6.021000000000000e+02	-6.921000e-10
6.022000000000000e+02	-6.922000e-10
6.023000000000001e+02	-6.923000e-10
6.024000000000000e+02	-6.924000e-10
6.025000000000000e+02	-6.925000e-10
6.026000000000000e+02	-6.926000e-10
6.027000000000000e+02	-6.927000e-10
6.028000000000001e+02	-6.928000e-10
6.029000000000000e+02	-6.929000e-10
6.030000000000000e+02	-6.930000e-10
6.031000000000000e+02	-6.931000e-10
6.032000000000000e+02	-6.932000e-10
6.033000000000001e+02	-6.933000e-10
6.034000000000000e+02	-6.934000e-10
6.035000000000000e+02	-6.935000e-10
6.036000000000000e+02	-6.936000e-10
6.037000000000000e+02	-6.937000e-10
6.038000000000001e+02	-6.938000e-10
6.039000000000000e+02	-6.939000e-10
6.040000000000000e+02	-6.940000e-10
6.041000000000000e+02	-6.941000e-10
6.042000000000000e+02	-6.942000e-10
6.043000000000001e+02	-6.943000e-10
6.044000000000001e+02	-6.944000e-10
6.045000000000000e+02	-6.945000e-10
6.046000000000000e+02	-6.946000e-10
6.047000000000000e+02	-6.947000e-10
6.048000000000001e+02	-6.948000e-10
6.049000000000001e+02	-6.949000e-10
6.050000000000000e+02	-6.950000e-10
6.051000000000000e+02	-6.951000e-10
6.052000000000000e+02	-6.952000e-10
6.053000000000001e+02	-6.953000e-10
6.054000000000001e+02	-6.954000e-10
6.055000000000000e+02	-6.955000e-10
6.056000000000000e+02	-6.956000e-10
6.057000000000000e+02	-6.957000e-10
6.058000000000001e+02	-6.958000e-10
6.059000000000001e+02	-6.959000e-10
6.060000000000000e+02	-6.960000e-10
6.061000000000000e+02	-6.961000e-10
6.062000000000000e+02	-6.962000e-10
6.063000000000001e+02	-6.963000e-10
6.064000000000001e+02	-6.964000e-10
6.065000000000000e+02	-6.965000e-10
6.066000000000000e+02	-6.966000e-10
6.067000000000000e+02	-6.967000e-10
6.068000000000001e+02	-6.968000e-10
6.069000000000001e+02	-6.969000e-10
6.070000000000000e+02	-6.970000e-10
6.071000000000000e+02	-6.971000e-10
6.072000000000000e+02	-6.972000e-10
6.073000000000001e+02	-6.973000e-10
6.074000000000001e+02	-6.974000e-10
6.075000000000000e+02	-6.975000e-10
6.076000000000000e+02	-6.976000e-10
6.077000000000000e+02	-6.977000e-10
6.078000000000001e+02	-6.978000e-10
6.079000000000001e+02	-6.979000e-10
6.080000000000000e+02	-6.980000e-10
6.081000000000000e+02	-6.981000e-10
6.082000000000000e+02	-6.982000e-10
6.083000000000001e+02	-6.983000e-10
6.084000000000001e+02	-6.984000e-10
6.085000000000000e+02	-6.985000e-10
6.086000000000000e+02	-6.986000e-10
6.087000000000000e+02	-6.987000e-10
6.088000000000001e+02	-6.988000e-10
6.089000000000001e+02	-6.989000e-10
6.090000000000000e+02	-6.990000e-10
6.091000000000000e+02	-6.991000e-10
6.092000000000000e+02	-6.992000e-10
6.093000000000001e+02	-6.993000e-10
6.094000000000001e+02	-6.994000e-10
6.095000000000000e+02	-6.995000e-10
6.096000000000000e+02	-6.996000e-10
6.097000000000000e+02	-6.997000e-10
6.098000000000001e+02	-6.998000e-10
6.099000000000001e+02	-6.999000e-10
6.100000000000000e+02	-7.000000e-10
6.101000000000000e+02	-7.001000e-10
6.102000000000000e+02	-7.002000e-10
6.103000000000001e+02	-7.003000e-10
6.104000000000001e+02	-7.004000e-10
6.105000000000000e+02	-7.005000e-10
6.106000000000000e+02	-7.006000e-10
6.107000000000000e+02	-7.007000e-10
6.108000000000001e+02	-7.008000e-10
6.109000000000001e+02	-7.009000e-10
6.110000000000000e+02	-7.010000e-10
6.111000000000000e+02	-7.011000e-10
6.112000000000000e+02	-7.012000e-10
6.113000000000001e+02	-7.013000e-10
6.114000000000001e+02	-7.014000e-10
6.115000000000000e+02	-7.015000e-10
6.116000000000000e+02	-7.016000e-10
6.117000000000000e+02	-7.017000e-10
6.118000000000001e+02	-7.018000e-10
6.119000000000001e+02	-7.019000e-10
6.120000000000000e+02	-7.020000e-10
6.121000000000000e+02	-7.021000e-10
6.122000000000000e+02	-7.022000e-10
6.123000000000001e+02	-7.023000e-10
6.124000000000001e+02	-7.024000e-10
6.125000000000000e+02	-7.025000e-10
6.126000000000000e+02	-7.026000e-10
6.127000000000000e+02	-7.027000e-10
6.128000000000001e+02	-7.028000e-10
6.129000000000001e+02	-7.029000e-10
6.130000000000000e+02	-7.030000e-10
6.131000000000000e+02	-7.031000e-10
6.132000000000000e+02	-7.032000e-10
6.133000000000001e+02	-7.033000e-10
6.134000000000001e+02	-7.034000e-10
6.135000000000000e+02	-7.035000e-10
6.136000000000000e+02	-7.036000e-10
6.137000000000000e+02	-7.037000e-10
6.138000000000001e+02	-7.038000e-10
6.139000000000001e+02	-7.039000e-10
6.140000000000000e+02	-7.040000e-10
6.141000000000000e+02	-7.041000e-10
6.142000000000000e+02	-7.042000e-10
6.143000000000001e+02	-7.043000e-10
6.144000000000001e+02	-7.044000e-10
6.145000000000000e+02	-7.045000e-10
6.146000000000000e+02	-7.046000e-10
6.147000000000000e+02	-7.047000e-10
6.148000000000001e+02	-7.048000e-10
6.149000000000001e+02	-7.049000e-10
6.150000000000000e+02	-7.050000e-10
6.151000000000000e+02	-7.051000e-10
6.152000000000000e+02	-7.052000e-10
6.153000000000001e+02	-7.053000e-10
6.154000000000001e+02	-7.054000e-10
6.155000000000000e+02	-7.055000e-10
6.156000000000000e+02	-7.056000e-10
6.157000000000000e+02	-7.057000e-10
6.158000000000001e+02	-7.058000e-10
6.159000000000001e+02	-7.059000e-10
6.160000000000000e+02	-7.060000e-10
6.161000000000000e+02	-7.061000e-10
6.162000000000000e+02	-7.062000e-10
6.163000000000001e+02	-7.063000e-10
6.164000000000001e+02	-7.064000e-10
6.165000000000000e+02	-7.065000e-10
6.166000000000000e+02	-7.066000e-10
6.167000000000000e+02	-7.067000e-10
6.168000000000001e+02	-7.068000e-10
6.169000000000001e+02	-7.069000e-10
6.170000000000000e+02	-7.070000e-10
6.171000000000000e+02	-7.071000e-10
6.172000000000000e+02	-7.072000e-10
6.173000000000001e+02	-7.073000e-10
6.174000000000001e+02	-7.074000e-10
6.175000000000000e+02	-7.075000e-10
6.176000000000000e+02	-7.076000e-10
6.177000000000000e+02	-7.077000e-10
6.178000000000001e+02	-7.078000e-10
6.179000000000001e+02	-7.079000e-10
6.180000000000000e+02	-7.080000e-10
6.181000000000000e+02	-7.081000e-10
6.182000000000000e+02	-7.082000e-10
6.183000000000001e+02	-7.083000e-10
6.184000000000001e+02	-7.084000e-10
6.185000000000000e+02	-7.085000e-10
6.186000000000000e+02	-7.086000e-10
6.187000000000000e+02	-7.087000e-10
6.188000000000001e+02	-7.088000e-10
6.189000000000001e+02	-7.089000e-10
6.190000000000000e+02	-7.090000e-10
6.191000000000000e+02	-7.091000e-10
6.192000000000000e+02	-7.092000e-10
6.193000000000001e+02	-7.093000e-10
6.194000000000001e+02	-7.094000e-10
6.195000000000000e+02	-7.095000e-10
6.196000000000000e+02	-7.096000e-10
6.197000000000000e+02	-7.097000e-10
6.198000000000001e+02	-7.098000e-10
6.199000000000001e+02	-7.099000e-10
6.200000000000000e+02	-7.100000e-10
6.201000000000000e+02	-7.101000e-10
6.202000000000000e+02	-7.102000e-10
6.203000000000001e+02	-7.103000e-10
6.204000000000001e+02	-7.104000e-10
6.205000000000000e+02	-7.105000e-10
6.206000000000000e+02	-7.106000e-10
6.207000000000000e+02	-7.107000e-10
6.208000000000001e+02	-7.108000e-10
6.209000000000001e+02	-7.109000e-10
6.210000000000000e+02	-7.110000e-10
6.211000000000000e+02	-7.111000e-10
6.212000000000000e+02	-7.112000e-10
6.213000000000001e+02	-7.113000e-10
6.214000000000001e+02	-7.114000e-10
6.215000000000000e+02	-7.115000e-10
6.216000000000000e+02	-7.116000e-10
6.217000000000000e+02	-7.117000e-10
6.218000000000001e+02	-7.118000e-10
6.219000000000001e+02	-7.119000e-10
6.220000000000000e+02	-7.120000e-10
6.221000000000000e+02	-7.121000e-10
6.222000000000000e+02	-7.122000e-10
6.223000000000001e+02	-7.123000e-10
6.224000000000001e+02	-7.124000e-10
6.225000000000000e+02	-7.125000e-10
6.226000000000000e+02	-7.126000e-10
6.227000000000000e+02	-7.127000e-10
6.228000000000001e+02	-7.128000e-10
6.229000000000001e+02	-7.129000e-10
6.230000000000000e+02	-7.130000e-10
6.231000000000000e+02	-7.131000e-10
6.232000000000000e+02	-7.132000e-10
6.233000000000001e+02	-7.133000e-10
6.234000000000001e+02	-7.134000e-10
6.235000000000000e+02	-7.135000e-10
6.236000000000000e+02	-7.136000e-10
6.237000000000000e+02	-7.137000e-10
6.238000000000001e+02	-7.138000e-10
6.239000000000001e+02	-7.139000e-10
6.240000000000000e+02	-7.140000e-10
6.241000000000000e+02	-7.141000e-10
6.242000000000000e+02	-7.142000e-10
6.243000000000001e+02	-7.143000e-10
6.244000000000001e+02	-7.144000e-10
6.245000000000000e+02	-7.145000e-10
6.246000000000000e+02	-7.146000e-10
6.247000000000000e+02	-7.147000e-10
6.248000000000001e+02	-7.148000e-10
6.249000000000001e+02	-7.149000e-10
6.250000000000000e+02	-7.150000e-10
6.251000000000000e+02	-7.151000e-10
6.252000000000000e+02	-7.152000e-10
6.253000000000001e+02	-7.153000e-10
6.254000000000001e+02	-7.154000e-10
6.255000000000000e+02	-7.155000e-10
6.256000000000000e+02	-7.156000e-10
6.257000000000000e+02	-7.157000e-10
6.258000000000001e+02	-7.158000e-10
6.259000000000001e+02	-7.159000e-10
6.260000000000000e+02	-7.160000e-10
6.261000000000000e+02	-7.161000e-10
6.262000000000000e+02	-7.162000e-10
6.263000000000001e+02	-7.163000e-10
6.264000000000001e+02	-7.164000e-10
6.265000000000000e+02	-7.165000e-10
6.266000000000000e+02	-7.166000e-10
6.267000000000000e+02	-7.167000e-10
6.268000000000001e+02	-7.168000e-10
6.269000000000001e+02	-7.169000e-10
6.270000000000000e+02	-7.170000e-10
6.271000000000000e+02	-7.171000e-10
6.272000000000000e+02	-7.172000e-10
6.273000000000001e+02	-7.173000e-10
6.274000000000001e+02	-7.174000e-10
6.275000000000000e+02	-7.175000e-10
6.276000000000000e+02	-7.176000e-10
6.277000000000000e+02	-7.177000e-10
6.278000000000001e+02	-7.178000e-10
6.279000000000001e+02	-7.179000e-10
6.280000000000000e+02	-7.180000e-10
6.281000000000000e+02	-7.181000e-10
6.282000000000000e+02	-7.182000e-10
6.283000000000001e+02	-7.183000e-10
6.284000000000001e+02	-7.184000e-10
6.285000000000000e+02	-7.185000e-10
6.286000000000000e+02	-7.186000e-10
6.287000000000000e+02	-7.187000e-10
6.288000000000001e+02	-7.188000e-10
6.289000000000001e+02	-7.189000e-10
6.290000000000000e+02	-7.190000e-10
6.291000000000000e+02	-7.191000e-10
6.292000000000000e+02	-7.192000e-10
6.293000000000001e+02	-7.193000e-10
6.294000000000001e+02	-7.194000e-10
6.295000000000000e+02	-7.195000e-10
6.296000000000000e+02	-7.196000e-10
6.297000000000000e+02	-7.197000e-10
6.298000000000001e+02	-7.198000e-10
6.299000000000001e+02	-7.199000e-10
6.300000000000000e+02	-7.200000e-10
6.301000000000000e+02	-7.201000e-10
6.302000000000000e+02	-7.202000e-10
6.303000000000001e+02	-7.203000e-10
6.304000000000001e+02	-7.204000e-10
6.305000000000000e+02	-7.205000e-10
6.306000000000000e+02	-7.206000e-10
6.307000000000000e+02	-7.207000e-10
6.308000000000001e+02	-7.208000e-10
6.309000000000001e+02	-7.209000e-10
6.310000000000000e+02	-7.210000e-10
6.311000000000000e+02	-7.211000e-10
6.312000000000000e+02	-7.212000e-10
6.313000000000001e+02	-7.213000e-10
6.314000000000001e+02	-7.214000e-10
6.315000000000000e+02	-7.215000e-10
6.316000000000000e+02	-7.216000e-10
6.317000000000000e+02	-7.217000e-10
6.318000000000001e+02	-7.218000e-10
6.319000000000001e+02	-7.219000e-10
6.320000000000000e+02	-7.220000e-10
6.321000000000000e+02	-7.221000e-10
6.322000000000000e+02	-7.222000e-10
6.323000000000001e+02	-7.223000e-10
6.324000000000001e+02	-7.224000e-10
6.325000000000000e+02	-7.225000e-10
6.326000000000000e+02	-7.226000e-10
6.327000000000000e+02	-7.227000e-10
6.328000000000001e+02	-7.228000e-10
6.329000000000001e+02	-7.229000e-10
6.330000000000000e+02	-7.230000e-10
6.331000000000000e+02	-7.231000e-10
6.332000000000000e+02	-7.232000e-10
6.333000000000001e+02	-7.233000e-10
6.334000000000001e+02	-7.234000e-10
6.335000000000000e+02	-7.235000e-10
6.336000000000000e+02	-7.236000e-10
6.337000000000000e+02	-7.237000e-10
6.338000000000001e+02	-7.238000e-10
6.339000000000001e+02	-7.239000e-10
6.340000000000000e+02	-7.240000e-10
6.341000000000000e+02	-7.241000e-10
6.342000000000000e+02	-7.242000e-10
6.343000000000001e+02	-7.243000e-10
6.344000000000001e+02	-7.244000e-10
6.345000000000000e+02	-7.245000e-10
6.346000000000000e+02	-7.246000e-10
6.347000000000000e+02	-7.247000e-10
6.348000000000001e+02	-7.248000e-10
6.349000000000001e+02	-7.249000e-10
6.350000000000000e+02	-7.250000e-10
6.351000000000000e+02	-7.251000e-10
6.352000000000000e+02	-7.252000e-10
6.353000000000001e+02	-7.253000e-10
6.354000000000001e+02	-7.254000e-10
6.355000000000000e+02	-7.255000e-10
6.356000000000000e+02	-7.256000e-10
6.357000000000000e+02	-7.257000e-10
6.358000000000001e+02	-7.258000e-10
6.359000000000001e+02	-7.259000e-10
6.360000000000000e+02	-7.260000e-10
6.361000000000000e+02	-7.261000e-10
6.362000000000000e+02	-7.262000e-10
6.363000000000001e+02	-7.263000e-10
6.364000000000001e+02	-7.264000e-10
6.365000000000000e+02	-7.265000e-10
6.366000000000000e+02	-7.266000e-10
6.367000000000000e+02	-7.267000e-10
6.368000000000001e+02	-7.268000e-10
6.369000000000001e+02	-7.269000e-10
6.370000000000000e+02	-7.270000e-10
6.371000000000000e+02	-7.271000e-10
6.372000000000000e+02	-7.272000e-10
6.373000000000001e+02	-7.273000e-10
6.374000000000001e+02	-7.274000e-10
6.375000000000000e+02	-7.275000e-10
6.376000000000000e+02	-7.276000e-10
6.377000000000000e+02	-7.277000e-10
6.378000000000001e+02	-7.278000e-10
6.379000000000001e+02	-7.279000e-10
6.380000000000000e+02	-7.280000e-10
6.381000000000000e+02	-7.281000e-10
6.382000000000000e+02	-7.282000e-10
6.383000000000001e+02	-7.283000e-10
6.384000000000001e+02	-7.284000e-10
6.385000000000000e+02	-7.285000e-10
6.386000000000000e+02	-7.286000e-10
6.387000000000000e+02	-7.287000e-10
6.388000000000001e+02	-7.288000e-10
6.389000000000001e+02	-7.289000e-10
6.390000000000000e+02	-7.290000e-10
6.391000000000000e+02	-7.291000e-10
6.392000000000000e+02	-7.292000e-10
6.393000000000001e+02	-7.293000e-10
6.394000000000001e+02	-7.294000e-10
6.395000000000000e+02	-7.295000e-10
6.396000000000000e+02	-7.296000e-10
6.397000000000000e+02	-7.297000e-10
6.398000000000001e+02	-7.298000e-10
6.399000000000001e+02	-7.299000e-10
6.400000000000000e+02	-7.300000e-10
6.401000000000000e+02	-7.301000e-10
6.402000000000000e+02	-7.302000e-10
6.403000000000001e+02	-7.303000e-10
6.404000000000001e+02	-7.304000e-10
6.405000000000000e+02	-7.305000e-10
6.406000000000000e+02	-7.306000e-10
6.407000000000000e+02	-7.307000e-10
6.408000000000001e+02	-7.308000e-10
6.409000000000001e+02	-7.309000e-10
6.410000000000000e+02	-7.310000e-10
6.411000000000000e+02	-7.311000e-10
6.412000000000000e+02	-7.312000e-10
6.413000000000001e+02	-7.313000e-10
6.414000000000001e+02	-7.314000e-10
6.415000000000000e+02	-7.315000e-10
6.416000000000000e+02	-7.316000e-10
6.417000000000000e+02	-7.317000e-10
6.418000000000001e+02	-7.318000e-10
6.419000000000001e+02	-7.319000e-10
6.420000000000000e+02	-7.320000e-10
6.421000000000000e+02	-7.321000e-10
6.422000000000000e+02	-7.322000e-10
6.423000000000001e+02	-7.323000e-10
6.424000000000001e+02	-7.324000e-10
6.425000000000000e+02	-7.325000e-10
6.426000000000000e+02	-7.326000e-10
6.427000000000000e+02	-7.327000e-10
6.428000000000001e+02	-7.328000e-10
6.429000000000001e+02	-7.329000e-10
6.430000000000000e+02	-7.330000e-10
6.431000000000000e+02	-7.331000e-10
6.432000000000000e+02	-7.332000e-10
6.433000000000001e+02	-7.333000e-10
6.434000000000001e+02	-7.334000e-10
6.435000000000000e+02	-7.335000e-10
6.436000000000000e+02	-7.336000e-10
6.437000000000000e+02	-7.337000e-10
6.438000000000001e+02	-7.338000e-10
6.439000000000001e+02	-7.339000e-10
6.440000000000000e+02	-7.340000e-10
6.441000000000000e+02	-7.341000e-10
6.442000000000000e+02	-7.342000e-10
6.443000000000001e+02	-7.343000e-10
6.444000000000001e+02	-7.344000e-10
6.445000000000000e+02	-7.345000e-10
6.446000000000000e+02	-7.346000e-10
6.447000000000000e+02	-7.347000e-10
6.448000000000001e+02	-7.348000e-10
6.449000000000001e+02	-7.349000e-10
6.450000000000000e+02	-7.350000e-10
6.451000000000000e+02	-7.351000e-10
6.452000000000000e+02	-7.352000e-10
6.453000000000001e+02	-7.353000e-10
6.454000000000001e+02	-7.354000e-10
6.455000000000000e+02	-7.355000e-10
6.456000000000000e+02	-7.356000e-10
6.457000000000000e+02	-7.357000e-10
6.458000000000001e+02	-7.358000e-10
6.459000000000001e+02	-7.359000e-10
6.460000000000000e+02	-7.360000e-10
6.461000000000000e+02	-7.361000e-10
6.462000000000000e+02	-7.362000e-10
6.463000000000001e+02	-7.363000e-10
6.464000000000001e+02	-7.364000e-10
6.465000000000000e+02	-7.365000e-10
6.466000000000000e+02	-7.366000e-10
6.467000000000000e+02	-7.367000e-10
6.468000000000001e+02	-7.368000e-10
6.469000000000001e+02	-7.369000e-10
6.470000000000000e+02	-7.370000e-10
6.471000000000000e+02	-7.371000e-10
6.472000000000000e+02	-7.372000e-10
6.473000000000001e+02	-7.373000e-10
6.474000000000001e+02	-7.374000e-10
6.475000000000000e+02	-7.375000e-10
6.476000000000000e+02	-7.376000e-10
6.477000000000000e+02	-7.377000e-10
6.478000000000001e+02	-7.378000e-10
6.479000000000001e+02	-7.379000e-10
6.480000000000000e+02	-7.380000e-10
6.481000000000000e+02	-7.381000e-10
6.482000000000000e+02	-7.382000e-10
6.483000000000001e+02	-7.383000e-10
6.484000000000001e+02	-7.384000e-10
6.485000000000000e+02	-7.385000e-10
6.486000000000000e+02	-7.386000e-10
6.487000000000000e+02	-7.387000e-10
6.488000000000001e+02	-7.388000e-10
6.489000000000001e+02	-7.389000e-10
6.490000000000000e+02	-7.390000e-10
6.491000000000000e+02	-7.391000e-10
6.492000000000000e+02	-7.392000e-10
6.493000000000001e+02	-7.393000e-10
6.494000000000001e+02	-7.394000e-10
6.495000000000000e+02	-7.395000e-10
6.496000000000000e+02	-7.396000e-10
6.497000000000000e+02	-7.397000e-10
6.498000000000001e+02	-7.398000e-10
6.499000000000001e+02	-7.399000e-10
6.500000000000000e+02	-7.400000e-10
6.501000000000000e+02	-7.401000e-10
6.502000000000000e+02	-7.402000e-10
6.503000000000001e+02	-7.403000e-10
6.504000000000001e+02	-7.404000e-10
6.505000000000000e+02	-7.405000e-10
6.506000000000000e+02	-7.406000e-10
6.507000000000000e+02	-7.407000e-10
6.508000000000001e+02	-7.408000e-10
6.509000000000001e+02	-7.409000e-10
6.510000000000000e+02	-7.410000e-10
6.511000000000000e+02	-7.411000e-10
6.512000000000000e+02	-7.412000e-10
6.513000000000001e+02	-7.413000e-10
6.514000000000001e+02	-7.414000e-10
6.515000000000000e+02	-7.415000e-10
6.516000000000000e+02	-7.416000e-10
6.517000000000000e+02	-7.417000e-10
6.518000000000001e+02	-7.418000e-10
6.519000000000001e+02	-7.419000e-10
6.520000000000000e+02	-7.420000e-10
6.521000000000000e+02	-7.421000e-10
6.522000000000000e+02	-7.422000e-10
6.523000000000001e+02	-7.423000e-10
6.524000000000001e+02	-7.424000e-10
6.525000000000000e+02	-7.425000e-10
6.526000000000000e+02	-7.426000e-10
6.527000000000000e+02	-7.427000e-10
6.528000000000001e+02	-7.428000e-10
6.529000000000001e+02	-7.429000e-10
6.530000000000000e+02	-7.430000e-10
6.531000000000000e+02	-7.431000e-10
6.532000000000000e+02	-7.432000e-10
6.533000000000001e+02	-7.433000e-10
6.534000000000001e+02	-7.434000e-10
6.535000000000000e+02	-7.435000e-10
6.536000000000000e+02	-7.436000e-10
6.537000000000000e+02	-7.437000e-10
6.538000000000001e+02	-7.438000e-10
6.539000000000001e+02	-7.439000e-10
6.540000000000000e+02	-7.440000e-10
6.541000000000000e+02	-7.441000e-10
6.542000000000000e+02	-7.442000e-10
6.543000000000001e+02	-7.443000e-10
6.544000000000001e+02	-7.444000e-10
6.545000000000000e+02	-7.445000e-10
6.546000000000000e+02	-7.446000e-10
6.547000000000000e+02	-7.447000e-10
6.548000000000001e+02	-7.448000e-10
6.549000000000001e+02	-7.449000e-10
6.550000000000000e+02	-7.450000e-10
6.551000000000000e+02	-7.451000e-10
6.552000000000000e+02	-7.452000e-10
6.553000000000001e+02	-7.453000e-10
6.554000000000001e+02	-7.454000e-10
6.555000000000000e+02	-7.455000e-10
6.556000000000000e+02	-7.456000e-10
6.557000000000000e+02	-7.457000e-10
6.558000000000001e+02	-7.458000e-10
6.559000000000001e+02	-7.459000e-10
6.560000000000000e+02	-7.460000e-10
6.561000000000000e+02	-7.461000e-10
6.562000000000000e+02	-7.462000e-10
6.563000000000001e+02	-7.463000e-10
6.564000000000001e+02	-7.464000e-10
6.565000000000000e+02	-7.465000e-10
6.566000000000000e+02	-7.466000e-10
6.567000000000000e+02	-7.467000e-10
6.568000000000001e+02	-7.468000e-10
6.569000000000001e+02	-7.469000e-10
6.570000000000000e+02	-7.470000e-10
6.571000000000000e+02	-7.471000e-10
6.572000000000000e+02	-7.472000e-10
6.573000000000001e+02	-7.473000e-10
6.574000000000001e+02	-7.474000e-10
6.575000000000000e+02	-7.475000e-10
6.576000000000000e+02	-7.476000e-10
6.577000000000000e+02	-7.477000e-10
6.578000000000001e+02	-7.478000e-10
6.579000000000001e+02	-7.479000e-10
6.580000000000000e+02	-7.480000e-10
6.581000000000000e+02	-7.481000e-10
6.582000000000000e+02	-7.482000e-10
6.583000000000001e+02	-7.483000e-10
6.584000000000001e+02	-7.484000e-10
6.585000000000000e+02	-7.485000e-10
6.586000000000000e+02	-7.486000e-10
6.587000000000000e+02	-7.487000e-10
6.588000000000001e+02	-7.488000e-10
6.589000000000001e+02	-7.489000e-10
6.590000000000000e+02	-7.490000e-10
6.591000000000000e+02	-7.491000e-10
6.592000000000000e+02	-7.492000e-10
6.593000000000001e+02	-7.493000e-10
6.594000000000001e+02	-7.494000e-10
6.595000000000000e+02	-7.495000e-10
6.596000000000000e+02	-7.496000e-10
6.597000000000000e+02	-7.497000e-10
6.598000000000001e+02	-7.498000e-10
6.599000000000001e+02	-7.499000e-10
6.600000000000000e+02	-7.500000e-10
6.601000000000000e+02	-7.501000e-10
6.602000000000000e+02	-7.502000e-10
6.603000000000001e+02	-7.503000e-10
6.604000000000001e+02	-7.504000e-10
6.605000000000000e+02	-7.505000e-10
6.606000000000000e+02	-7.506000e-10
6.607000000000000e+02	-7.507000e-10
6.608000000000001e+02	-7.508000e-10
6.609000000000001e+02	-7.509000e-10
6.610000000000000e+02	-7.510000e-10
6.611000000000000e+02	-7.511000e-10
6.612000000000000e+02	-7.512000e-10
6.613000000000001e+02	-7.513000e-10
6.614000000000001e+02	-7.514000e-10
6.615000000000000e+02	-7.515000e-10
6.616000000000000e+02	-7.516000e-10
6.617000000000000e+02	-7.517000e-10
6.618000000000001e+02	-7.518000e-10
6.619000000000001e+02	-7.519000e-10
6.620000000000000e+02	-7.520000e-10
6.621000000000000e+02	-7.521000e-10
6.622000000000000e+02	-7.522000e-10
6.623000000000001e+02	-7.523000e-10
6.624000000000001e+02	-7.524000e-10
6.625000000000000e+02	-7.525000e-10
6.626000000000000e+02	-7.526000e-10
6.627000000000000e+02	-7.527000e-10
6.628000000000001e+02	-7.528000e-10
6.629000000000001e+02	-7.529000e-10
6.630000000000000e+02	-7.530000e-10
6.631000000000000e+02	-7.531000e-10
6.632000000000000e+02	-7.532000e-10
6.633000000000001e+02	-7.533000e-10
6.634000000000001e+02	-7.534000e-10
6.635000000000000e+02	-7.535000e-10
6.636000000000000e+02	-7.536000e-10
6.637000000000000e+02	-7.537000e-10
6.638000000000001e+02	-7.538000e-10
6.639000000000001e+02	-7.539000e-10
6.640000000000000e+02	-7.540000e-10
6.641000000000000e+02	-7.541000e-10
6.642000000000000e+02	-7.542000e-10
6.643000000000001e+02	-7.543000e-10
6.644000000000001e+02	-7.544000e-10
6.645000000000000e+02	-7.545000e-10
6.646000000000000e+02	-7.546000e-10
6.647000000000000e+02	-7.547000e-10
6.648000000000001e+02	-7.548000e-10
6.649000000000001e+02	-7.549000e-10
6.650000000000000e+02	-7.550000e-10
6.651000000000000e+02	-7.551000e-10
6.652000000000000e+02	-7.552000e-10
6.653000000000001e+02	-7.553000e-10
6.654000000000001e+02	-7.554000e-10
6.655000000000000e+02	-7.555000e-10
6.656000000000000e+02	-7.556000e-10
6.657000000000000e+02	-7.557000e-10
6.658000000000001e+02	-7.558000e-10
6.659000000000001e+02	-7.559000e-10
6.660000000000000e+02	-7.560000e-10
6.661000000000000e+02	-7.561000e-10
6.662000000000000e+02	-7.562000e-10
6.663000000000001e+02	-7.563000e-10
6.664000000000001e+02	-7.564000e-10
6.665000000000000e+02	-7.565000e-10
6.666000000000000e+02	-7.566000e-10
6.667000000000000e+02	-7.567000e-10
6.668000000000001e+02	-7.568000e-10
6.669000000000001e+02	-7.569000e-10
6.670000000000000e+02	-7.570000e-10
6.671000000000000e+02	-7.571000e-10
6.672000000000000e+02	-7.572000e-10
6.673000000000001e+02	-7.573000e-10
6.674000000000001e+02	-7.574000e-10
6.675000000000000e+02	-7.575000e-10
6.676000000000000e+02	-7.576000e-10
6.677000000000000e+02	-7.577000e-10
6.678000000000001e+02	-7.578000e-10
6.679000000000001e+02	-7.579000e-10
6.680000000000000e+02	-7.580000e-10
6.681000000000000e+02	-7.581000e-10
6.682000000000000e+02	-7.582000e-10
6.683000000000001e+02	-7.583000e-10
6.684000000000001e+02	-7.584000e-10
6.685000000000000e+02	-7.585000e-10
6.686000000000000e+02	-7.586000e-10
6.687000000000000e+02	-7.587000e-10
6.688000000000001e+02	-7.588000e-10
6.689000000000001e+02	-7.589000e-10
6.690000000000000e+02	-7.590000e-10
6.691000000000000e+02	-7.591000e-10
6.692000000000000e+02	-7.592000e-10
6.693000000000001e+02	-7.593000e-10
6.694000000000001e+02	-7.594000e-10
6.695000000000000e+02	-7.595000e-10
6.696000000000000e+02	-7.596000e-10
6.697000000000000e+02	-7.597000e-10
6.698000000000001e+02	-7.598000e-10
6.699000000000001e+02	-7.599000e-10
6.700000000000000e+02	-7.600000e-10
6.701000000000000e+02	-7.601000e-10
6.702000000000000e+02	-7.602000e-10
6.703000000000001e+02	-7.603000e-10
6.704000000000001e+02	-7.604000e-10
6.705000000000000e+02	-7.605000e-10
6.706000000000000e+02	-7.606000e-10
6.707000000000000e+02	-7.607000e-10
6.708000000000001e+02	-7.608000e-10
6.709000000000001e+02	-7.609000e-10
6.710000000000000e+02	-7.610000e-10
6.711000000000000e+02	-7.611000e-10
6.712000000000000e+02	-7.612000e-10
6.713000000000001e+02	-7.613000e-10
6.714000000000001e+02	-7.614000e-10
6.715000000000000e+02	-7.615000e-10
6.716000000000000e+02	-7.616000e-10
6.717000000000000e+02	-7.617000e-10
6.718000000000001e+02	-7.618000e-10
6.719000000000001e+02	-7.619000e-10
6.720000000000000e+02	-7.620000e-10
6.721000000000000e+02	-7.621000e-10
6.722000000000000e+02	-7.622000e-10
6.723000000000001e+02	-7.623000e-10
6.724000000000001e+02	-7.624000e-10
6.725000000000000e+02	-7.625000e-10
6.726000000000000e+02	-7.626000e-10
6.727000000000000e+02	-7.627000e-10
6.728000000000001e+02	-7.628000e-10
6.729000000000001e+02	-7.629000e-10
6.730000000000000e+02	-7.630000e-10
6.731000000000000e+02	-7.631000e-10
6.732000000000000e+02	-7.632000e-10
6.733000000000001e+02	-7.633000e-10
6.734000000000001e+02	-7.634000e-10
6.735000000000000e+02	-7.635000e-10
6.736000000000000e+02	-7.636000e-10
6.737000000000000e+02	-7.637000e-10
6.738000000000001e+02	-7.638000e-10
6.739000000000001e+02	-7.639000e-10
6.740000000000000e+02	-7.640000e-10
6.741000000000000e+02	-7.641000e-10
6.742000000000000e+02	-7.642000e-10
6.743000000000001e+02	-7.643000e-10
6.744000000000001e+02	-7.644000e-10
6.745000000000000e+02	-7.645000e-10
6.746000000000000e+02	-7.646000e-10
6.747000000000000e+02	-7.647000e-10
6.748000000000001e+02	-7.648000e-10
6.749000000000001e+02	-7.649000e-10
6.750000000000000e+02	-7.650000e-10
6.751000000000000e+02	-7.651000e-10
6.752000000000000e+02	-7.652000e-10
6.753000000000001e+02	-7.653000e-10
6.754000000000001e+02	-7.654000e-10
6.755000000000000e+02	-7.655000e-10
6.756000000000000e+02	-7.656000e-10
6.757000000000000e+02	-7.657000e-10
6.758000000000001e+02	-7.658000e-10
6.759000000000001e+02	-7.659000e-10
6.760000000000000e+02	-7.660000e-10
6.761000000000000e+02	-7.661000e-10
6.762000000000000e+02	-7.662000e-10
6.763000000000001e+02	-7.663000e-10
6.764000000000001e+02	-7.664000e-10
6.765000000000000e+02	-7.665000e-10
6.766000000000000e+02	-7.666000e-10
6.767000000000000e+02	-7.667000e-10
6.768000000000001e+02	-7.668000e-10
6.769000000000001e+02	-7.669000e-10
6.770000000000000e+02	-7.670000e-10
6.771000000000000e+02	-7.671000e-10
6.772000000000000e+02	-7.672000e-10
6.773000000000001e+02	-7.673000e-10
6.774000000000001e+02	-7.674000e-10
6.775000000000000e+02	-7.675000e-10
6.776000000000000e+02	-7.676000e-10
6.777000000000000e+02	-7.677000e-10
6.778000000000001e+02	-7.678000e-10
6.779000000000001e+02	-7.679000e-10
6.780000000000000e+02	-7.680000e-10
6.781000000000000e+02	-7.681000e-10
6.782000000000000e+02	-7.682000e-10
6.783000000000001e+02	-7.683000e-10
6.784000000000001e+02	-7.684000e-10
6.785000000000000e+02	-7.685000e-10
6.786000000000000e+02	-7.686000e-10
6.787000000000000e+02	-7.687000e-10
6.788000000000001e+02	-7.688000e-10
6.789000000000001e+02	-7.689000e-10
6.790000000000000e+02	-7.690000e-10
6.791000000000000e+02	-7.691000e-10
6.792000000000000e+02	-7.692000e-10
6.793000000000001e+02	-7.693000e-10
6.794000000000001e+02	-7.694000e-10
6.795000000000000e+02	-7.695000e-10
6.796000000000000e+02	-7.696000e-10
6.797000000000000e+02	-7.697000e-10
6.798000000000001e+02	-7.698000e-10
6.799000000000001e+02	-7.699000e-10
6.800000000000000e+02	-7.700000e-10
6.801000000000000e+02	-7.701000e-10
6.802000000000000e+02	-7.702000e-10
6.803000000000001e+02	-7.703000e-10
6.804000000000001e+02	-7.704000e-10
6.805000000000000e+02	-7.705000e-10
6.806000000000000e+02	-7.706000e-10
6.807000000000000e+02	-7.707000e-10
6.808000000000001e+02	-7.708000e-10
6.809000000000001e+02	-7.709000e-10
6.810000000000000e+02	-7.710000e-10
6.811000000000000e+02	-7.711000e-10
6.812000000000000e+02	-7.712000e-10
6.813000000000001e+02	-7.713000e-10
6.814000000000001e+02	-7.714000e-10
6.815000000000000e+02	-7.715000e-10
6.816000000000000e+02	-7.716000e-10
6.817000000000000e+02	-7.717000e-10
6.818000000000001e+02	-7.718000e-10
6.819000000000001e+02	-7.719000e-10
6.820000000000000e+02	-7.720000e-10
6.821000000000000e+02	-7.721000e-10
6.822000000000000e+02	-7.722000e-10
6.823000000000001e+02	-7.723000e-10
6.824000000000001e+02	-7.724000e-10
6.825000000000000e+02	-7.725000e-10
6.826000000000000e+02	-7.726000e-10
6.827000000000000e+02	-7.727000e-10
6.828000000000001e+02	-7.728000e-10
6.829000000000001e+02	-7.729000e-10
6.830000000000000e+02	-7.730000e-10
6.831000000000000e+02	-7.731000e-10
6.832000000000000e+02	-7.732000e-10
6.833000000000001e+02	-7.733000e-10
6.834000000000001e+02	-7.734000e-10
6.835000000000000e+02	-7.735000e-10
6.836000000000000e+02	-7.736000e-10
6.837000000000000e+02	-7.737000e-10
6.838000000000001e+02	-7.738000e-10
6.839000000000001e+02	-7.739000e-10
6.840000000000000e+02	-7.740000e-10
6.841000000000000e+02	-7.741000e-10
6.842000000000000e+02	-7.742000e-10
6.843000000000001e+02	-7.743000e-10
6.844000000000001e+02	-7.744000e-10
6.845000000000000e+02	-7.745000e-10
6.846000000000000e+02	-7.746000e-10
6.847000000000000e+02	-7.747000e-10
6.848000000000001e+02	-7.748000e-10
6.849000000000001e+02	-7.749000e-10
6.850000000000000e+02	-7.750000e-10
6.851000000000000e+02	-7.751000e-10
6.852000000000000e+02	-7.752000e-10
6.853000000000001e+02	-7.753000e-10
6.854000000000001e+02	-7.754000e-10
6.855000000000000e+02	-7.755000e-10
6.856000000000000e+02	-7.756000e-10
6.857000000000000e+02	-7.757000e-10
6.858000000000001e+02	-7.758000e-10
6.859000000000001e+02	-7.759000e-10
6.860000000000000e+02	-7.760000e-10
6.861000000000000e+02	-7.761000e-10
6.862000000000000e+02	-7.762000e-10
6.863000000000001e+02	-7.763000e-10
6.864000000000001e+02	-7.764000e-10
6.865000000000000e+02	-7.765000e-10
6.866000000000000e+02	-7.766000e-10
6.867000000000000e+02	-7.767000e-10
6.868000000000001e+02	-7.768000e-10
6.869000000000001e+02	-7.769000e-10
6.870000000000000e+02	-7.770000e-10
6.871000000000000e+02	-7.771000e-10
6.872000000000000e+02	-7.772000e-10
6.873000000000001e+02	-7.773000e-10
6.874000000000001e+02	-7.774000e-10
6.875000000000000e+02	-7.775000e-10
6.876000000000000e+02	-7.776000e-10
6.877000000000000e+02	-7.777000e-10
6.878000000000001e+02	-7.778000e-10
6.879000000000001e+02	-7.779000e-10
6.880000000000000e+02	-7.780000e-10
6.881000000000000e+02	-7.781000e-10
6.882000000000000e+02	-7.782000e-10
6.883000000000001e+02	-7.783000e-10
6.884000000000001e+02	-7.784000e-10
6.885000000000000e+02	-7.785000e-10
6.886000000000000e+02	-7.786000e-10
6.887000000000000e+02	-7.787000e-10
6.888000000000001e+02	-7.788000e-10
6.889000000000001e+02	-7.789000e-10
6.890000000000000e+02	-7.790000e-10
6.891000000000000e+02	-7.791000e-10
6.892000000000000e+02	-7.792000e-10
6.893000000000001e+02	-7.793000e-10
6.894000000000001e+02	-7.794000e-10
6.895000000000000e+02	-7.795000e-10
6.896000000000000e+02	-7.796000e-10
6.897000000000000e+02	-7.797000e-10
6.898000000000001e+02	-7.798000e-10
6.899000000000001e+02	-7.799000e-10
6.900000000000000e+02	-7.800000e-10
6.901000000000000e+02	-7.801000e-10
6.902000000000000e+02	-7.802000e-10
6.903000000000001e+02	-7.803000e-10
6.904000000000001e+02	-7.804000e-10
6.905000000000000e+02	-7.805000e-10
6.906000000000000e+02	-7.806000e-10
6.907000000000000e+02	-7.807000e-10
6.908000000000001e+02	-7.808000e-10
6.909000000000001e+02	-7.809000e-10
6.910000000000000e+02	-7.810000e-10
6.911000000000000e+02	-7.811000e-10
6.912000000000000e+02	-7.812000e-10
6.913000000000001e+02	-7.813000e-10
6.914000000000001e+02	-7.814000e-10
6.915000000000000e+02	-7.815000e-10
6.916000000000000e+02	-7.816000e-10
6.917000000000000e+02	-7.817000e-10
6.918000000000001e+02	-7.818000e-10
6.919000000000001e+02	-7.819000e-10
6.920000000000000e+02	-7.820000e-10
6.921000000000000e+02	-7.821000e-10
6.922000000000000e+02	-7.822000e-10
6.923000000000001e+02	-7.823000e-10
6.924000000000001e+02	-7.824000e-10
6.925000000000000e+02	-7.825000e-10
6.926000000000000e+02	-7.826000e-10
6.927000000000000e+02	-7.827000e-10
6.928000000000001e+02	-7.828000e-10
6.929000000000001e+02	-7.829000e-10
6.930000000000000e+02	-7.830000e-10
6.931000000000000e+02	-7.831000e-10
6.932000000000000e+02	-7.832000e-10
6.933000000000001e+02	-7.833000e-10
6.934000000000001e+02	-7.834000e-10
6.935000000000000e+02	-7.835000e-10
6.936000000000000e+02	-7.836000e-10
6.937000000000000e+02	-7.837000e-10
6.938000000000001e+02	-7.838000e-10
6.939000000000001e+02	-7.839000e-10
6.940000000000000e+02	-7.840000e-10
6.941000000000000e+02	-7.841000e-10
6.942000000000000e+02	-7.842000e-10
6.943000000000001e+02	-7.843000e-10
6.944000000000001e+02	-7.844000e-10
6.945000000000000e+02	-7.845000e-10
6.946000000000000e+02	-7.846000e-10
6.947000000000000e+02	-7.847000e-10
6.948000000000001e+02	-7.848000e-10
6.949000000000001e+02	-7.849000e-10
6.950000000000000e+02	-7.850000e-10
6.951000000000000e+02	-7.851000e-10
6.952000000000000e+02	-7.852000e-10
6.953000000000001e+02	-7.853000e-10
6.954000000000001e+02	-7.854000e-10
6.955000000000000e+02	-7.855000e-10
6.956000000000000e+02	-7.856000e-10
6.957000000000000e+02	-7.857000e-10
6.958000000000001e+02	-7.858000e-10
6.959000000000001e+02	-7.859000e-10
6.960000000000000e+02	-7.860000e-10
6.961000000000000e+02	-7.861000e-10
6.962000000000000e+02	-7.862000e-10
6.963000000000001e+02	-7.863000e-10
6.964000000000001e+02	-7.864000e-10
6.965000000000000e+02	-7.865000e-10
6.966000000000000e+02	-7.866000e-10
6.967000000000000e+02	-7.867000e-10
6.968000000000001e+02	-7.868000e-10
6.969000000000001e+02	-7.869000e-10
6.970000000000000e+02	-7.870000e-10
6.971000000000000e+02	-7.871000e-10
6.972000000000000e+02	-7.872000e-10
6.973000000000001e+02	-7.873000e-10
6.974000000000001e+02	-7.874000e-10
6.975000000000000e+02	-7.875000e-10
6.976000000000000e+02	-7.876000e-10
6.977000000000000e+02	-7.877000e-10
6.978000000000001e+02	-7.878000e-10
6.979000000000001e+02	-7.879000e-10
6.980000000000000e+02	-7.880000e-10
6.981000000000000e+02	-7.881000e-10
6.982000000000000e+02	-7.882000e-10
6.983000000000001e+02	-7.883000e-10
6.984000000000001e+02	-7.884000e-10
6.985000000000000e+02	-7.885000e-10
6.986000000000000e+02	-7.886000e-10
6.987000000000000e+02	-7.887000e-10
6.988000000000001e+02	-7.888000e-10
6.989000000000001e+02	-7.889000e-10
6.990000000000000e+02	-7.890000e-10
6.991000000000000e+02	-7.891000e-10
6.992000000000000e+02	-7.892000e-10
6.993000000000001e+02	-7.893000e-10
6.994000000000001e+02	-7.894000e-10
6.995000000000000e+02	-7.895000e-10
6.996000000000000e+02	-7.896000e-10
6.997000000000000e+02	-7.897000e-10
6.998000000000001e+02	-7.898000e-10
6.999000000000001e+02	-7.899000e-10
7.000000000000000e+02	-7.900000e-10
7.001000000000000e+02	-7.901000e-10
7.002000000000000e+02	-7.902000e-10
7.003000000000001e+02	-7.903000e-10
7.004000000000001e+02	-7.904000e-10
7.005000000000000e+02	-7.905000e-10
7.006000000000000e+02	-7.906000e-10
7.007000000000000e+02	-7.907000e-10
7.008000000000001e+02	-7.908000e-10
7.009000000000001e+02	-7.909000e-10
7.010000000000000e+02	-7.910000e-10
7.011000000000000e+02	-7.911000e-10
7.012000000000000e+02	-7.912000e-10
7.013000000000001e+02	-7.913000e-10
7.014000000000001e+02	-7.914000e-10
7.015000000000000e+02	-7.915000e-10
7.016000000000000e+02	-7.916000e-10
7.017000000000000e+02	-7.917000e-10
7.018000000000001e+02	-7.918000e-10
7.019000000000001e+02	-7.919000e-10
7.020000000000000e+02	-7.920000e-10
7.021000000000000e+02	-7.921000e-10
7.022000000000000e+02	-7.922000e-10
7.023000000000001e+02	-7.923000e-10
7.024000000000001e+02	-7.924000e-10
7.025000000000000e+02	-7.925000e-10
7.026000000000000e+02	-7.926000e-10
7.027000000000000e+02	-7.927000e-10
7.028000000000001e+02	-7.928000e-10
7.029000000000001e+02	-7.929000e-10
7.030000000000000e+02	-7.930000e-10
7.031000000000000e+02	-7.931000e-10
7.032000000000000e+02	-7.932000e-10
7.033000000000001e+02	-7.933000e-10
7.034000000000001e+02	-7.934000e-10
7.035000000000000e+02	-7.935000e-10
7.036000000000000e+02	-7.936000e-10
7.037000000000000e+02	-7.937000e-10
7.038000000000001e+02	-7.938000e-10
7.039000000000001e+02	-7.939000e-10
7.040000000000000e+02	-7.940000e-10
7.041000000000000e+02	-7.941000e-10
7.042000000000000e+02	-7.942000e-10
7.043000000000001e+02	-7.943000e-10
7.044000000000001e+02	-7.944000e-10
7.045000000000000e+02	-7.945000e-10
7.046000000000000e+02	-7.946000e-10
7.047000000000000e+02	-7.947000e-10
7.048000000000001e+02	-7.948000e-10
7.049000000000001e+02	-7.949000e-10
7.050000000000000e+02	-7.950000e-10
7.051000000000000e+02	-7.951000e-10
7.052000000000000e+02	-7.952000e-10
7.053000000000001e+02	-7.953000e-10
7.054000000000001e+02	-7.954000e-10
7.055000000000000e+02	-7.955000e-10
7.056000000000000e+02	-7.956000e-10
7.057000000000000e+02	-7.957000e-10
7.058000000000001e+02	-7.958000e-10
7.059000000000001e+02	-7.959000e-10
7.060000000000000e+02	-7.960000e-10
7.061000000000000e+02	-7.961000e-10
7.062000000000000e+02	-7.962000e-10
7.063000000000001e+02	-7.963000e-10
7.064000000000001e+02	-7.964000e-10
7.065000000000000e+02	-7.965000e-10
7.066000000000000e+02	-7.966000e-10
7.067000000000000e+02	-7.967000e-10
7.068000000000001e+02	-7.968000e-10
7.069000000000001e+02	-7.969000e-10
7.070000000000000e+02	-7.970000e-10
7.071000000000000e+02	-7.971000e-10
7.072000000000000e+02	-7.972000e-10
7.073000000000001e+02	-7.973000e-10
7.074000000000001e+02	-7.974000e-10
7.075000000000000e+02	-7.975000e-10
7.076000000000000e+02	-7.976000e-10
7.077000000000000e+02	-7.977000e-10
7.078000000000001e+02	-7.978000e-10
7.079000000000001e+02	-7.979000e-10
7.080000000000000e+02	-7.980000e-10
7.081000000000000e+02	-7.981000e-10
7.082000000000000e+02	-7.982000e-10
7.083000000000001e+02	-7.983000e-10
7.084000000000001e+02	-7.984000e-10
7.085000000000000e+02	-7.985000e-10
7.086000000000000e+02	-7.986000e-10
7.087000000000000e+02	-7.987000e-10
7.088000000000001e+02	-7.988000e-10
7.089000000000001e+02	-7.989000e-10
7.090000000000000e+02	-7.990000e-10
7.091000000000000e+02	-7.991000e-10
7.092000000000000e+02	-7.992000e-10
7.093000000000001e+02	-7.993000e-10
7.094000000000001e+02	-7.994000e-10
7.095000000000000e+02	-7.995000e-10
7.096000000000000e+02	-7.996000e-10
7.097000000000000e+02	-7.997000e-10
7.098000000000001e+02	-7.998000e-10
7.099000000000001e+02	-7.999000e-10
7.100000000000000e+02	-8.000000e-10
7.101000000000000e+02	-8.001000e-10
7.102000000000000e+02	-8.002000e-10
7.103000000000001e+02	-8.003000e-10
7.104000000000001e+02	-8.004000e-10
7.105000000000000e+02	-8.005000e-10
7.106000000000000e+02	-8.006000e-10
7.107000000000000e+02	-8.007000e-10
7.108000000000001e+02	-8.008000e-10
7.109000000000001e+02	-8.009000e-10
7.110000000000000e+02	-8.010000e-10
7.111000000000000e+02	-8.011000e-10
7.112000000000000e+02	-8.012000e-10
7.113000000000001e+02	-8.013000e-10
7.114000000000001e+02	-8.014000e-10
7.115000000000000e+02	-8.015000e-10
7.116000000000000e+02	-8.016000e-10
7.117000000000000e+02	-8.017000e-10
7.118000000000001e+02	-8.018000e-10
7.119000000000001e+02	-8.019000e-10
7.120000000000000e+02	-8.020000e-10
7.121000000000000e+02	-8.021000e-10
7.122000000000000e+02	-8.022000e-10
7.123000000000001e+02	-8.023000e-10
7.124000000000001e+02	-8.024000e-10
7.125000000000000e+02	-8.025000e-10
7.126000000000000e+02	-8.026000e-10
7.127000000000000e+02	-8.027000e-10
7.128000000000001e+02	-8.028000e-10
7.129000000000001e+02	-8.029000e-10
7.130000000000000e+02	-8.030000e-10
7.131000000000000e+02	-8.031000e-10
7.132000000000000e+02	-8.032000e-10
7.133000000000001e+02	-8.033000e-10
7.134000000000001e+02	-8.034000e-10
7.135000000000000e+02	-8.035000e-10
7.136000000000000e+02	-8.036000e-10
7.137000000000000e+02	-8.037000e-10
7.138000000000001e+02	-8.038000e-10
7.139000000000001e+02	-8.039000e-10
7.140000000000000e+02	-8.040000e-10
7.141000000000000e+02	-8.041000e-10
7.142000000000000e+02	-8.042000e-10
7.143000000000001e+02	-8.043000e-10
7.144000000000001e+02	-8.044000e-10
7.145000000000000e+02	-8.045000e-10
7.146000000000000e+02	-8.046000e-10
7.147000000000000e+02	-8.047000e-10
7.148000000000001e+02	-8.048000e-10
7.149000000000001e+02	-8.049000e-10
7.150000000000000e+02	-8.050000e-10
7.151000000000000e+02	-8.051000e-10
7.152000000000000e+02	-8.052000e-10
7.153000000000001e+02	-8.053000e-10
7.154000000000001e+02	-8.054000e-10
7.155000000000000e+02	-8.055000e-10
7.156000000000000e+02	-8.056000e-10
7.157000000000000e+02	-8.057000e-10
7.158000000000001e+02	-8.058000e-10
7.159000000000001e+02	-8.059000e-10
7.160000000000000e+02	-8.060000e-10
7.161000000000000e+02	-8.061000e-10
7.162000000000000e+02	-8.062000e-10
7.163000000000001e+02	-8.063000e-10
7.164000000000001e+02	-8.064000e-10
7.165000000000000e+02	-8.065000e-10
7.166000000000000e+02	-8.066000e-10
7.167000000000000e+02	-8.067000e-10
7.168000000000001e+02	-8.068000e-10
7.169000000000001e+02	-8.069000e-10
7.170000000000000e+02	-8.070000e-10
7.171000000000000e+02	-8.071000e-10
7.172000000000000e+02	-8.072000e-10
7.173000000000001e+02	-8.073000e-10
7.174000000000001e+02	-8.074000e-10
7.175000000000000e+02	-8.075000e-10
7.176000000000000e+02	-8.076000e-10
7.177000000000000e+02	-8.077000e-10
7.178000000000001e+02	-8.078000e-10
7.179000000000001e+02	-8.079000e-10
7.180000000000000e+02	-8.080000e-10
7.181000000000000e+02	-8.081000e-10
7.182000000000000e+02	-8.082000e-10
7.183000000000001e+02	-8.083000e-10
7.184000000000001e+02	-8.084000e-10
7.185000000000000e+02	-8.085000e-10
7.186000000000000e+02	-8.086000e-10
7.187000000000000e+02	-8.087000e-10
7.188000000000001e+02	-8.088000e-10
7.189000000000001e+02	-8.089000e-10
7.190000000000000e+02	-8.090000e-10
7.191000000000000e+02	-8.091000e-10
7.192000000000000e+02	-8.092000e-10
7.193000000000001e+02	-8.093000e-10
7.194000000000001e+02	-8.094000e-10
7.195000000000000e+02	-8.095000e-10
7.196000000000000e+02	-8.096000e-10
7.197000000000000e+02	-8.097000e-10
7.198000000000001e+02	-8.098000e-10
7.199000000000001e+02	-8.099000e-10
7.200000000000000e+02	-8.100000e-10
7.201000000000000e+02	-8.101000e-10
7.202000000000000e+02	-8.102000e-10
7.203000000000001e+02	-8.103000e-10
7.204000000000001e+02	-8.104000e-10
7.205000000000000e+02	-8.105000e-10
7.206000000000000e+02	-8.106000e-10
7.207000000000000e+02	-8.107000e-10
7.208000000000001e+02	-8.108000e-10
7.209000000000001e+02	-8.109000e-10
7.210000000000000e+02	-8.110000e-10
7.211000000000000e+02	-8.111000e-10
7.212000000000000e+02	-8.112000e-10
7.213000000000001e+02	-8.113000e-10
7.214000000000001e+02	-8.114000e-10
7.215000000000000e+02	-8.115000e-10
7.216000000000000e+02	-8.116000e-10
7.217000000000000e+02	-8.117000e-10
7.218000000000001e+02	-8.118000e-10
7.219000000000001e+02	-8.119000e-10
7.220000000000000e+02	-8.120000e-10
7.221000000000000e+02	-8.121000e-10
7.222000000000000e+02	-8.122000e-10
7.223000000000001e+02	-8.123000e-10
7.224000000000001e+02	-8.124000e-10
7.225000000000000e+02	-8.125000e-10
7.226000000000000e+02	-8.126000e-10
7.227000000000000e+02	-8.127000e-10
7.228000000000001e+02	-8.128000e-10
7.229000000000001e+02	-8.129000e-10
7.230000000000000e+02	-8.130000e-10
7.231000000000000e+02	-8.131000e-10
7.232000000000000e+02	-8.132000e-10
7.233000000000001e+02	-8.133000e-10
7.234000000000001e+02	-8.134000e-10
7.235000000000000e+02	-8.135000e-10
7.236000000000000e+02	-8.136000e-10
7.237000000000000e+02	-8.137000e-10
7.238000000000001e+02	-8.138000e-10
7.239000000000001e+02	-8.139000e-10
7.240000000000000e+02	-8.140000e-10
7.241000000000000e+02	-8.141000e-10
7.242000000000000e+02	-8.142000e-10
7.243000000000001e+02	-8.143000e-10
7.244000000000001e+02	-8.144000e-10
7.245000000000000e+02	-8.145000e-10
7.246000000000000e+02	-8.146000e-10
7.247000000000000e+02	-8.147000e-10
7.248000000000001e+02	-8.148000e-10
7.249000000000001e+02	-8.149000e-10
7.250000000000000e+02	-8.150000e-10
7.251000000000000e+02	-8.151000e-10
7.252000000000000e+02	-8.152000e-10
7.253000000000001e+02	-8.153000e-10
7.254000000000001e+02	-8.154000e-10
7.255000000000000e+02	-8.155000e-10
7.256000000000000e+02	-8.156000e-10
7.257000000000000e+02	-8.157000e-10
7.258000000000001e+02	-8.158000e-10
7.259000000000001e+02	-8.159000e-10
7.260000000000000e+02	-8.160000e-10
7.261000000000000e+02	-8.161000e-10
7.262000000000000e+02	-8.162000e-10
7.263000000000001e+02	-8.163000e-10
7.264000000000001e+02	-8.164000e-10
7.265000000000000e+02	-8.165000e-10
7.266000000000000e+02	-8.166000e-10
7.267000000000000e+02	-8.167000e-10
7.268000000000001e+02	-8.168000e-10
7.269000000000001e+02	-8.169000e-10
7.270000000000000e+02	-8.170000e-10
7.271000000000000e+02	-8.171000e-10
7.272000000000000e+02	-8.172000e-10
7.273000000000001e+02	-8.173000e-10
7.274000000000001e+02	-8.174000e-10
7.275000000000000e+02	-8.175000e-10
7.276000000000000e+02	-8.176000e-10
7.277000000000000e+02	-8.177000e-10
7.278000000000001e+02	-8.178000e-10
7.279000000000001e+02	-8.179000e-10
7.280000000000000e+02	-8.180000e-10
7.281000000000000e+02	-8.181000e-10
7.282000000000000e+02	-8.182000e-10
7.283000000000001e+02	-8.183000e-10
7.284000000000001e+02	-8.184000e-10
7.285000000000000e+02	-8.185000e-10
7.286000000000000e+02	-8.186000e-10
7.287000000000000e+02	-8.187000e-10
7.288000000000001e+02	-8.188000e-10
7.289000000000001e+02	-8.189000e-10
7.290000000000000e+02	-8.190000e-10
7.291000000000000e+02	-8.191000e-10
7.292000000000000e+02	-8.192000e-10
7.293000000000001e+02	-8.193000e-10
7.294000000000001e+02	-8.194000e-10
7.295000000000000e+02	-8.195000e-10
7.296000000000000e+02	-8.196000e-10
7.297000000000000e+02	-8.197000e-10
7.298000000000001e+02	-8.198000e-10
7.299000000000001e+02	-8.199000e-10
7.300000000000000e+02	-8.200000e-10
7.301000000000000e+02	-8.201000e-10
7.302000000000000e+02	-8.202000e-10
7.303000000000001e+02	-8.203000e-10
7.304000000000001e+02	-8.204000e-10
7.305000000000000e+02	-8.205000e-10
7.306000000000000e+02	-8.206000e-10
7.307000000000000e+02	-8.207000e-10
7.308000000000001e+02	-8.208000e-10
7.309000000000001e+02	-8.209000e-10
7.310000000000000e+02	-8.210000e-10
7.311000000000000e+02	-8.211000e-10
7.312000000000000e+02	-8.212000e-10
7.313000000000001e+02	-8.213000e-10
7.314000000000001e+02	-8.214000e-10
7.315000000000000e+02	-8.215000e-10
7.316000000000000e+02	-8.216000e-10
7.317000000000000e+02	-8.217000e-10
7.318000000000001e+02	-8.218000e-10
7.319000000000001e+02	-8.219000e-10
7.320000000000000e+02	-8.220000e-10
7.321000000000000e+02	-8.221000e-10
7.322000000000000e+02	-8.222000e-10
7.323000000000001e+02	-8.223000e-10
7.324000000000001e+02	-8.224000e-10
7.325000000000000e+02	-8.225000e-10
7.326000000000000e+02	-8.226000e-10
7.327000000000000e+02	-8.227000e-10
7.328000000000001e+02	-8.228000e-10
7.329000000000001e+02	-8.229000e-10
7.330000000000000e+02	-8.230000e-10
7.331000000000000e+02	-8.231000e-10
7.332000000000000e+02	-8.232000e-10
7.333000000000001e+02	-8.233000e-10
7.334000000000001e+02	-8.234000e-10
7.335000000000000e+02	-8.235000e-10
7.336000000000000e+02	-8.236000e-10
7.337000000000000e+02	-8.237000e-10
7.338000000000001e+02	-8.238000e-10
7.339000000000001e+02	-8.239000e-10
7.340000000000000e+02	-8.240000e-10
7.341000000000000e+02	-8.241000e-10
7.342000000000000e+02	-8.242000e-10
7.343000000000001e+02	-8.243000e-10
7.344000000000001e+02	-8.244000e-10
7.345000000000000e+02	-8.245000e-10
7.346000000000000e+02	-8.246000e-10
7.347000000000000e+02	-8.247000e-10
7.348000000000001e+02	-8.248000e-10
7.349000000000001e+02	-8.249000e-10
7.350000000000000e+02	-8.250000e-10
7.351000000000000e+02	-8.251000e-10
7.352000000000000e+02	-8.252000e-10
7.353000000000001e+02	-8.253000e-10
7.354000000000001e+02	-8.254000e-10
7.355000000000000e+02	-8.255000e-10
7.356000000000000e+02	-8.256000e-10
7.357000000000000e+02	-8.257000e-10
7.358000000000001e+02	-8.258000e-10
7.359000000000001e+02	-8.259000e-10
7.360000000000000e+02	-8.260000e-10
7.361000000000000e+02	-8.261000e-10
7.362000000000000e+02	-8.262000e-10
7.363000000000001e+02	-8.263000e-10
7.364000000000001e+02	-8.264000e-10
7.365000000000000e+02	-8.265000e-10
7.366000000000000e+02	-8.266000e-10
7.367000000000000e+02	-8.267000e-10
7.368000000000001e+02	-8.268000e-10
7.369000000000001e+02	-8.269000e-10
7.370000000000000e+02	-8.270000e-10
7.371000000000000e+02	-8.271000e-10
7.372000000000000e+02	-8.272000e-10
7.373000000000001e+02	-8.273000e-10
7.374000000000001e+02	-8.274000e-10
7.375000000000000e+02	-8.275000e-10
7.376000000000000e+02	-8.276000e-10
7.377000000000000e+02	-8.277000e-10
7.378000000000001e+02	-8.278000e-10
7.379000000000001e+02	-8.279000e-10
7.380000000000000e+02	-8.280000e-10
7.381000000000000e+02	-8.281000e-10
7.382000000000000e+02	-8.282000e-10
7.383000000000001e+02	-8.283000e-10
7.384000000000001e+02	-8.284000e-10
7.385000000000000e+02	-8.285000e-10
7.386000000000000e+02	-8.286000e-10
7.387000000000000e+02	-8.287000e-10
7.388000000000001e+02	-8.288000e-10
7.389000000000001e+02	-8.289000e-10
7.390000000000000e+02	-8.290000e-10
7.391000000000000e+02	-8.291000e-10
7.392000000000000e+02	-8.292000e-10
7.393000000000001e+02	-8.293000e-10
7.394000000000001e+02	-8.294000e-10
7.395000000000000e+02	-8.295000e-10
7.396000000000000e+02	-8.296000e-10
7.397000000000000e+02	-8.297000e-10
7.398000000000001e+02	-8.298000e-10
7.399000000000001e+02	-8.299000e-10
7.400000000000000e+02	-8.300000e-10
7.401000000000000e+02	-8.301000e-10
7.402000000000000e+02	-8.302000e-10
7.403000000000001e+02	-8.303000e-10
7.404000000000001e+02	-8.304000e-10
7.405000000000000e+02	-8.305000e-10
7.406000000000000e+02	-8.306000e-10
7.407000000000000e+02	-8.307000e-10
7.408000000000001e+02	-8.308000e-10
7.409000000000001e+02	-8.309000e-10
7.410000000000000e+02	-8.310000e-10
7.411000000000000e+02	-8.311000e-10
7.412000000000000e+02	-8.312000e-10
7.413000000000001e+02	-8.313000e-10
7.414000000000001e+02	-8.314000e-10
7.415000000000000e+02	-8.315000e-10
7.416000000000000e+02	-8.316000e-10
7.417000000000000e+02	-8.317000e-10
7.418000000000001e+02	-8.318000e-10
7.419000000000001e+02	-8.319000e-10
7.420000000000000e+02	-8.320000e-10
7.421000000000000e+02	-8.321000e-10
7.422000000000000e+02	-8.322000e-10
7.423000000000001e+02	-8.323000e-10
7.424000000000001e+02	-8.324000e-10
7.425000000000000e+02	-8.325000e-10
7.426000000000000e+02	-8.326000e-10
7.427000000000000e+02	-8.327000e-10
7.428000000000001e+02	-8.328000e-10
7.429000000000001e+02	-8.329000e-10
7.430000000000000e+02	-8.330000e-10
7.431000000000000e+02	-8.331000e-10
7.432000000000000e+02	-8.332000e-10
7.433000000000001e+02	-8.333000e-10
7.434000000000001e+02	-8.334000e-10
7.435000000000000e+02	-8.335000e-10
7.436000000000000e+02	-8.336000e-10
7.437000000000000e+02	-8.337000e-10
7.438000000000001e+02	-8.338000e-10
7.439000000000001e+02	-8.339000e-10
7.440000000000000e+02	-8.340000e-10
7.441000000000000e+02	-8.341000e-10
7.442000000000000e+02	-8.342000e-10
7.443000000000001e+02	-8.343000e-10
7.444000000000001e+02	-8.344000e-10
7.445000000000000e+02	-8.345000e-10
7.446000000000000e+02	-8.346000e-10
7.447000000000000e+02	-8.347000e-10
7.448000000000001e+02	-8.348000e-10
7.449000000000001e+02	-8.349000e-10
7.450000000000000e+02	-8.350000e-10
7.451000000000000e+02	-8.351000e-10
7.452000000000000e+02	-8.352000e-10
7.453000000000001e+02	-8.353000e-10
7.454000000000001e+02	-8.354000e-10
7.455000000000000e+02	-8.355000e-10
7.456000000000000e+02	-8.356000e-10
7.457000000000000e+02	-8.357000e-10
7.458000000000001e+02	-8.358000e-10
7.459000000000001e+02	-8.359000e-10
7.460000000000000e+02	-8.360000e-10
7.461000000000000e+02	-8.361000e-10
7.462000000000000e+02	-8.362000e-10
7.463000000000001e+02	-8.363000e-10
7.464000000000001e+02	-8.364000e-10
7.465000000000000e+02	-8.365000e-10
7.466000000000000e+02	-8.366000e-10
7.467000000000000e+02	-8.367000e-10
7.468000000000001e+02	-8.368000e-10
7.469000000000001e+02	-8.369000e-10
7.470000000000000e+02	-8.370000e-10
7.471000000000000e+02	-8.371000e-10
7.472000000000000e+02	-8.372000e-10
7.473000000000001e+02	-8.373000e-10
7.474000000000001e+02	-8.374000e-10
7.475000000000000e+02	-8.375000e-10
7.476000000000000e+02	-8.376000e-10
7.477000000000000e+02	-8.377000e-10
7.478000000000001e+02	-8.378000e-10
7.479000000000001e+02	-8.379000e-10
7.480000000000000e+02	-8.380000e-10
7.481000000000000e+02	-8.381000e-10
7.482000000000000e+02	-8.382000e-10
7.483000000000001e+02	-8.383000e-10
7.484000000000001e+02	-8.384000e-10
7.485000000000000e+02	-8.385000e-10
7.486000000000000e+02	-8.386000e-10
7.487000000000000e+02	-8.387000e-10
7.488000000000001e+02	-8.388000e-10
7.489000000000001e+02	-8.389000e-10
7.490000000000000e+02	-8.390000e-10
7.491000000000000e+02	-8.391000e-10
7.492000000000000e+02	-8.392000e-10
7.493000000000001e+02	-8.393000e-10
7.494000000000001e+02	-8.394000e-10
7.495000000000000e+02	-8.395000e-10
7.496000000000000e+02	-8.396000e-10
7.497000000000000e+02	-8.397000e-10
7.498000000000001e+02	-8.398000e-10
7.499000000000001e+02	-8.399000e-10
7.500000000000000e+02	-8.400000e-10
7.501000000000000e+02	-8.401000e-10
7.502000000000000e+02	-8.402000e-10
7.503000000000001e+02	-8.403000e-10
7.504000000000001e+02	-8.404000e-10
7.505000000000000e+02	-8.405000e-10
7.506000000000000e+02	-8.406000e-10
7.507000000000000e+02	-8.407000e-10
7.508000000000001e+02	-8.408000e-10
7.509000000000001e+02	-8.409000e-10
7.510000000000000e+02	-8.410000e-10
7.511000000000000e+02	-8.411000e-10
7.512000000000000e+02	-8.412000e-10
7.513000000000001e+02	-8.413000e-10
7.514000000000001e+02	-8.414000e-10
7.515000000000000e+02	-8.415000e-10
7.516000000000000e+02	-8.416000e-10
7.517000000000000e+02	-8.417000e-10
7.518000000000001e+02	-8.418000e-10
7.519000000000001e+02	-8.419000e-10
7.520000000000000e+02	-8.420000e-10
7.521000000000000e+02	-8.421000e-10
7.522000000000000e+02	-8.422000e-10
7.523000000000001e+02	-8.423000e-10
7.524000000000001e+02	-8.424000e-10
7.525000000000000e+02	-8.425000e-10
7.526000000000000e+02	-8.426000e-10
7.527000000000000e+02	-8.427000e-10
7.528000000000001e+02	-8.428000e-10
7.529000000000001e+02	-8.429000e-10
7.530000000000000e+02	-8.430000e-10
7.531000000000000e+02	-8.431000e-10
7.532000000000000e+02	-8.432000e-10
7.533000000000001e+02	-8.433000e-10
7.534000000000001e+02	-8.434000e-10
7.535000000000000e+02	-8.435000e-10
7.536000000000000e+02	-8.436000e-10
7.537000000000000e+02	-8.437000e-10
7.538000000000001e+02	-8.438000e-10
7.539000000000001e+02	-8.439000e-10
7.540000000000000e+02	-8.440000e-10
7.541000000000000e+02	-8.441000e-10
7.542000000000000e+02	-8.442000e-10
7.543000000000001e+02	-8.443000e-10
7.544000000000001e+02	-8.444000e-10
7.545000000000000e+02	-8.445000e-10
7.546000000000000e+02	-8.446000e-10
7.547000000000000e+02	-8.447000e-10
7.548000000000001e+02	-8.448000e-10
7.549000000000001e+02	-8.449000e-10
7.550000000000000e+02	-8.450000e-10
7.551000000000000e+02	-8.451000e-10
7.552000000000000e+02	-8.452000e-10
7.553000000000001e+02	-8.453000e-10
7.554000000000001e+02	-8.454000e-10
7.555000000000000e+02	-8.455000e-10
7.556000000000000e+02	-8.456000e-10
7.557000000000000e+02	-8.457000e-10
7.558000000000001e+02	-8.458000e-10
7.559000000000001e+02	-8.459000e-10
7.560000000000000e+02	-8.460000e-10
7.561000000000000e+02	-8.461000e-10
7.562000000000000e+02	-8.462000e-10
7.563000000000001e+02	-8.463000e-10
7.564000000000001e+02	-8.464000e-10
7.565000000000000e+02	-8.465000e-10
7.566000000000000e+02	-8.466000e-10
7.567000000000000e+02	-8.467000e-10
7.568000000000001e+02	-8.468000e-10
7.569000000000001e+02	-8.469000e-10
7.570000000000000e+02	-8.470000e-10
7.571000000000000e+02	-8.471000e-10
7.572000000000000e+02	-8.472000e-10
7.573000000000001e+02	-8.473000e-10
7.574000000000001e+02	-8.474000e-10
7.575000000000000e+02	-8.475000e-10
7.576000000000000e+02	-8.476000e-10
7.577000000000000e+02	-8.477000e-10
7.578000000000001e+02	-8.478000e-10
7.579000000000001e+02	-8.479000e-10
7.580000000000000e+02	-8.480000e-10
7.581000000000000e+02	-8.481000e-10
7.582000000000000e+02	-8.482000e-10
7.583000000000001e+02	-8.483000e-10
7.584000000000001e+02	-8.484000e-10
7.585000000000000e+02	-8.485000e-10
7.586000000000000e+02	-8.486000e-10
7.587000000000000e+02	-8.487000e-10
7.588000000000001e+02	-8.488000e-10
7.589000000000001e+02	-8.489000e-10
7.590000000000000e+02	-8.490000e-10
7.591000000000000e+02	-8.491000e-10
7.592000000000000e+02	-8.492000e-10
7.593000000000001e+02	-8.493000e-10
7.594000000000001e+02	-8.494000e-10
7.595000000000000e+02	-8.495000e-10
7.596000000000000e+02	-8.496000e-10
7.597000000000000e+02	-8.497000e-10
7.598000000000001e+02	-8.498000e-10
7.599000000000001e+02	-8.499000e-10
7.600000000000000e+02	-8.500000e-10
7.601000000000000e+02	-8.501000e-10
7.602000000000000e+02	-8.502000e-10
7.603000000000001e+02	-8.503000e-10
7.604000000000001e+02	-8.504000e-10
7.605000000000000e+02	-8.505000e-10
7.606000000000000e+02	-8.506000e-10
7.607000000000000e+02	-8.507000e-10
7.608000000000001e+02	-8.508000e-10
7.609000000000001e+02	-8.509000e-10
7.610000000000000e+02	-8.510000e-10
7.611000000000000e+02	-8.511000e-10
7.612000000000000e+02	-8.512000e-10
7.613000000000001e+02	-8.513000e-10
7.614000000000001e+02	-8.514000e-10
7.615000000000000e+02	-8.515000e-10
7.616000000000000e+02	-8.516000e-10
7.617000000000000e+02	-8.517000e-10
7.618000000000001e+02	-8.518000e-10
7.619000000000001e+02	-8.519000e-10
7.620000000000000e+02	-8.520000e-10
7.621000000000000e+02	-8.521000e-10
7.622000000000000e+02	-8.522000e-10
7.623000000000001e+02	-8.523000e-10
7.624000000000001e+02	-8.524000e-10
7.625000000000000e+02	-8.525000e-10
7.626000000000000e+02	-8.526000e-10
7.627000000000000e+02	-8.527000e-10
7.628000000000001e+02	-8.528000e-10
7.629000000000001e+02	-8.529000e-10
7.630000000000000e+02	-8.530000e-10
7.631000000000000e+02	-8.531000e-10
7.632000000000000e+02	-8.532000e-10
7.633000000000001e+02	-8.533000e-10
7.634000000000001e+02	-8.534000e-10
7.635000000000000e+02	-8.535000e-10
7.636000000000000e+02	-8.536000e-10
7.637000000000000e+02	-8.537000e-10
7.638000000000001e+02	-8.538000e-10
7.639000000000001e+02	-8.539000e-10
7.640000000000000e+02	-8.540000e-10
7.641000000000000e+02	-8.541000e-10
7.642000000000000e+02	-8.542000e-10
7.643000000000001e+02	-8.543000e-10
7.644000000000001e+02	-8.544000e-10
7.645000000000000e+02	-8.545000e-10
7.646000000000000e+02	-8.546000e-10
7.647000000000000e+02	-8.547000e-10
7.648000000000001e+02	-8.548000e-10
7.649000000000001e+02	-8.549000e-10
7.650000000000000e+02	-8.550000e-10
7.651000000000000e+02	-8.551000e-10
7.652000000000000e+02	-8.552000e-10
7.653000000000001e+02	-8.553000e-10
7.654000000000001e+02	-8.554000e-10
7.655000000000000e+02	-8.555000e-10
7.656000000000000e+02	-8.556000e-10
7.657000000000000e+02	-8.557000e-10
7.658000000000001e+02	-8.558000e-10
7.659000000000001e+02	-8.559000e-10
7.660000000000000e+02	-8.560000e-10
7.661000000000000e+02	-8.561000e-10
7.662000000000000e+02	-8.562000e-10
7.663000000000001e+02	-8.563000e-10
7.664000000000001e+02	-8.564000e-10
7.665000000000000e+02	-8.565000e-10
7.666000000000000e+02	-8.566000e-10
7.667000000000000e+02	-8.567000e-10
7.668000000000001e+02	-8.568000e-10
7.669000000000001e+02	-8.569000e-10
7.670000000000000e+02	-8.570000e-10
7.671000000000000e+02	-8.571000e-10
7.672000000000000e+02	-8.572000e-10
7.673000000000001e+02	-8.573000e-10
7.674000000000001e+02	-8.574000e-10
7.675000000000000e+02	-8.575000e-10
7.676000000000000e+02	-8.576000e-10
7.677000000000000e+02	-8.577000e-10
7.678000000000001e+02	-8.578000e-10
7.679000000000001e+02	-8.579000e-10
7.680000000000000e+02	-8.580000e-10
7.681000000000000e+02	-8.581000e-10
7.682000000000000e+02	-8.582000e-10
7.683000000000001e+02	-8.583000e-10
7.684000000000001e+02	-8.584000e-10
7.685000000000000e+02	-8.585000e-10
7.686000000000000e+02	-8.586000e-10
7.687000000000000e+02	-8.587000e-10
7.688000000000001e+02	-8.588000e-10
7.689000000000001e+02	-8.589000e-10
7.690000000000000e+02	-8.590000e-10
7.691000000000000e+02	-8.591000e-10
7.692000000000000e+02	-8.592000e-10
7.693000000000001e+02	-8.593000e-10
7.694000000000001e+02	-8.594000e-10
7.695000000000000e+02	-8.595000e-10
7.696000000000000e+02	-8.596000e-10
7.697000000000000e+02	-8.597000e-10
7.698000000000001e+02	-8.598000e-10
7.699000000000001e+02	-8.599000e-10
7.700000000000000e+02	-8.600000e-10
7.701000000000000e+02	-8.601000e-10
7.702000000000000e+02	-8.602000e-10
7.703000000000001e+02	-8.603000e-10
7.704000000000001e+02	-8.604000e-10
7.705000000000000e+02	-8.605000e-10
7.706000000000000e+02	-8.606000e-10
7.707000000000000e+02	-8.607000e-10
7.708000000000001e+02	-8.608000e-10
7.709000000000001e+02	-8.609000e-10
7.710000000000000e+02	-8.610000e-10
7.711000000000000e+02	-8.611000e-10
7.712000000000000e+02	-8.612000e-10
7.713000000000001e+02	-8.613000e-10
7.714000000000001e+02	-8.614000e-10
7.715000000000000e+02	-8.615000e-10
7.716000000000000e+02	-8.616000e-10
7.717000000000000e+02	-8.617000e-10
7.718000000000001e+02	-8.618000e-10
7.719000000000001e+02	-8.619000e-10
7.720000000000000e+02	-8.620000e-10
7.721000000000000e+02	-8.621000e-10
7.722000000000000e+02	-8.622000e-10
7.723000000000001e+02	-8.623000e-10
7.724000000000001e+02	-8.624000e-10
7.725000000000000e+02	-8.625000e-10
7.726000000000000e+02	-8.626000e-10
7.727000000000000e+02	-8.627000e-10
7.728000000000001e+02	-8.628000e-10
7.729000000000001e+02	-8.629000e-10
7.730000000000000e+02	-8.630000e-10
7.731000000000000e+02	-8.631000e-10
7.732000000000000e+02	-8.632000e-10
7.733000000000001e+02	-8.633000e-10
7.734000000000001e+02	-8.634000e-10
7.735000000000000e+02	-8.635000e-10
7.736000000000000e+02	-8.636000e-10
7.737000000000000e+02	-8.637000e-10
7.738000000000001e+02	-8.638000e-10
7.739000000000001e+02	-8.639000e-10
7.740000000000000e+02	-8.640000e-10
7.741000000000000e+02	-8.641000e-10
7.742000000000000e+02	-8.642000e-10
7.743000000000001e+02	-8.643000e-10
7.744000000000001e+02	-8.644000e-10
7.745000000000000e+02	-8.645000e-10
7.746000000000000e+02	-8.646000e-10
7.747000000000000e+02	-8.647000e-10
7.748000000000001e+02	-8.648000e-10
7.749000000000001e+02	-8.649000e-10
7.750000000000000e+02	-8.650000e-10
7.751000000000000e+02	-8.651000e-10
7.752000000000000e+02	-8.652000e-10
7.753000000000001e+02	-8.653000e-10
7.754000000000001e+02	-8.654000e-10
7.755000000000000e+02	-8.655000e-10
7.756000000000000e+02	-8.656000e-10
7.757000000000000e+02	-8.657000e-10
7.758000000000001e+02	-8.658000e-10
7.759000000000001e+02	-8.659000e-10
7.760000000000000e+02	-8.660000e-10
7.761000000000000e+02	-8.661000e-10
7.762000000000000e+02	-8.662000e-10
7.763000000000001e+02	-8.663000e-10
7.764000000000001e+02	-8.664000e-10
7.765000000000000e+02	-8.665000e-10
7.766000000000000e+02	-8.666000e-10
7.767000000000000e+02	-8.667000e-10
7.768000000000001e+02	-8.668000e-10
7.769000000000001e+02	-8.669000e-10
7.770000000000000e+02	-8.670000e-10
7.771000000000000e+02	-8.671000e-10
7.772000000000000e+02	-8.672000e-10
7.773000000000001e+02	-8.673000e-10
7.774000000000001e+02	-8.674000e-10
7.775000000000000e+02	-8.675000e-10
7.776000000000000e+02	-8.676000e-10
7.777000000000000e+02	-8.677000e-10
7.778000000000001e+02	-8.678000e-10
7.779000000000001e+02	-8.679000e-10
7.780000000000000e+02	-8.680000e-10
7.781000000000000e+02	-8.681000e-10
7.782000000000000e+02	-8.682000e-10
7.783000000000001e+02	-8.683000e-10
7.784000000000001e+02	-8.684000e-10
7.785000000000000e+02	-8.685000e-10
7.786000000000000e+02	-8.686000e-10
7.787000000000000e+02	-8.687000e-10
7.788000000000001e+02	-8.688000e-10
7.789000000000001e+02	-8.689000e-10
7.790000000000000e+02	-8.690000e-10
7.791000000000000e+02	-8.691000e-10
7.792000000000000e+02	-8.692000e-10
7.793000000000001e+02	-8.693000e-10
7.794000000000001e+02	-8.694000e-10
7.795000000000000e+02	-8.695000e-10
7.796000000000000e+02	-8.696000e-10
7.797000000000000e+02	-8.697000e-10
7.798000000000001e+02	-8.698000e-10
7.799000000000001e+02	-8.699000e-10
7.800000000000000e+02	-8.700000e-10
7.801000000000000e+02	-8.701000e-10
7.802000000000000e+02	-8.702000e-10
7.803000000000001e+02	-8.703000e-10
7.804000000000001e+02	-8.704000e-10
7.805000000000000e+02	-8.705000e-10
7.806000000000000e+02	-8.706000e-10
7.807000000000000e+02	-8.707000e-10
7.808000000000001e+02	-8.708000e-10
7.809000000000001e+02	-8.709000e-10
7.810000000000000e+02	-8.710000e-10
7.811000000000000e+02	-8.711000e-10
7.812000000000000e+02	-8.712000e-10
7.813000000000001e+02	-8.713000e-10
7.814000000000001e+02	-8.714000e-10
7.815000000000000e+02	-8.715000e-10
7.816000000000000e+02	-8.716000e-10
7.817000000000000e+02	-8.717000e-10
7.818000000000001e+02	-8.718000e-10
7.819000000000001e+02	-8.719000e-10
7.820000000000000e+02	-8.720000e-10
7.821000000000000e+02	-8.721000e-10
7.822000000000000e+02	-8.722000e-10
7.823000000000001e+02	-8.723000e-10
7.824000000000001e+02	-8.724000e-10
7.825000000000000e+02	-8.725000e-10
7.826000000000000e+02	-8.726000e-10
7.827000000000000e+02	-8.727000e-10
7.828000000000001e+02	-8.728000e-10
7.829000000000001e+02	-8.729000e-10
7.830000000000000e+02	-8.730000e-10
7.831000000000000e+02	-8.731000e-10
7.832000000000000e+02	-8.732000e-10
7.833000000000001e+02	-8.733000e-10
7.834000000000001e+02	-8.734000e-10
7.835000000000000e+02	-8.735000e-10
7.836000000000000e+02	-8.736000e-10
7.837000000000000e+02	-8.737000e-10
7.838000000000001e+02	-8.738000e-10
7.839000000000001e+02	-8.739000e-10
7.840000000000000e+02	-8.740000e-10
7.841000000000000e+02	-8.741000e-10
7.842000000000000e+02	-8.742000e-10
7.843000000000001e+02	-8.743000e-10
7.844000000000001e+02	-8.744000e-10
7.845000000000000e+02	-8.745000e-10
7.846000000000000e+02	-8.746000e-10
7.847000000000000e+02	-8.747000e-10
7.848000000000001e+02	-8.748000e-10
7.849000000000001e+02	-8.749000e-10
7.850000000000000e+02	-8.750000e-10
7.851000000000000e+02	-8.751000e-10
7.852000000000000e+02	-8.752000e-10
7.853000000000001e+02	-8.753000e-10
7.854000000000001e+02	-8.754000e-10
7.855000000000000e+02	-8.755000e-10
7.856000000000000e+02	-8.756000e-10
7.857000000000000e+02	-8.757000e-10
7.858000000000001e+02	-8.758000e-10
7.859000000000001e+02	-8.759000e-10
7.860000000000000e+02	-8.760000e-10
7.861000000000000e+02	-8.761000e-10
7.862000000000000e+02	-8.762000e-10
7.863000000000001e+02	-8.763000e-10
7.864000000000001e+02	-8.764000e-10
7.865000000000000e+02	-8.765000e-10
7.866000000000000e+02	-8.766000e-10
7.867000000000000e+02	-8.767000e-10
7.868000000000001e+02	-8.768000e-10
7.869000000000001e+02	-8.769000e-10
7.870000000000000e+02	-8.770000e-10
7.871000000000000e+02	-8.771000e-10
7.872000000000000e+02	-8.772000e-10
7.873000000000001e+02	-8.773000e-10
7.874000000000001e+02	-8.774000e-10
7.875000000000000e+02	-8.775000e-10
7.876000000000000e+02	-8.776000e-10
7.877000000000000e+02	-8.777000e-10
7.878000000000001e+02	-8.778000e-10
7.879000000000001e+02	-8.779000e-10
7.880000000000000e+02	-8.780000e-10
7.881000000000000e+02	-8.781000e-10
7.882000000000000e+02	-8.782000e-10
7.883000000000001e+02	-8.783000e-10
7.884000000000001e+02	-8.784000e-10
7.885000000000000e+02	-8.785000e-10
7.886000000000000e+02	-8.786000e-10
7.887000000000000e+02	-8.787000e-10
7.888000000000001e+02	-8.788000e-10
7.889000000000001e+02	-8.789000e-10
7.890000000000000e+02	-8.790000e-10
7.891000000000000e+02	-8.791000e-10
7.892000000000000e+02	-8.792000e-10
7.893000000000001e+02	-8.793000e-10
7.894000000000001e+02	-8.794000e-10
7.895000000000000e+02	-8.795000e-10
7.896000000000000e+02	-8.796000e-10
7.897000000000000e+02	-8.797000e-10
7.898000000000001e+02	-8.798000e-10
7.899000000000001e+02	-8.799000e-10
7.900000000000000e+02	-8.800000e-10
7.901000000000000e+02	-8.801000e-10
7.902000000000000e+02	-8.802000e-10
7.903000000000001e+02	-8.803000e-10
7.904000000000001e+02	-8.804000e-10
7.905000000000000e+02	-8.805000e-10
7.906000000000000e+02	-8.806000e-10
7.907000000000000e+02	-8.807000e-10
7.908000000000001e+02	-8.808000e-10
7.909000000000001e+02	-8.809000e-10
7.910000000000000e+02	-8.810000e-10
7.911000000000000e+02	-8.811000e-10
7.912000000000000e+02	-8.812000e-10
7.913000000000001e+02	-8.813000e-10
7.914000000000001e+02	-8.814000e-10
7.915000000000000e+02	-8.815000e-10
7.916000000000000e+02	-8.816000e-10
7.917000000000000e+02	-8.817000e-10
7.918000000000001e+02	-8.818000e-10
7.919000000000001e+02	-8.819000e-10
7.920000000000000e+02	-8.820000e-10
7.921000000000000e+02	-8.821000e-10
7.922000000000000e+02	-8.822000e-10
7.923000000000001e+02	-8.823000e-10
7.924000000000001e+02	-8.824000e-10
7.925000000000000e+02	-8.825000e-10
7.926000000000000e+02	-8.826000e-10
7.927000000000000e+02	-8.827000e-10
7.928000000000001e+02	-8.828000e-10
7.929000000000001e+02	-8.829000e-10
7.930000000000000e+02	-8.830000e-10
7.931000000000000e+02	-8.831000e-10
7.932000000000000e+02	-8.832000e-10
7.933000000000001e+02	-8.833000e-10
7.934000000000001e+02	-8.834000e-10
7.935000000000000e+02	-8.835000e-10
7.936000000000000e+02	-8.836000e-10
7.937000000000000e+02	-8.837000e-10
7.938000000000001e+02	-8.838000e-10
7.939000000000001e+02	-8.839000e-10
7.940000000000000e+02	-8.840000e-10
7.941000000000000e+02	-8.841000e-10
7.942000000000000e+02	-8.842000e-10
7.943000000000001e+02	-8.843000e-10
7.944000000000001e+02	-8.844000e-10
7.945000000000000e+02	-8.845000e-10
7.946000000000000e+02	-8.846000e-10
7.947000000000000e+02	-8.847000e-10
7.948000000000001e+02	-8.848000e-10
7.949000000000001e+02	-8.849000e-10
7.950000000000000e+02	-8.850000e-10
7.951000000000000e+02	-8.851000e-10
7.952000000000000e+02	-8.852000e-10
7.953000000000001e+02	-8.853000e-10
7.954000000000001e+02	-8.854000e-10
7.955000000000000e+02	-8.855000e-10
7.956000000000000e+02	-8.856000e-10
7.957000000000000e+02	-8.857000e-10
7.958000000000001e+02	-8.858000e-10
7.959000000000001e+02	-8.859000e-10
7.960000000000000e+02	-8.860000e-10
7.961000000000000e+02	-8.861000e-10
7.962000000000000e+02	-8.862000e-10
7.963000000000001e+02	-8.863000e-10
7.964000000000001e+02	-8.864000e-10
7.965000000000000e+02	-8.865000e-10
7.966000000000000e+02	-8.866000e-10
7.967000000000000e+02	-8.867000e-10
7.968000000000001e+02	-8.868000e-10
7.969000000000001e+02	-8.869000e-10
7.970000000000000e+02	-8.870000e-10
7.971000000000000e+02	-8.871000e-10
7.972000000000000e+02	-8.872000e-10
7.973000000000001e+02	-8.873000e-10
7.974000000000001e+02	-8.874000e-10
7.975000000000000e+02	-8.875000e-10
7.976000000000000e+02	-8.876000e-10
7.977000000000000e+02	-8.877000e-10
7.978000000000001e+02	-8.878000e-10
7.979000000000001e+02	-8.879000e-10
7.980000000000000e+02	-8.880000e-10
7.981000000000000e+02	-8.881000e-10
7.982000000000000e+02	-8.882000e-10
7.983000000000001e+02	-8.883000e-10
7.984000000000001e+02	-8.884000e-10
7.985000000000000e+02	-8.885000e-10
7.986000000000000e+02	-8.886000e-10
7.987000000000000e+02	-8.887000e-10
7.988000000000001e+02	-8.888000e-10
7.989000000000001e+02	-8.889000e-10
7.990000000000000e+02	-8.890000e-10
7.991000000000000e+02	-8.891000e-10
7.992000000000000e+02	-8.892000e-10
7.993000000000001e+02	-8.893000e-10
7.994000000000001e+02	-8.894000e-10
7.995000000000000e+02	-8.895000e-10
7.996000000000000e+02	-8.896000e-10
7.997000000000000e+02	-8.897000e-10
7.998000000000001e+02	-8.898000e-10
7.999000000000001e+02	-8.899000e-10
8.000000000000000e+02	-8.900000e-10
8.001000000000000e+02	-8.901000e-10
8.002000000000000e+02	-8.902000e-10
8.003000000000001e+02	-8.903000e-10
8.004000000000001e+02	-8.904000e-10
8.005000000000000e+02	-8.905000e-10
8.006000000000000e+02	-8.906000e-10
8.007000000000000e+02	-8.907000e-10
8.008000000000001e+02	-8.908000e-10
8.009000000000001e+02	-8.909000e-10
8.010000000000000e+02	-8.910000e-10
8.011000000000000e+02	-8.911000e-10
8.012000000000000e+02	-8.912000e-10
8.013000000000001e+02	-8.913000e-10
8.014000000000001e+02	-8.914000e-10
8.015000000000000e+02	-8.915000e-10
8.016000000000000e+02	-8.916000e-10
8.017000000000000e+02	-8.917000e-10
8.018000000000001e+02	-8.918000e-10
8.019000000000001e+02	-8.919000e-10
8.020000000000000e+02	-8.920000e-10
8.021000000000000e+02	-8.921000e-10
8.022000000000000e+02	-8.922000e-10
8.023000000000001e+02	-8.923000e-10
8.024000000000001e+02	-8.924000e-10
8.025000000000000e+02	-8.925000e-10
8.026000000000000e+02	-8.926000e-10
8.027000000000000e+02	-8.927000e-10
8.028000000000001e+02	-8.928000e-10
8.029000000000001e+02	-8.929000e-10
8.030000000000000e+02	-8.930000e-10
8.031000000000000e+02	-8.931000e-10
8.032000000000000e+02	-8.932000e-10
8.033000000000001e+02	-8.933000e-10
8.034000000000001e+02	-8.934000e-10
8.035000000000000e+02	-8.935000e-10
8.036000000000000e+02	-8.936000e-10
8.037000000000000e+02	-8.937000e-10
8.038000000000001e+02	-8.938000e-10
8.039000000000001e+02	-8.939000e-10
8.040000000000000e+02	-8.940000e-10
8.041000000000000e+02	-8.941000e-10
8.042000000000000e+02	-8.942000e-10
8.043000000000001e+02	-8.943000e-10
8.044000000000001e+02	-8.944000e-10
8.045000000000000e+02	-8.945000e-10
8.046000000000000e+02	-8.946000e-10
8.047000000000000e+02	-8.947000e-10
8.048000000000001e+02	-8.948000e-10
8.049000000000001e+02	-8.949000e-10
8.050000000000000e+02	-8.950000e-10
8.051000000000000e+02	-8.951000e-10
8.052000000000000e+02	-8.952000e-10
8.053000000000001e+02	-8.953000e-10
8.054000000000001e+02	-8.954000e-10
8.055000000000000e+02	-8.955000e-10
8.056000000000000e+02	-8.956000e-10
8.057000000000000e+02	-8.957000e-10
8.058000000000001e+02	-8.958000e-10
8.059000000000001e+02	-8.959000e-10
8.060000000000000e+02	-8.960000e-10
8.061000000000000e+02	-8.961000e-10
8.062000000000000e+02	-8.962000e-10
8.063000000000001e+02	-8.963000e-10
8.064000000000001e+02	-8.964000e-10
8.065000000000000e+02	-8.965000e-10
8.066000000000000e+02	-8.966000e-10
8.067000000000000e+02	-8.967000e-10
8.068000000000001e+02	-8.968000e-10
8.069000000000001e+02	-8.969000e-10
8.070000000000000e+02	-8.970000e-10
8.071000000000000e+02	-8.971000e-10
8.072000000000000e+02	-8.972000e-10
8.073000000000001e+02	-8.973000e-10
8.074000000000001e+02	-8.974000e-10
8.075000000000000e+02	-8.975000e-10
8.076000000000000e+02	-8.976000e-10
8.077000000000000e+02	-8.977000e-10
8.078000000000001e+02	-8.978000e-10
8.079000000000001e+02	-8.979000e-10
8.080000000000000e+02	-8.980000e-10
8.081000000000000e+02	-8.981000e-10
8.082000000000000e+02	-8.982000e-10
8.083000000000001e+02	-8.983000e-10
8.084000000000001e+02	-8.984000e-10
8.085000000000000e+02	-8.985000e-10
8.086000000000000e+02	-8.986000e-10
8.087000000000000e+02	-8.987000e-10
8.088000000000001e+02	-8.988000e-10
8.089000000000001e+02	-8.989000e-10
8.090000000000000e+02	-8.990000e-10
8.091000000000000e+02	-8.991000e-10
8.092000000000000e+02	-8.992000e-10
8.093000000000001e+02	-8.993000e-10
8.094000000000001e+02	-8.994000e-10
8.095000000000000e+02	-8.995000e-10
8.096000000000000e+02	-8.996000e-10
8.097000000000000e+02	-8.997000e-10
8.098000000000001e+02	-8.998000e-10
8.099000000000001e+02	-8.999000e-10
8.100000000000000e+02	-9.000000e-10
8.101000000000000e+02	-9.001000e-10
8.102000000000000e+02	-9.002000e-10
8.103000000000001e+02	-9.003000e-10
8.104000000000001e+02	-9.004000e-10
8.105000000000000e+02	-9.005000e-10
8.106000000000000e+02	-9.006000e-10
8.107000000000000e+02	-9.007000e-10
8.108000000000001e+02	-9.008000e-10
8.109000000000001e+02	-9.009000e-10
8.110000000000000e+02	-9.010000e-10
8.111000000000000e+02	-9.011000e-10
8.112000000000000e+02	-9.012000e-10
8.113000000000001e+02	-9.013000e-10
8.114000000000001e+02	-9.014000e-10
8.115000000000000e+02	-9.015000e-10
8.116000000000000e+02	-9.016000e-10
8.117000000000000e+02	-9.017000e-10
8.118000000000001e+02	-9.018000e-10
8.119000000000001e+02	-9.019000e-10
8.120000000000000e+02	-9.020000e-10
8.121000000000000e+02	-9.021000e-10
8.122000000000000e+02	-9.022000e-10
8.123000000000001e+02	-9.023000e-10
8.124000000000001e+02	-9.024000e-10
8.125000000000000e+02	-9.025000e-10
8.126000000000000e+02	-9.026000e-10
8.127000000000000e+02	-9.027000e-10
8.128000000000001e+02	-9.028000e-10
8.129000000000001e+02	-9.029000e-10
8.130000000000000e+02	-9.030000e-10
8.131000000000000e+02	-9.031000e-10
8.132000000000000e+02	-9.032000e-10
8.133000000000001e+02	-9.033000e-10
8.134000000000001e+02	-9.034000e-10
8.135000000000000e+02	-9.035000e-10
8.136000000000000e+02	-9.036000e-10
8.137000000000000e+02	-9.037000e-10
8.138000000000001e+02	-9.038000e-10
8.139000000000001e+02	-9.039000e-10
8.140000000000000e+02	-9.040000e-10
8.141000000000000e+02	-9.041000e-10
8.142000000000000e+02	-9.042000e-10
8.143000000000001e+02	-9.043000e-10
8.144000000000001e+02	-9.044000e-10
8.145000000000000e+02	-9.045000e-10
8.146000000000000e+02	-9.046000e-10
8.147000000000000e+02	-9.047000e-10
8.148000000000001e+02	-9.048000e-10
8.149000000000001e+02	-9.049000e-10
8.150000000000000e+02	-9.050000e-10
8.151000000000000e+02	-9.051000e-10
8.152000000000000e+02	-9.052000e-10
8.153000000000001e+02	-9.053000e-10
8.154000000000001e+02	-9.054000e-10
8.155000000000000e+02	-9.055000e-10
8.156000000000000e+02	-9.056000e-10
8.157000000000000e+02	-9.057000e-10
8.158000000000001e+02	-9.058000e-10
8.159000000000001e+02	-9.059000e-10
8.160000000000000e+02	-9.060000e-10
8.161000000000000e+02	-9.061000e-10
8.162000000000000e+02	-9.062000e-10
8.163000000000001e+02	-9.063000e-10
8.164000000000001e+02	-9.064000e-10
8.165000000000000e+02	-9.065000e-10
8.166000000000000e+02	-9.066000e-10
8.167000000000000e+02	-9.067000e-10
8.168000000000001e+02	-9.068000e-10
8.169000000000001e+02	-9.069000e-10
8.170000000000000e+02	-9.070000e-10
8.171000000000000e+02	-9.071000e-10
8.172000000000000e+02	-9.072000e-10
8.173000000000001e+02	-9.073000e-10
8.174000000000001e+02	-9.074000e-10
8.175000000000000e+02	-9.075000e-10
8.176000000000000e+02	-9.076000e-10
8.177000000000000e+02	-9.077000e-10
8.178000000000001e+02	-9.078000e-10
8.179000000000001e+02	-9.079000e-10
8.180000000000000e+02	-9.080000e-10
8.181000000000000e+02	-9.081000e-10
8.182000000000000e+02	-9.082000e-10
8.183000000000001e+02	-9.083000e-10
8.184000000000001e+02	-9.084000e-10
8.185000000000000e+02	-9.085000e-10
8.186000000000000e+02	-9.086000e-10
8.187000000000000e+02	-9.087000e-10
8.188000000000001e+02	-9.088000e-10
8.189000000000001e+02	-9.089000e-10
8.190000000000000e+02	-9.090000e-10
8.191000000000000e+02	-9.091000e-10
8.192000000000000e+02	-9.092000e-10
8.193000000000001e+02	-9.093000e-10
8.194000000000001e+02	-9.094000e-10
8.195000000000000e+02	-9.095000e-10
8.196000000000000e+02	-9.096000e-10
8.197000000000000e+02	-9.097000e-10
8.198000000000001e+02	-9.098000e-10
8.199000000000001e+02	-9.099000e-10
8.200000000000000e+02	-9.100000e-10
8.201000000000000e+02	-9.101000e-10
8.202000000000000e+02	-9.102000e-10
8.203000000000001e+02	-9.103000e-10
8.204000000000001e+02	-9.104000e-10
8.205000000000000e+02	-9.105000e-10
8.206000000000000e+02	-9.106000e-10
8.207000000000000e+02	-9.107000e-10
8.208000000000001e+02	-9.108000e-10
8.209000000000001e+02	-9.109000e-10
8.210000000000000e+02	-9.110000e-10
8.211000000000000e+02	-9.111000e-10
8.212000000000000e+02	-9.112000e-10
8.213000000000001e+02	-9.113000e-10
8.214000000000001e+02	-9.114000e-10
8.215000000000000e+02	-9.115000e-10
8.216000000000000e+02	-9.116000e-10
8.217000000000000e+02	-9.117000e-10
8.218000000000001e+02	-9.118000e-10
8.219000000000001e+02	-9.119000e-10
8.220000000000000e+02	-9.120000e-10
8.221000000000000e+02	-9.121000e-10
8.222000000000000e+02	-9.122000e-10
8.223000000000001e+02	-9.123000e-10
8.224000000000001e+02	-9.124000e-10
8.225000000000000e+02	-9.125000e-10
8.226000000000000e+02	-9.126000e-10
8.227000000000000e+02	-9.127000e-10
8.228000000000001e+02	-9.128000e-10
8.229000000000001e+02	-9.129000e-10
8.230000000000000e+02	-9.130000e-10
8.231000000000000e+02	-9.131000e-10
8.232000000000000e+02	-9.132000e-10
8.233000000000001e+02	-9.133000e-10
8.234000000000001e+02	-9.134000e-10
8.235000000000000e+02	-9.135000e-10
8.236000000000000e+02	-9.136000e-10
8.237000000000000e+02	-9.137000e-10
8.238000000000001e+02	-9.138000e-10
8.239000000000001e+02	-9.139000e-10
8.240000000000000e+02	-9.140000e-10
8.241000000000000e+02	-9.141000e-10
8.242000000000000e+02	-9.142000e-10
8.243000000000001e+02	-9.143000e-10
8.244000000000001e+02	-9.144000e-10
8.245000000000000e+02	-9.145000e-10
8.246000000000000e+02	-9.146000e-10
8.247000000000000e+02	-9.147000e-10
8.248000000000001e+02	-9.148000e-10
8.249000000000001e+02	-9.149000e-10
8.250000000000000e+02	-9.150000e-10
8.251000000000000e+02	-9.151000e-10
8.252000000000000e+02	-9.152000e-10
8.253000000000001e+02	-9.153000e-10
8.254000000000001e+02	-9.154000e-10
8.255000000000000e+02	-9.155000e-10
8.256000000000000e+02	-9.156000e-10
8.257000000000000e+02	-9.157000e-10
8.258000000000001e+02	-9.158000e-10
8.259000000000001e+02	-9.159000e-10
8.260000000000000e+02	-9.160000e-10
8.261000000000000e+02	-9.161000e-10
8.262000000000000e+02	-9.162000e-10
8.263000000000001e+02	-9.163000e-10
8.264000000000001e+02	-9.164000e-10
8.265000000000000e+02	-9.165000e-10
8.266000000000000e+02	-9.166000e-10
8.267000000000000e+02	-9.167000e-10
8.268000000000001e+02	-9.168000e-10
8.269000000000001e+02	-9.169000e-10
8.270000000000000e+02	-9.170000e-10
8.271000000000000e+02	-9.171000e-10
8.272000000000000e+02	-9.172000e-10
8.273000000000001e+02	-9.173000e-10
8.274000000000001e+02	-9.174000e-10
8.275000000000000e+02	-9.175000e-10
8.276000000000000e+02	-9.176000e-10
8.277000000000000e+02	-9.177000e-10
8.278000000000001e+02	-9.178000e-10
8.279000000000001e+02	-9.179000e-10
8.280000000000000e+02	-9.180000e-10
8.281000000000000e+02	-9.181000e-10
8.282000000000000e+02	-9.182000e-10
8.283000000000001e+02	-9.183000e-10
8.284000000000001e+02	-9.184000e-10
8.285000000000000e+02	-9.185000e-10
8.286000000000000e+02	-9.186000e-10
8.287000000000000e+02	-9.187000e-10
8.288000000000001e+02	-9.188000e-10
8.289000000000001e+02	-9.189000e-10
8.290000000000000e+02	-9.190000e-10
8.291000000000000e+02	-9.191000e-10
8.292000000000000e+02	-9.192000e-10
8.293000000000001e+02	-9.193000e-10
8.294000000000001e+02	-9.194000e-10
8.295000000000000e+02	-9.195000e-10
8.296000000000000e+02	-9.196000e-10
8.297000000000000e+02	-9.197000e-10
8.298000000000001e+02	-9.198000e-10
8.299000000000001e+02	-9.199000e-10
8.300000000000000e+02	-9.200000e-10
8.301000000000000e+02	-9.201000e-10
8.302000000000000e+02	-9.202000e-10
8.303000000000001e+02	-9.203000e-10
8.304000000000001e+02	-9.204000e-10
8.305000000000000e+02	-9.205000e-10
8.306000000000000e+02	-9.206000e-10
8.307000000000000e+02	-9.207000e-10
8.308000000000001e+02	-9.208000e-10
8.309000000000001e+02	-9.209000e-10
8.310000000000000e+02	-9.210000e-10
8.311000000000000e+02	-9.211000e-10
8.312000000000000e+02	-9.212000e-10
8.313000000000001e+02	-9.213000e-10
8.314000000000001e+02	-9.214000e-10
8.315000000000000e+02	-9.215000e-10
8.316000000000000e+02	-9.216000e-10
8.317000000000000e+02	-9.217000e-10
8.318000000000001e+02	-9.218000e-10
8.319000000000001e+02	-9.219000e-10
8.320000000000000e+02	-9.220000e-10
8.321000000000000e+02	-9.221000e-10
8.322000000000000e+02	-9.222000e-10
8.323000000000001e+02	-9.223000e-10
8.324000000000001e+02	-9.224000e-10
8.325000000000000e+02	-9.225000e-10
8.326000000000000e+02	-9.226000e-10
8.327000000000000e+02	-9.227000e-10
8.328000000000001e+02	-9.228000e-10
8.329000000000001e+02	-9.229000e-10
8.330000000000000e+02	-9.230000e-10
8.331000000000000e+02	-9.231000e-10
8.332000000000000e+02	-9.232000e-10
8.333000000000001e+02	-9.233000e-10
8.334000000000001e+02	-9.234000e-10
8.335000000000000e+02	-9.235000e-10
8.336000000000000e+02	-9.236000e-10
8.337000000000000e+02	-9.237000e-10
8.338000000000001e+02	-9.238000e-10
8.339000000000001e+02	-9.239000e-10
8.340000000000000e+02	-9.240000e-10
8.341000000000000e+02	-9.241000e-10
8.342000000000000e+02	-9.242000e-10
8.343000000000001e+02	-9.243000e-10
8.344000000000001e+02	-9.244000e-10
8.345000000000000e+02	-9.245000e-10
8.346000000000000e+02	-9.246000e-10
8.347000000000000e+02	-9.247000e-10
8.348000000000001e+02	-9.248000e-10
8.349000000000001e+02	-9.249000e-10
8.350000000000000e+02	-9.250000e-10
8.351000000000000e+02	-9.251000e-10
8.352000000000000e+02	-9.252000e-10
8.353000000000001e+02	-9.253000e-10
8.354000000000001e+02	-9.254000e-10
8.355000000000000e+02	-9.255000e-10
8.356000000000000e+02	-9.256000e-10
8.357000000000000e+02	-9.257000e-10
8.358000000000001e+02	-9.258000e-10
8.359000000000001e+02	-9.259000e-10
8.360000000000000e+02	-9.260000e-10
8.361000000000000e+02	-9.261000e-10
8.362000000000000e+02	-9.262000e-10
8.363000000000001e+02	-9.263000e-10
8.364000000000001e+02	-9.264000e-10
8.365000000000000e+02	-9.265000e-10
8.366000000000000e+02	-9.266000e-10
8.367000000000000e+02	-9.267000e-10
8.368000000000001e+02	-9.268000e-10
8.369000000000001e+02	-9.269000e-10
8.370000000000000e+02	-9.270000e-10
8.371000000000000e+02	-9.271000e-10
8.372000000000000e+02	-9.272000e-10
8.373000000000001e+02	-9.273000e-10
8.374000000000001e+02	-9.274000e-10
8.375000000000000e+02	-9.275000e-10
8.376000000000000e+02	-9.276000e-10
8.377000000000000e+02	-9.277000e-10
8.378000000000001e+02	-9.278000e-10
8.379000000000001e+02	-9.279000e-10
8.380000000000000e+02	-9.280000e-10
8.381000000000000e+02	-9.281000e-10
8.382000000000000e+02	-9.282000e-10
8.383000000000001e+02	-9.283000e-10
8.384000000000001e+02	-9.284000e-10
8.385000000000000e+02	-9.285000e-10
8.386000000000000e+02	-9.286000e-10
8.387000000000000e+02	-9.287000e-10
8.388000000000001e+02	-9.288000e-10
8.389000000000001e+02	-9.289000e-10
8.390000000000000e+02	-9.290000e-10
8.391000000000000e+02	-9.291000e-10
8.392000000000000e+02	-9.292000e-10
8.393000000000001e+02	-9.293000e-10
8.394000000000001e+02	-9.294000e-10
8.395000000000000e+02	-9.295000e-10
8.396000000000000e+02	-9.296000e-10
8.397000000000000e+02	-9.297000e-10
8.398000000000001e+02	-9.298000e-10
8.399000000000001e+02	-9.299000e-10
8.400000000000000e+02	-9.300000e-10
8.401000000000000e+02	-9.301000e-10
8.402000000000000e+02	-9.302000e-10
8.403000000000001e+02	-9.303000e-10
8.404000000000001e+02	-9.304000e-10
8.405000000000000e+02	-9.305000e-10
8.406000000000000e+02	-9.306000e-10
8.407000000000000e+02	-9.307000e-10
8.408000000000001e+02	-9.308000e-10
8.409000000000001e+02	-9.309000e-10
8.410000000000000e+02	-9.310000e-10
8.411000000000000e+02	-9.311000e-10
8.412000000000000e+02	-9.312000e-10
8.413000000000001e+02	-9.313000e-10
8.414000000000001e+02	-9.314000e-10
8.415000000000000e+02	-9.315000e-10
8.416000000000000e+02	-9.316000e-10
8.417000000000000e+02	-9.317001e-10
8.418000000000001e+02	-9.318000e-10
8.419000000000001e+02	-9.319000e-10
8.420000000000000e+02	-9.320000e-10
8.421000000000000e+02	-9.321000e-10
8.422000000000000e+02	-9.322000e-10
8.423000000000001e+02	-9.323000e-10
8.424000000000001e+02	-9.324000e-10
8.425000000000000e+02	-9.325000e-10
8.426000000000000e+02	-9.326000e-10
8.427000000000000e+02	-9.327000e-10
8.428000000000001e+02	-9.327999e-10
8.429000000000001e+02	-9.329000e-10
8.430000000000000e+02	-9.330000e-10
8.431000000000000e+02	-9.331000e-10
8.432000000000000e+02	-9.332000e-10
8.433000000000001e+02	-9.333000e-10
8.434000000000001e+02	-9.334000e-10
8.435000000000000e+02	-9.334999e-10
8.436000000000000e+02	-9.336000e-10
8.437000000000000e+02	-9.337000e-10
8.438000000000001e+02	-9.338000e-10
8.439000000000001e+02	-9.339000e-10
8.440000000000000e+02	-9.340000e-10
8.441000000000000e+02	-9.341000e-10
8.442000000000000e+02	-9.342001e-10
8.443000000000001e+02	-9.343000e-10
8.444000000000001e+02	-9.344000e-10
8.445000000000000e+02	-9.345000e-10
8.446000000000000e+02	-9.346000e-10
8.447000000000000e+02	-9.347000e-10
8.448000000000001e+02	-9.348000e-10
8.449000000000001e+02	-9.349000e-10
8.450000000000000e+02	-9.350000e-10
8.451000000000000e+02	-9.351000e-10
8.452000000000000e+02	-9.352000e-10
8.453000000000001e+02	-9.352999e-10
8.454000000000001e+02	-9.354000e-10
8.455000000000000e+02	-9.355000e-10
8.456000000000000e+02	-9.356000e-10
8.457000000000000e+02	-9.357000e-10
8.458000000000001e+02	-9.358000e-10
8.459000000000001e+02	-9.359000e-10
8.460000000000000e+02	-9.359999e-10
8.461000000000000e+02	-9.361000e-10
8.462000000000000e+02	-9.362000e-10
8.463000000000001e+02	-9.363000e-10
8.464000000000001e+02	-9.364000e-10
8.465000000000000e+02	-9.365000e-10
8.466000000000000e+02	-9.366000e-10
8.467000000000000e+02	-9.367001e-10
8.468000000000001e+02	-9.368000e-10
8.469000000000001e+02	-9.369000e-10
8.470000000000000e+02	-9.370000e-10
8.471000000000000e+02	-9.371000e-10
8.472000000000000e+02	-9.372000e-10
8.473000000000001e+02	-9.373000e-10
8.474000000000001e+02	-9.374000e-10
8.475000000000000e+02	-9.375000e-10
8.476000000000000e+02	-9.376000e-10
8.477000000000000e+02	-9.377000e-10
8.478000000000001e+02	-9.377999e-10
8.479000000000001e+02	-9.379000e-10
8.480000000000000e+02	-9.380000e-10
8.481000000000000e+02	-9.381000e-10
8.482000000000000e+02	-9.382000e-10
8.483000000000001e+02	-9.383000e-10
8.484000000000001e+02	-9.384000e-10
8.485000000000000e+02	-9.384999e-10
8.486000000000000e+02	-9.386000e-10
8.487000000000000e+02	-9.387000e-10
8.488000000000001e+02	-9.388000e-10
8.489000000000001e+02	-9.389000e-10
8.490000000000000e+02	-9.390000e-10
8.491000000000000e+02	-9.391000e-10
8.492000000000000e+02	-9.392001e-10
8.493000000000001e+02	-9.393000e-10
8.494000000000001e+02	-9.394000e-10
8.495000000000000e+02	-9.395000e-10
8.496000000000000e+02	-9.396000e-10
8.497000000000000e+02	-9.397000e-10
8.498000000000001e+02	-9.398000e-10
8.499000000000001e+02	-9.399000e-10
8.500000000000000e+02	-9.400000e-10
8.501000000000000e+02	-9.401000e-10
8.502000000000000e+02	-9.402000e-10
8.503000000000001e+02	-9.402999e-10
8.504000000000001e+02	-9.404000e-10
8.505000000000000e+02	-9.405000e-10
8.506000000000000e+02	-9.406000e-10
8.507000000000000e+02	-9.407000e-10
8.508000000000001e+02	-9.408000e-10
8.509000000000001e+02	-9.409000e-10
8.510000000000000e+02	-9.409999e-10
8.511000000000000e+02	-9.411000e-10
8.512000000000000e+02	-9.412000e-10
8.513000000000001e+02	-9.413000e-10
8.514000000000001e+02	-9.414000e-10
8.515000000000000e+02	-9.415000e-10
8.516000000000000e+02	-9.416000e-10
8.517000000000000e+02	-9.417001e-10
8.518000000000001e+02	-9.418000e-10
8.519000000000001e+02	-9.419000e-10
8.520000000000000e+02	-9.420000e-10
8.521000000000000e+02	-9.421000e-10
8.522000000000000e+02	-9.422000e-10
8.523000000000001e+02	-9.423000e-10
8.524000000000001e+02	-9.424000e-10
8.525000000000000e+02	-9.425000e-10
8.526000000000000e+02	-9.426000e-10
8.527000000000000e+02	-9.427000e-10
8.528000000000001e+02	-9.427999e-10
8.529000000000001e+02	-9.429000e-10
8.530000000000000e+02	-9.430000e-10
8.531000000000000e+02	-9.431000e-10
8.532000000000000e+02	-9.432000e-10
8.533000000000001e+02	-9.433000e-10
8.534000000000001e+02	-9.434000e-10
8.535000000000000e+02	-9.434999e-10
8.536000000000000e+02	-9.436000e-10
8.537000000000000e+02	-9.437000e-10
8.538000000000001e+02	-9.438000e-10
8.539000000000001e+02	-9.439000e-10
8.540000000000000e+02	-9.440000e-10
8.541000000000000e+02	-9.441000e-10
8.542000000000000e+02	-9.442001e-10
8.543000000000001e+02	-9.443000e-10
8.544000000000001e+02	-9.444000e-10
8.545000000000000e+02	-9.445000e-10
8.546000000000000e+02	-9.446000e-10
8.547000000000000e+02	-9.447000e-10
8.548000000000001e+02	-9.448000e-10
8.549000000000001e+02	-9.449000e-10
8.550000000000000e+02	-9.450000e-10
8.551000000000000e+02	-9.451000e-10
8.552000000000000e+02	-9.452000e-10
8.553000000000001e+02	-9.452999e-10
8.554000000000001e+02	-9.454000e-10
8.555000000000000e+02	-9.455000e-10
8.556000000000000e+02	-9.456000e-10
8.557000000000000e+02	-9.457000e-10
8.558000000000001e+02	-9.458000e-10
8.559000000000001e+02	-9.459000e-10
8.560000000000000e+02	-9.459999e-10
8.561000000000000e+02	-9.461000e-10
8.562000000000000e+02	-9.462000e-10
8.563000000000001e+02	-9.463000e-10
8.564000000000001e+02	-9.464000e-10
8.565000000000000e+02	-9.465000e-10
8.566000000000000e+02	-9.466000e-10
8.567000000000000e+02	-9.467001e-10
8.568000000000001e+02	-9.468000e-10
8.569000000000001e+02	-9.469000e-10
8.570000000000000e+02	-9.470000e-10
8.571000000000000e+02	-9.471000e-10
8.572000000000000e+02	-9.472000e-10
8.573000000000001e+02	-9.473000e-10
8.574000000000001e+02	-9.474000e-10
8.575000000000000e+02	-9.475000e-10
8.576000000000000e+02	-9.476000e-10
8.577000000000000e+02	-9.477000e-10
8.578000000000001e+02	-9.477999e-10
8.579000000000001e+02	-9.479000e-10
8.580000000000000e+02	-9.480000e-10
8.581000000000000e+02	-9.481000e-10
8.582000000000000e+02	-9.482000e-10
8.583000000000001e+02	-9.483000e-10
8.584000000000001e+02	-9.484000e-10
8.585000000000000e+02	-9.484999e-10
8.586000000000000e+02	-9.486000e-10
8.587000000000000e+02	-9.487000e-10
8.588000000000001e+02	-9.488000e-10
8.589000000000001e+02	-9.489000e-10
8.590000000000000e+02	-9.490000e-10
8.591000000000000e+02	-9.491000e-10
8.592000000000000e+02	-9.492001e-10
8.593000000000001e+02	-9.493000e-10
8.594000000000001e+02	-9.494000e-10
8.595000000000000e+02	-9.495000e-10
8.596000000000000e+02	-9.496000e-10
8.597000000000000e+02	-9.497000e-10
8.598000000000001e+02	-9.498000e-10
8.599000000000001e+02	-9.499000e-10
8.600000000000000e+02	-9.500000e-10
8.601000000000000e+02	-9.501000e-10
8.602000000000000e+02	-9.502000e-10
8.603000000000001e+02	-9.502999e-10
8.604000000000001e+02	-9.504000e-10
8.605000000000000e+02	-9.505000e-10
8.606000000000000e+02	-9.506000e-10
8.607000000000000e+02	-9.507000e-10
8.608000000000001e+02	-9.508000e-10
8.609000000000001e+02	-9.509000e-10
8.610000000000000e+02	-9.509999e-10
8.611000000000000e+02	-9.511000e-10
8.612000000000000e+02	-9.512000e-10
8.613000000000001e+02	-9.513000e-10
8.614000000000001e+02	-9.514000e-10
8.615000000000000e+02	-9.515000e-10
8.616000000000000e+02	-9.516000e-10
8.617000000000000e+02	-9.517001e-10
8.618000000000001e+02	-9.518000e-10
8.619000000000001e+02	-9.519000e-10
8.620000000000000e+02	-9.520000e-10
8.621000000000000e+02	-9.521000e-10
8.622000000000000e+02	-9.522000e-10
8.623000000000001e+02	-9.523000e-10
8.624000000000001e+02	-9.524000e-10
8.625000000000000e+02	-9.525000e-10
8.626000000000000e+02	-9.526000e-10
8.627000000000000e+02	-9.527000e-10
8.628000000000001e+02	-9.528000e-10
8.629000000000001e+02	-9.529000e-10
8.630000000000000e+02	-9.530000e-10
8.631000000000000e+02	-9.531000e-10
8.632000000000000e+02	-9.532000e-10
8.633000000000001e+02	-9.533000e-10
8.634000000000001e+02	-9.534000e-10
8.635000000000000e+02	-9.534999e-10
8.636000000000000e+02	-9.536000e-10
8.637000000000000e+02	-9.537000e-10
8.638000000000001e+02	-9.538000e-10
8.639000000000001e+02	-9.539000e-10
8.640000000000000e+02	-9.540000e-10
8.641000000000000e+02	-9.541000e-10
8.642000000000000e+02	-9.542001e-10
8.643000000000001e+02	-9.543000e-10
8.644000000000001e+02	-9.544000e-10
8.645000000000000e+02	-9.545000e-10
8.646000000000000e+02	-9.546000e-10
8.647000000000000e+02	-9.547000e-10
8.648000000000001e+02	-9.548000e-10
8.649000000000001e+02	-9.549000e-10
8.650000000000000e+02	-9.550000e-10
8.651000000000000e+02	-9.551000e-10
8.652000000000000e+02	-9.552000e-10
8.653000000000001e+02	-9.553000e-10
8.654000000000001e+02	-9.554000e-10
8.655000000000000e+02	-9.555000e-10
8.656000000000000e+02	-9.556000e-10
8.657000000000000e+02	-9.557000e-10
8.658000000000001e+02	-9.558000e-10
8.659000000000001e+02	-9.559000e-10
8.660000000000000e+02	-9.559999e-10
8.661000000000000e+02	-9.561000e-10
8.662000000000000e+02	-9.562000e-10
8.663000000000001e+02	-9.563000e-10
8.664000000000001e+02	-9.564000e-10
8.665000000000000e+02	-9.565000e-10
8.666000000000000e+02	-9.566000e-10
8.667000000000000e+02	-9.567001e-10
8.668000000000001e+02	-9.568000e-10
8.669000000000001e+02	-9.569000e-10
8.670000000000000e+02	-9.570000e-10
8.671000000000000e+02	-9.571000e-10
8.672000000000000e+02	-9.572000e-10
8.673000000000001e+02	-9.573000e-10
8.674000000000001e+02	-9.574000e-10
8.675000000000000e+02	-9.575000e-10
8.676000000000000e+02	-9.576000e-10
8.677000000000000e+02	-9.577000e-10
8.678000000000001e+02	-9.578000e-10
8.679000000000001e+02	-9.579000e-10
8.680000000000000e+02	-9.580000e-10
8.681000000000000e+02	-9.581000e-10
8.682000000000000e+02	-9.582000e-10
8.683000000000001e+02	-9.583000e-10
8.684000000000001e+02	-9.584000e-10
8.685000000000000e+02	-9.584999e-10
8.686000000000000e+02	-9.586000e-10
8.687000000000000e+02	-9.587000e-10
8.688000000000001e+02	-9.588000e-10
8.689000000000001e+02	-9.589000e-10
8.690000000000000e+02	-9.590000e-10
8.691000000000000e+02	-9.591000e-10
8.692000000000000e+02	-9.592001e-10
8.693000000000001e+02	-9.593000e-10
8.694000000000001e+02	-9.594000e-10
8.695000000000000e+02	-9.595000e-10
8.696000000000000e+02	-9.596000e-10
8.697000000000000e+02	-9.597000e-10
8.698000000000001e+02	-9.598000e-10
8.699000000000001e+02	-9.599000e-10
8.700000000000000e+02	-9.600000e-10
8.701000000000000e+02	-9.601000e-10
8.702000000000000e+02	-9.602000e-10
8.703000000000001e+02	-9.603000e-10
8.704000000000001e+02	-9.604000e-10
8.705000000000000e+02	-9.605000e-10
8.706000000000000e+02	-9.606000e-10
8.707000000000000e+02	-9.607000e-10
8.708000000000001e+02	-9.608000e-10
8.709000000000001e+02	-9.609000e-10
8.710000000000000e+02	-9.609999e-10
8.711000000000000e+02	-9.611000e-10
8.712000000000000e+02	-9.612000e-10
8.713000000000001e+02	-9.613000e-10
8.714000000000001e+02	-9.614000e-10
8.715000000000000e+02	-9.615000e-10
8.716000000000000e+02	-9.616000e-10
8.717000000000000e+02	-9.617001e-10
8.718000000000001e+02	-9.618000e-10
8.719000000000001e+02	-9.619000e-10
8.720000000000000e+02	-9.620000e-10
8.721000000000000e+02	-9.621000e-10
8.722000000000000e+02	-9.622000e-10
8.723000000000001e+02	-9.623000e-10
8.724000000000001e+02	-9.624000e-10
8.725000000000000e+02	-9.625000e-10
8.726000000000000e+02	-9.626000e-10
8.727000000000000e+02	-9.627000e-10
8.728000000000001e+02	-9.628000e-10
8.729000000000001e+02	-9.629000e-10
8.730000000000000e+02	-9.630000e-10
8.731000000000000e+02	-9.631000e-10
8.732000000000000e+02	-9.632000e-10
8.733000000000001e+02	-9.633000e-10
8.734000000000001e+02	-9.634000e-10
8.735000000000000e+02	-9.634999e-10
8.736000000000000e+02	-9.636000e-10
8.737000000000000e+02	-9.637000e-10
8.738000000000001e+02	-9.638000e-10
8.739000000000001e+02	-9.639000e-10
8.740000000000000e+02	-9.640000e-10
8.741000000000000e+02	-9.641000e-10
8.742000000000000e+02	-9.642001e-10
8.743000000000001e+02	-9.643000e-10
8.744000000000001e+02	-9.644000e-10
8.745000000000000e+02	-9.645000e-10
8.746000000000000e+02	-9.646000e-10
8.747000000000000e+02	-9.647000e-10
8.748000000000001e+02	-9.648000e-10
8.749000000000001e+02	-9.649000e-10
8.750000000000000e+02	-9.650000e-10
8.751000000000000e+02	-9.651000e-10
8.752000000000000e+02	-9.652000e-10
8.753000000000001e+02	-9.653000e-10
8.754000000000001e+02	-9.654000e-10
8.755000000000000e+02	-9.655000e-10
8.756000000000000e+02	-9.656000e-10
8.757000000000000e+02	-9.657000e-10
8.758000000000001e+02	-9.658000e-10
8.759000000000001e+02	-9.659000e-10
8.760000000000000e+02	-9.659999e-10
8.761000000000000e+02	-9.661000e-10
8.762000000000000e+02	-9.662000e-10
8.763000000000001e+02	-9.663000e-10
8.764000000000001e+02	-9.664000e-10
8.765000000000000e+02	-9.665000e-10
8.766000000000000e+02	-9.666000e-10
8.767000000000000e+02	-9.667001e-10
8.768000000000001e+02	-9.668000e-10
8.769000000000001e+02	-9.669000e-10
8.770000000000000e+02	-9.670000e-10
8.771000000000000e+02	-9.671000e-10
8.772000000000000e+02	-9.672000e-10
8.773000000000001e+02	-9.673000e-10
8.774000000000001e+02	-9.674000e-10
8.775000000000000e+02	-9.675000e-10
8.776000000000000e+02	-9.676000e-10
8.777000000000000e+02	-9.677000e-10
8.778000000000001e+02	-9.678000e-10
8.779000000000001e+02	-9.679000e-10
8.780000000000000e+02	-9.680000e-10
8.781000000000000e+02	-9.681000e-10
8.782000000000000e+02	-9.682000e-10
8.783000000000001e+02	-9.683000e-10
8.784000000000001e+02	-9.684000e-10
8.785000000000000e+02	-9.684999e-10
8.786000000000000e+02	-9.686000e-10
8.787000000000000e+02	-9.687000e-10
8.788000000000001e+02	-9.688000e-10
8.789000000000001e+02	-9.689000e-10
8.790000000000000e+02	-9.690000e-10
8.791000000000000e+02	-9.691000e-10
8.792000000000000e+02	-9.692001e-10
8.793000000000001e+02	-9.693000e-10
8.794000000000001e+02	-9.694000e-10
8.795000000000000e+02	-9.695000e-10
8.796000000000000e+02	-9.696000e-10
8.797000000000000e+02	-9.697000e-10
8.798000000000001e+02	-9.698000e-10
8.799000000000001e+02	-9.699000e-10
8.800000000000000e+02	-9.700000e-10
8.801000000000000e+02	-9.701000e-10
8.802000000000000e+02	-9.702000e-10
8.803000000000001e+02	-9.703000e-10
8.804000000000001e+02	-9.704000e-10
8.805000000000000e+02	-9.705000e-10
8.806000000000000e+02	-9.706000e-10
8.807000000000000e+02	-9.707000e-10
8.808000000000001e+02	-9.708000e-10
8.809000000000001e+02	-9.709000e-10
8.810000000000000e+02	-9.709999e-10
8.811000000000000e+02	-9.711000e-10
8.812000000000000e+02	-9.712000e-10
8.813000000000001e+02	-9.713000e-10
8.814000000000001e+02	-9.714000e-10
8.815000000000000e+02	-9.715000e-10
8.816000000000000e+02	-9.716000e-10
8.817000000000000e+02	-9.717001e-10
8.818000000000001e+02	-9.718000e-10
8.819000000000001e+02	-9.719000e-10
8.820000000000000e+02	-9.720000e-10
8.821000000000000e+02	-9.721000e-10
8.822000000000000e+02	-9.722000e-10
8.823000000000001e+02	-9.723000e-10
8.824000000000001e+02	-9.724000e-10
8.825000000000000e+02	-9.725000e-10
8.826000000000000e+02	-9.726000e-10
8.827000000000000e+02	-9.727000e-10
8.828000000000001e+02	-9.728000e-10
8.829000000000001e+02	-9.729000e-10
8.830000000000000e+02	-9.730000e-10
8.831000000000000e+02	-9.731000e-10
8.832000000000000e+02	-9.732000e-10
8.833000000000001e+02	-9.733000e-10
8.834000000000001e+02	-9.734000e-10
8.835000000000000e+02	-9.734999e-10
8.836000000000000e+02	-9.736000e-10
8.837000000000000e+02	-9.737000e-10
8.838000000000001e+02	-9.738000e-10
8.839000000000001e+02	-9.739000e-10
8.840000000000000e+02	-9.740000e-10
8.841000000000000e+02	-9.741000e-10
8.842000000000000e+02	-9.742001e-10
8.843000000000001e+02	-9.743000e-10
8.844000000000001e+02	-9.744000e-10
8.845000000000000e+02	-9.745000e-10
8.846000000000000e+02	-9.746000e-10
8.847000000000000e+02	-9.747000e-10
8.848000000000001e+02	-9.748000e-10
8.849000000000001e+02	-9.749000e-10
8.850000000000000e+02	-9.750000e-10
8.851000000000000e+02	-9.751000e-10
8.852000000000000e+02	-9.752000e-10
8.853000000000001e+02	-9.753000e-10
8.854000000000001e+02	-9.754000e-10
8.855000000000000e+02	-9.755000e-10
8.856000000000000e+02	-9.756000e-10
8.857000000000000e+02	-9.757000e-10
8.858000000000001e+02	-9.758000e-10
8.859000000000001e+02	-9.759000e-10
8.860000000000000e+02	-9.759999e-10
8.861000000000000e+02	-9.761000e-10
8.862000000000000e+02	-9.762000e-10
8.863000000000001e+02	-9.763000e-10
8.864000000000001e+02	-9.764000e-10
8.865000000000000e+02	-9.765000e-10
8.866000000000000e+02	-9.766000e-10
8.867000000000000e+02	-9.767001e-10
8.868000000000001e+02	-9.768000e-10
8.869000000000001e+02	-9.769000e-10
8.870000000000000e+02	-9.770000e-10
8.871000000000000e+02	-9.771000e-10
8.872000000000000e+02	-9.772000e-10
8.873000000000001e+02	-9.773000e-10
8.874000000000001e+02	-9.774000e-10
8.875000000000000e+02	-9.775000e-10
8.876000000000000e+02	-9.776000e-10
8.877000000000000e+02	-9.777000e-10
8.878000000000001e+02	-9.778000e-10
8.879000000000001e+02	-9.779000e-10
8.880000000000000e+02	-9.780000e-10
8.881000000000000e+02	-9.781000e-10
8.882000000000000e+02	-9.782000e-10
8.883000000000001e+02	-9.783000e-10
8.884000000000001e+02	-9.784000e-10
8.885000000000000e+02	-9.784999e-10
8.886000000000000e+02	-9.786000e-10
8.887000000000000e+02	-9.787000e-10
8.888000000000001e+02	-9.788000e-10
8.889000000000001e+02	-9.789000e-10
8.890000000000000e+02	-9.790000e-10
8.891000000000000e+02	-9.791000e-10
8.892000000000000e+02	-9.792001e-10
8.893000000000001e+02	-9.793000e-10
8.894000000000001e+02	-9.794000e-10
8.895000000000000e+02	-9.795000e-10
8.896000000000000e+02	-9.796000e-10
8.897000000000000e+02	-9.797000e-10
8.898000000000001e+02	-9.798000e-10
8.899000000000001e+02	-9.799000e-10
8.900000000000000e+02	-9.800000e-10
8.901000000000000e+02	-9.801000e-10
8.902000000000000e+02	-9.802000e-10
8.903000000000001e+02	-9.803000e-10
8.904000000000001e+02	-9.804000e-10
8.905000000000000e+02	-9.805000e-10
8.906000000000000e+02	-9.806000e-10
8.907000000000000e+02	-9.807000e-10
8.908000000000001e+02	-9.808000e-10
8.909000000000001e+02	-9.809000e-10
8.910000000000000e+02	-9.809999e-10
8.911000000000000e+02	-9.811000e-10
8.912000000000000e+02	-9.812000e-10
8.913000000000001e+02	-9.813000e-10
8.914000000000001e+02	-9.814000e-10
8.915000000000000e+02	-9.815000e-10
8.916000000000000e+02	-9.816000e-10
8.917000000000000e+02	-9.816999e-10
8.918000000000001e+02	-9.818000e-10
8.919000000000001e+02	-9.819000e-10
8.920000000000000e+02	-9.820000e-10
8.921000000000000e+02	-9.821000e-10
8.922000000000000e+02	-9.822000e-10
8.923000000000001e+02	-9.823000e-10
8.924000000000001e+02	-9.824001e-10
8.925000000000000e+02	-9.825000e-10
8.926000000000000e+02	-9.826000e-10
8.927000000000000e+02	-9.827000e-10
8.928000000000001e+02	-9.828000e-10
8.929000000000001e+02	-9.829000e-10
8.930000000000000e+02	-9.830000e-10
8.931000000000000e+02	-9.831000e-10
8.932000000000000e+02	-9.832000e-10
8.933000000000001e+02	-9.833000e-10
8.934000000000001e+02	-9.834000e-10
8.935000000000000e+02	-9.834999e-10
8.936000000000000e+02	-9.836000e-10
8.937000000000000e+02	-9.837000e-10
8.938000000000001e+02	-9.838000e-10
8.939000000000001e+02	-9.839000e-10
8.940000000000000e+02	-9.840000e-10
8.941000000000000e+02	-9.841000e-10
8.942000000000000e+02	-9.841999e-10
8.943000000000001e+02	-9.843000e-10
8.944000000000001e+02	-9.844000e-10
8.945000000000000e+02	-9.845000e-10
8.946000000000000e+02	-9.846000e-10
8.947000000000000e+02	-9.847000e-10
8.948000000000001e+02	-9.848000e-10
8.949000000000001e+02	-9.849001e-10
8.950000000000000e+02	-9.850000e-10
8.951000000000000e+02	-9.851000e-10
8.952000000000000e+02	-9.852000e-10
8.953000000000001e+02	-9.853000e-10
8.954000000000001e+02	-9.854000e-10
8.955000000000000e+02	-9.855000e-10
8.956000000000000e+02	-9.856000e-10
8.957000000000000e+02	-9.857000e-10
8.958000000000001e+02	-9.858000e-10
8.959000000000001e+02	-9.859000e-10
8.960000000000000e+02	-9.859999e-10
8.961000000000000e+02	-9.861000e-10
8.962000000000000e+02	-9.862000e-10
8.963000000000001e+02	-9.863000e-10
8.964000000000001e+02	-9.864000e-10
8.965000000000000e+02	-9.865000e-10
8.966000000000000e+02	-9.866000e-10
8.967000000000000e+02	-9.866999e-10
8.968000000000001e+02	-9.868000e-10
8.969000000000001e+02	-9.869000e-10
8.970000000000000e+02	-9.870000e-10
8.971000000000000e+02	-9.871000e-10
8.972000000000000e+02	-9.872000e-10
8.973000000000001e+02	-9.873000e-10
8.974000000000001e+02	-9.874001e-10
8.975000000000000e+02	-9.875000e-10
8.976000000000000e+02	-9.876000e-10
8.977000000000000e+02	-9.877000e-10
8.978000000000001e+02	-9.878000e-10
8.979000000000001e+02	-9.879000e-10
8.980000000000000e+02	-9.880000e-10
8.981000000000000e+02	-9.881000e-10
8.982000000000000e+02	-9.882000e-10
8.983000000000001e+02	-9.883000e-10
8.984000000000001e+02	-9.884000e-10
8.985000000000000e+02	-9.884999e-10
8.986000000000000e+02	-9.886000e-10
8.987000000000000e+02	-9.887000e-10
8.988000000000001e+02	-9.888000e-10
8.989000000000001e+02	-9.889000e-10
8.990000000000000e+02	-9.890000e-10
8.991000000000000e+02	-9.891000e-10
8.992000000000000e+02	-9.891999e-10
8.993000000000001e+02	-9.893000e-10
8.994000000000001e+02	-9.894000e-10
8.995000000000000e+02	-9.895000e-10
8.996000000000000e+02	-9.896000e-10
8.997000000000000e+02	-9.897000e-10
8.998000000000001e+02	-9.898000e-10
8.999000000000001e+02	-9.899001e-10
9.000000000000000e+02	-9.900000e-10
9.001000000000000e+02	-9.901000e-10
9.002000000000000e+02	-9.902000e-10
9.003000000000001e+02	-9.903000e-10
9.004000000000001e+02	-9.904000e-10
9.005000000000000e+02	-9.905000e-10
9.006000000000000e+02	-9.906000e-10
9.007000000000000e+02	-9.907000e-10
9.008000000000001e+02	-9.908000e-10
9.009000000000001e+02	-9.909000e-10
9.010000000000000e+02	-9.909999e-10
9.011000000000000e+02	-9.911000e-10
9.012000000000000e+02	-9.912000e-10
9.013000000000001e+02	-9.913000e-10
9.014000000000001e+02	-9.914000e-10
9.015000000000000e+02	-9.915000e-10
9.016000000000000e+02	-9.916000e-10
9.017000000000000e+02	-9.916999e-10
9.018000000000001e+02	-9.918000e-10
9.019000000000001e+02	-9.919000e-10
9.020000000000000e+02	-9.920000e-10
9.021000000000000e+02	-9.921000e-10
9.022000000000000e+02	-9.922000e-10
9.023000000000001e+02	-9.923000e-10
9.024000000000001e+02	-9.924001e-10
9.025000000000000e+02	-9.925000e-10
9.026000000000000e+02	-9.926000e-10
9.027000000000000e+02	-9.927000e-10
9.028000000000001e+02	-9.928000e-10
9.029000000000001e+02	-9.929000e-10
9.030000000000000e+02	-9.930000e-10
9.031000000000000e+02	-9.931000e-10
9.032000000000000e+02	-9.932000e-10
9.033000000000001e+02	-9.933000e-10
9.034000000000001e+02	-9.934000e-10
9.035000000000000e+02	-9.934999e-10
9.036000000000000e+02	-9.936000e-10
9.037000000000000e+02	-9.937000e-10
9.038000000000001e+02	-9.938000e-10
9.039000000000001e+02	-9.939000e-10
9.040000000000000e+02	-9.940000e-10
9.041000000000000e+02	-9.941000e-10
9.042000000000000e+02	-9.941999e-10
9.043000000000001e+02	-9.943000e-10
9.044000000000001e+02	-9.944000e-10
9.045000000000000e+02	-9.945000e-10
9.046000000000000e+02	-9.946000e-10
9.047000000000000e+02	-9.947000e-10
9.048000000000001e+02	-9.948000e-10
9.049000000000001e+02	-9.949001e-10
9.050000000000000e+02	-9.950000e-10
9.051000000000000e+02	-9.951000e-10
9.052000000000000e+02	-9.952000e-10
9.053000000000001e+02	-9.953000e-10
9.054000000000001e+02	-9.954000e-10
9.055000000000000e+02	-9.955000e-10
9.056000000000000e+02	-9.956000e-10
9.057000000000000e+02	-9.957000e-10
9.058000000000001e+02	-9.958000e-10
9.059000000000001e+02	-9.959000e-10
9.060000000000000e+02	-9.959999e-10
9.061000000000000e+02	-9.961000e-10
9.062000000000000e+02	-9.962000e-10
9.063000000000001e+02	-9.963000e-10
9.064000000000001e+02	-9.964000e-10
9.065000000000000e+02	-9.965000e-10
9.066000000000000e+02	-9.966000e-10
9.067000000000000e+02	-9.966999e-10
9.068000000000001e+02	-9.968000e-10
9.069000000000001e+02	-9.969000e-10
9.070000000000000e+02	-9.970000e-10
9.071000000000000e+02	-9.971000e-10
9.072000000000000e+02	-9.972000e-10
9.073000000000001e+02	-9.973000e-10
9.074000000000001e+02	-9.974001e-10
9.075000000000000e+02	-9.975000e-10
9.076000000000000e+02	-9.976000e-10
9.077000000000000e+02	-9.977000e-10
9.078000000000001e+02	-9.978000e-10
9.079000000000001e+02	-9.979000e-10
9.080000000000000e+02	-9.980000e-10
9.081000000000000e+02	-9.981000e-10
9.082000000000000e+02	-9.982000e-10
9.083000000000001e+02	-9.983000e-10
9.084000000000001e+02	-9.984000e-10
9.085000000000000e+02	-9.984999e-10
9.086000000000000e+02	-9.986000e-10
9.087000000000000e+02	-9.987000e-10
9.088000000000001e+02	-9.988000e-10
9.089000000000001e+02	-9.989000e-10
9.090000000000000e+02	-9.990000e-10
9.091000000000000e+02	-9.991000e-10
9.092000000000000e+02	-9.991999e-10
9.093000000000001e+02	-9.993000e-10
9.094000000000001e+02	-9.994000e-10
9.095000000000000e+02	-9.995000e-10
9.096000000000000e+02	-9.996000e-10
9.097000000000000e+02	-9.997000e-10
9.098000000000001e+02	-9.998000e-10
9.099000000000001e+02	-9.999001e-10
9.100000000000000e+02	-1.000000e-09
9.101000000000000e+02	-1.000100e-09
9.102000000000000e+02	-1.000200e-09
9.103000000000001e+02	-1.000300e-09
9.104000000000001e+02	-1.000400e-09
9.105000000000000e+02	-1.000500e-09
9.106000000000000e+02	-1.000600e-09
9.107000000000000e+02	-1.000700e-09
9.108000000000001e+02	-1.000800e-09
9.109000000000001e+02	-1.000900e-09
9.110000000000000e+02	-1.001000e-09
9.111000000000000e+02	-1.001100e-09
9.112000000000000e+02	-1.001200e-09
9.113000000000001e+02	-1.001300e-09
9.114000000000001e+02	-1.001400e-09
9.115000000000000e+02	-1.001500e-09
9.116000000000000e+02	-1.001600e-09
9.117000000000000e+02	-1.001700e-09
9.118000000000001e+02	-1.001800e-09
9.119000000000001e+02	-1.001900e-09
9.120000000000000e+02	-1.002000e-09
9.121000000000000e+02	-1.002100e-09
9.122000000000000e+02	-1.002200e-09
9.123000000000001e+02	-1.002300e-09
9.124000000000001e+02	-1.002400e-09
9.125000000000000e+02	-1.002500e-09
9.126000000000000e+02	-1.002600e-09
9.127000000000000e+02	-1.002700e-09
9.128000000000001e+02	-1.002800e-09
9.129000000000001e+02	-1.002900e-09
9.130000000000000e+02	-1.003000e-09
9.131000000000000e+02	-1.003100e-09
9.132000000000000e+02	-1.003200e-09
9.133000000000001e+02	-1.003300e-09
9.134000000000001e+02	-1.003400e-09
9.135000000000000e+02	-1.003500e-09
9.136000000000000e+02	-1.003600e-09
9.137000000000000e+02	-1.003700e-09
9.138000000000001e+02	-1.003800e-09
9.139000000000001e+02	-1.003900e-09
9.140000000000000e+02	-1.004000e-09
9.141000000000000e+02	-1.004100e-09
9.142000000000000e+02	-1.004200e-09
9.143000000000001e+02	-1.004300e-09
9.144000000000001e+02	-1.004400e-09
9.145000000000000e+02	-1.004500e-09
9.146000000000000e+02	-1.004600e-09
9.147000000000000e+02	-1.004700e-09
9.148000000000001e+02	-1.004800e-09
9.149000000000001e+02	-1.004900e-09
9.150000000000000e+02	-1.005000e-09
9.151000000000000e+02	-1.005100e-09
9.152000000000000e+02	-1.005200e-09
9.153000000000001e+02	-1.005300e-09
9.154000000000001e+02	-1.005400e-09
9.155000000000000e+02	-1.005500e-09
9.156000000000000e+02	-1.005600e-09
9.157000000000000e+02	-1.005700e-09
9.158000000000001e+02	-1.005800e-09
9.159000000000001e+02	-1.005900e-09
9.160000000000000e+02	-1.006000e-09
9.161000000000000e+02	-1.006100e-09
9.162000000000000e+02	-1.006200e-09
9.163000000000001e+02	-1.006300e-09
9.164000000000001e+02	-1.006400e-09
9.165000000000000e+02	-1.006500e-09
9.166000000000000e+02	-1.006600e-09
9.167000000000000e+02	-1.006700e-09
9.168000000000001e+02	-1.006800e-09
9.169000000000001e+02	-1.006900e-09
9.170000000000000e+02	-1.007000e-09
9.171000000000000e+02	-1.007100e-09
9.172000000000000e+02	-1.007200e-09
9.173000000000001e+02	-1.007300e-09
9.174000000000001e+02	-1.007400e-09
9.175000000000000e+02	-1.007500e-09
9.176000000000000e+02	-1.007600e-09
9.177000000000000e+02	-1.007700e-09
9.178000000000001e+02	-1.007800e-09
9.179000000000001e+02	-1.007900e-09
9.180000000000000e+02	-1.008000e-09
9.181000000000000e+02	-1.008100e-09
9.182000000000000e+02	-1.008200e-09
9.183000000000001e+02	-1.008300e-09
9.184000000000001e+02	-1.008400e-09
9.185000000000000e+02	-1.008500e-09
9.186000000000000e+02	-1.008600e-09
9.187000000000000e+02	-1.008700e-09
9.188000000000001e+02	-1.008800e-09
9.189000000000001e+02	-1.008900e-09
9.190000000000000e+02	-1.009000e-09
9.191000000000000e+02	-1.009100e-09
9.192000000000000e+02	-1.009200e-09
9.193000000000001e+02	-1.009300e-09
9.194000000000001e+02	-1.009400e-09
9.195000000000000e+02	-1.009500e-09
9.196000000000000e+02	-1.009600e-09
9.197000000000000e+02	-1.009700e-09
9.198000000000001e+02	-1.009800e-09
9.199000000000001e+02	-1.009900e-09
9.200000000000000e+02	-1.010000e-09
9.201000000000000e+02	-1.010100e-09
9.202000000000000e+02	-1.010200e-09
9.203000000000001e+02	-1.010300e-09
9.204000000000001e+02	-1.010400e-09
9.205000000000000e+02	-1.010500e-09
9.206000000000000e+02	-1.010600e-09
9.207000000000000e+02	-1.010700e-09
9.208000000000001e+02	-1.010800e-09
9.209000000000001e+02	-1.010900e-09
9.210000000000000e+02	-1.011000e-09
9.211000000000000e+02	-1.011100e-09
9.212000000000000e+02	-1.011200e-09
9.213000000000001e+02	-1.011300e-09
9.214000000000001e+02	-1.011400e-09
9.215000000000000e+02	-1.011500e-09
9.216000000000000e+02	-1.011600e-09
9.217000000000000e+02	-1.011700e-09
9.218000000000001e+02	-1.011800e-09
9.219000000000001e+02	-1.011900e-09
9.220000000000000e+02	-1.012000e-09
9.221000000000000e+02	-1.012100e-09
9.222000000000000e+02	-1.012200e-09
9.223000000000001e+02	-1.012300e-09
9.224000000000001e+02	-1.012400e-09
9.225000000000000e+02	-1.012500e-09
9.226000000000000e+02	-1.012600e-09
9.227000000000000e+02	-1.012700e-09
9.228000000000001e+02	-1.012800e-09
9.229000000000001e+02	-1.012900e-09
9.230000000000000e+02	-1.013000e-09
9.231000000000000e+02	-1.013100e-09
9.232000000000000e+02	-1.013200e-09
9.233000000000001e+02	-1.013300e-09
9.234000000000001e+02	-1.013400e-09
9.235000000000000e+02	-1.013500e-09
9.236000000000000e+02	-1.013600e-09
9.237000000000000e+02	-1.013700e-09
9.238000000000001e+02	-1.013800e-09
9.239000000000001e+02	-1.013900e-09
9.240000000000000e+02	-1.014000e-09
9.241000000000000e+02	-1.014100e-09
9.242000000000000e+02	-1.014200e-09
9.243000000000001e+02	-1.014300e-09
9.244000000000001e+02	-1.014400e-09
9.245000000000000e+02	-1.014500e-09
9.246000000000000e+02	-1.014600e-09
9.247000000000000e+02	-1.014700e-09
9.248000000000001e+02	-1.014800e-09
9.249000000000001e+02	-1.014900e-09
9.250000000000000e+02	-1.015000e-09
9.251000000000000e+02	-1.015100e-09
9.252000000000000e+02	-1.015200e-09
9.253000000000001e+02	-1.015300e-09
9.254000000000001e+02	-1.015400e-09
9.255000000000000e+02	-1.015500e-09
9.256000000000000e+02	-1.015600e-09
9.257000000000000e+02	-1.015700e-09
9.258000000000001e+02	-1.015800e-09
9.259000000000001e+02	-1.015900e-09
9.260000000000000e+02	-1.016000e-09
9.261000000000000e+02	-1.016100e-09
9.262000000000000e+02	-1.016200e-09
9.263000000000001e+02	-1.016300e-09
9.264000000000001e+02	-1.016400e-09
9.265000000000000e+02	-1.016500e-09
9.266000000000000e+02	-1.016600e-09
9.267000000000000e+02	-1.016700e-09
9.268000000000001e+02	-1.016800e-09
9.269000000000001e+02	-1.016900e-09
9.270000000000000e+02	-1.017000e-09
9.271000000000000e+02	-1.017100e-09
9.272000000000000e+02	-1.017200e-09
9.273000000000001e+02	-1.017300e-09
9.274000000000001e+02	-1.017400e-09
9.275000000000000e+02	-1.017500e-09
9.276000000000000e+02	-1.017600e-09
9.277000000000000e+02	-1.017700e-09
9.278000000000001e+02	-1.017800e-09
9.279000000000001e+02	-1.017900e-09
9.280000000000000e+02	-1.018000e-09
9.281000000000000e+02	-1.018100e-09
9.282000000000000e+02	-1.018200e-09
9.283000000000001e+02	-1.018300e-09
9.284000000000001e+02	-1.018400e-09
9.285000000000000e+02	-1.018500e-09
9.286000000000000e+02	-1.018600e-09
9.287000000000000e+02	-1.018700e-09
9.288000000000001e+02	-1.018800e-09
9.289000000000001e+02	-1.018900e-09
9.290000000000000e+02	-1.019000e-09
9.291000000000000e+02	-1.019100e-09
9.292000000000000e+02	-1.019200e-09
9.293000000000001e+02	-1.019300e-09
9.294000000000001e+02	-1.019400e-09
9.295000000000000e+02	-1.019500e-09
9.296000000000000e+02	-1.019600e-09
9.297000000000000e+02	-1.019700e-09
9.298000000000001e+02	-1.019800e-09
9.299000000000001e+02	-1.019900e-09
9.300000000000000e+02	-1.020000e-09
9.301000000000000e+02	-1.020100e-09
9.302000000000000e+02	-1.020200e-09
9.303000000000001e+02	-1.020300e-09
9.304000000000001e+02	-1.020400e-09
9.305000000000000e+02	-1.020500e-09
9.306000000000000e+02	-1.020600e-09
9.307000000000000e+02	-1.020700e-09
9.308000000000001e+02	-1.020800e-09
9.309000000000001e+02	-1.020900e-09
9.310000000000000e+02	-1.021000e-09
9.311000000000000e+02	-1.021100e-09
9.312000000000000e+02	-1.021200e-09
9.313000000000001e+02	-1.021300e-09
9.314000000000001e+02	-1.021400e-09
9.315000000000000e+02	-1.021500e-09
9.316000000000000e+02	-1.021600e-09
9.317000000000000e+02	-1.021700e-09
9.318000000000001e+02	-1.021800e-09
9.319000000000001e+02	-1.021900e-09
9.320000000000000e+02	-1.022000e-09
9.321000000000000e+02	-1.022100e-09
9.322000000000000e+02	-1.022200e-09
9.323000000000001e+02	-1.022300e-09
9.324000000000001e+02	-1.022400e-09
9.325000000000000e+02	-1.022500e-09
9.326000000000000e+02	-1.022600e-09
9.327000000000000e+02	-1.022700e-09
9.328000000000001e+02	-1.022800e-09
9.329000000000001e+02	-1.022900e-09
9.330000000000000e+02	-1.023000e-09
9.331000000000000e+02	-1.023100e-09
9.332000000000000e+02	-1.023200e-09
9.333000000000001e+02	-1.023300e-09
9.334000000000001e+02	-1.023400e-09
9.335000000000000e+02	-1.023500e-09
9.336000000000000e+02	-1.023600e-09
9.337000000000000e+02	-1.023700e-09
9.338000000000001e+02	-1.023800e-09
9.339000000000001e+02	-1.023900e-09
9.340000000000000e+02	-1.024000e-09
9.341000000000000e+02	-1.024100e-09
9.342000000000000e+02	-1.024200e-09
9.343000000000001e+02	-1.024300e-09
9.344000000000001e+02	-1.024400e-09
9.345000000000000e+02	-1.024500e-09
9.346000000000000e+02	-1.024600e-09
9.347000000000000e+02	-1.024700e-09
9.348000000000001e+02	-1.024800e-09
9.349000000000001e+02	-1.024900e-09
9.350000000000000e+02	-1.025000e-09
9.351000000000000e+02	-1.025100e-09
9.352000000000000e+02	-1.025200e-09
9.353000000000001e+02	-1.025300e-09
9.354000000000001e+02	-1.025400e-09
9.355000000000000e+02	-1.025500e-09
9.356000000000000e+02	-1.025600e-09
9.357000000000000e+02	-1.025700e-09
9.358000000000001e+02	-1.025800e-09
9.359000000000001e+02	-1.025900e-09
9.360000000000000e+02	-1.026000e-09
9.361000000000000e+02	-1.026100e-09
9.362000000000000e+02	-1.026200e-09
9.363000000000001e+02	-1.026300e-09
9.364000000000001e+02	-1.026400e-09
9.365000000000000e+02	-1.026500e-09
9.366000000000000e+02	-1.026600e-09
9.367000000000000e+02	-1.026700e-09
9.368000000000001e+02	-1.026800e-09
9.369000000000001e+02	-1.026900e-09
9.370000000000000e+02	-1.027000e-09
9.371000000000000e+02	-1.027100e-09
9.372000000000000e+02	-1.027200e-09
9.373000000000001e+02	-1.027300e-09
9.374000000000001e+02	-1.027400e-09
9.375000000000000e+02	-1.027500e-09
9.376000000000000e+02	-1.027600e-09
9.377000000000000e+02	-1.027700e-09
9.378000000000001e+02	-1.027800e-09
9.379000000000001e+02	-1.027900e-09
9.380000000000000e+02	-1.028000e-09
9.381000000000000e+02	-1.028100e-09
9.382000000000000e+02	-1.028200e-09
9.383000000000001e+02	-1.028300e-09
9.384000000000001e+02	-1.028400e-09
9.385000000000000e+02	-1.028500e-09
9.386000000000000e+02	-1.028600e-09
9.387000000000000e+02	-1.028700e-09
9.388000000000001e+02	-1.028800e-09
9.389000000000001e+02	-1.028900e-09
9.390000000000000e+02	-1.029000e-09
9.391000000000000e+02	-1.029100e-09
9.392000000000000e+02	-1.029200e-09
9.393000000000001e+02	-1.029300e-09
9.394000000000001e+02	-1.029400e-09
9.395000000000000e+02	-1.029500e-09
9.396000000000000e+02	-1.029600e-09
9.397000000000000e+02	-1.029700e-09
9.398000000000001e+02	-1.029800e-09
9.399000000000001e+02	-1.029900e-09
9.400000000000000e+02	-1.030000e-09
9.401000000000000e+02	-1.030100e-09
9.402000000000000e+02	-1.030200e-09
9.403000000000001e+02	-1.030300e-09
9.404000000000001e+02	-1.030400e-09
9.405000000000000e+02	-1.030500e-09
9.406000000000000e+02	-1.030600e-09
9.407000000000000e+02	-1.030700e-09
9.408000000000001e+02	-1.030800e-09
9.409000000000001e+02	-1.030900e-09
9.410000000000000e+02	-1.031000e-09
9.411000000000000e+02	-1.031100e-09
9.412000000000000e+02	-1.031200e-09
9.413000000000001e+02	-1.031300e-09
9.414000000000001e+02	-1.031400e-09
9.415000000000000e+02	-1.031500e-09
9.416000000000000e+02	-1.031600e-09
9.417000000000000e+02	-1.031700e-09
9.418000000000001e+02	-1.031800e-09
9.419000000000001e+02	-1.031900e-09
9.420000000000000e+02	-1.032000e-09
9.421000000000000e+02	-1.032100e-09
9.422000000000000e+02	-1.032200e-09
9.423000000000001e+02	-1.032300e-09
9.424000000000001e+02	-1.032400e-09
9.425000000000000e+02	-1.032500e-09
9.426000000000000e+02	-1.032600e-09
9.427000000000000e+02	-1.032700e-09
9.428000000000001e+02	-1.032800e-09
9.429000000000001e+02	-1.032900e-09
9.430000000000000e+02	-1.033000e-09
9.431000000000000e+02	-1.033100e-09
9.432000000000000e+02	-1.033200e-09
9.433000000000001e+02	-1.033300e-09
9.434000000000001e+02	-1.033400e-09
9.435000000000000e+02	-1.033500e-09
9.436000000000000e+02	-1.033600e-09
9.437000000000000e+02	-1.033700e-09
9.438000000000001e+02	-1.033800e-09
9.439000000000001e+02	-1.033900e-09
9.440000000000000e+02	-1.034000e-09
9.441000000000000e+02	-1.034100e-09
9.442000000000000e+02	-1.034200e-09
9.443000000000001e+02	-1.034300e-09
9.444000000000001e+02	-1.034400e-09
9.445000000000000e+02	-1.034500e-09
9.446000000000000e+02	-1.034600e-09
9.447000000000000e+02	-1.034700e-09
9.448000000000001e+02	-1.034800e-09
9.449000000000001e+02	-1.034900e-09
9.450000000000000e+02	-1.035000e-09
9.451000000000000e+02	-1.035100e-09
9.452000000000000e+02	-1.035200e-09
9.453000000000001e+02	-1.035300e-09
9.454000000000001e+02	-1.035400e-09
9.455000000000000e+02	-1.035500e-09
9.456000000000000e+02	-1.035600e-09
9.457000000000000e+02	-1.035700e-09
9.458000000000001e+02	-1.035800e-09
9.459000000000001e+02	-1.035900e-09
9.460000000000000e+02	-1.036000e-09
9.461000000000000e+02	-1.036100e-09
9.462000000000000e+02	-1.036200e-09
9.463000000000001e+02	-1.036300e-09
9.464000000000001e+02	-1.036400e-09
9.465000000000000e+02	-1.036500e-09
9.466000000000000e+02	-1.036600e-09
9.467000000000000e+02	-1.036700e-09
9.468000000000001e+02	-1.036800e-09
9.469000000000001e+02	-1.036900e-09
9.470000000000000e+02	-1.037000e-09
9.471000000000000e+02	-1.037100e-09
9.472000000000000e+02	-1.037200e-09
9.473000000000001e+02	-1.037300e-09
9.474000000000001e+02	-1.037400e-09
9.475000000000000e+02	-1.037500e-09
9.476000000000000e+02	-1.037600e-09
9.477000000000000e+02	-1.037700e-09
9.478000000000001e+02	-1.037800e-09
9.479000000000001e+02	-1.037900e-09
9.480000000000000e+02	-1.038000e-09
9.481000000000000e+02	-1.038100e-09
9.482000000000000e+02	-1.038200e-09
9.483000000000001e+02	-1.038300e-09
9.484000000000001e+02	-1.038400e-09
9.485000000000000e+02	-1.038500e-09
9.486000000000000e+02	-1.038600e-09
9.487000000000000e+02	-1.038700e-09
9.488000000000001e+02	-1.038800e-09
9.489000000000001e+02	-1.038900e-09
9.490000000000000e+02	-1.039000e-09
9.491000000000000e+02	-1.039100e-09
9.492000000000000e+02	-1.039200e-09
9.493000000000001e+02	-1.039300e-09
9.494000000000001e+02	-1.039400e-09
9.495000000000000e+02	-1.039500e-09
9.496000000000000e+02	-1.039600e-09
9.497000000000000e+02	-1.039700e-09
9.498000000000001e+02	-1.039800e-09
9.499000000000001e+02	-1.039900e-09
9.500000000000000e+02	-1.040000e-09
9.501000000000000e+02	-1.040100e-09
9.502000000000000e+02	-1.040200e-09
9.503000000000001e+02	-1.040300e-09
9.504000000000001e+02	-1.040400e-09
9.505000000000000e+02	-1.040500e-09
9.506000000000000e+02	-1.040600e-09
9.507000000000000e+02	-1.040700e-09
9.508000000000001e+02	-1.040800e-09
9.509000000000001e+02	-1.040900e-09
9.510000000000000e+02	-1.041000e-09
9.511000000000000e+02	-1.041100e-09
9.512000000000000e+02	-1.041200e-09
9.513000000000001e+02	-1.041300e-09
9.514000000000001e+02	-1.041400e-09
9.515000000000000e+02	-1.041500e-09
9.516000000000000e+02	-1.041600e-09
9.517000000000000e+02	-1.041700e-09
9.518000000000001e+02	-1.041800e-09
9.519000000000001e+02	-1.041900e-09
9.520000000000000e+02	-1.042000e-09
9.521000000000000e+02	-1.042100e-09
9.522000000000000e+02	-1.042200e-09
9.523000000000001e+02	-1.042300e-09
9.524000000000001e+02	-1.042400e-09
9.525000000000000e+02	-1.042500e-09
9.526000000000000e+02	-1.042600e-09
9.527000000000000e+02	-1.042700e-09
9.528000000000001e+02	-1.042800e-09
9.529000000000001e+02	-1.042900e-09
9.530000000000000e+02	-1.043000e-09
9.531000000000000e+02	-1.043100e-09
9.532000000000000e+02	-1.043200e-09
9.533000000000001e+02	-1.043300e-09
9.534000000000001e+02	-1.043400e-09
9.535000000000000e+02	-1.043500e-09
9.536000000000000e+02	-1.043600e-09
9.537000000000000e+02	-1.043700e-09
9.538000000000001e+02	-1.043800e-09
9.539000000000001e+02	-1.043900e-09
9.540000000000000e+02	-1.044000e-09
9.541000000000000e+02	-1.044100e-09
9.542000000000000e+02	-1.044200e-09
9.543000000000001e+02	-1.044300e-09
9.544000000000001e+02	-1.044400e-09
9.545000000000000e+02	-1.044500e-09
9.546000000000000e+02	-1.044600e-09
9.547000000000000e+02	-1.044700e-09
9.548000000000001e+02	-1.044800e-09
9.549000000000001e+02	-1.044900e-09
9.550000000000000e+02	-1.045000e-09
9.551000000000000e+02	-1.045100e-09
9.552000000000000e+02	-1.045200e-09
9.553000000000001e+02	-1.045300e-09
9.554000000000001e+02	-1.045400e-09
9.555000000000000e+02	-1.045500e-09
9.556000000000000e+02	-1.045600e-09
9.557000000000000e+02	-1.045700e-09
9.558000000000001e+02	-1.045800e-09
9.559000000000001e+02	-1.045900e-09
9.560000000000000e+02	-1.046000e-09
9.561000000000000e+02	-1.046100e-09
9.562000000000000e+02	-1.046200e-09
9.563000000000001e+02	-1.046300e-09
9.564000000000001e+02	-1.046400e-09
9.565000000000000e+02	-1.046500e-09
9.566000000000000e+02	-1.046600e-09
9.567000000000000e+02	-1.046700e-09
9.568000000000001e+02	-1.046800e-09
9.569000000000001e+02	-1.046900e-09
9.570000000000000e+02	-1.047000e-09
9.571000000000000e+02	-1.047100e-09
9.572000000000000e+02	-1.047200e-09
9.573000000000001e+02	-1.047300e-09
9.574000000000001e+02	-1.047400e-09
9.575000000000000e+02	-1.047500e-09
9.576000000000000e+02	-1.047600e-09
9.577000000000000e+02	-1.047700e-09
9.578000000000001e+02	-1.047800e-09
9.579000000000001e+02	-1.047900e-09
9.580000000000000e+02	-1.048000e-09
9.581000000000000e+02	-1.048100e-09
9.582000000000000e+02	-1.048200e-09
9.583000000000001e+02	-1.048300e-09
9.584000000000001e+02	-1.048400e-09
9.585000000000000e+02	-1.048500e-09
9.586000000000000e+02	-1.048600e-09
9.587000000000000e+02	-1.048700e-09
9.588000000000001e+02	-1.048800e-09
9.589000000000001e+02	-1.048900e-09
9.590000000000000e+02	-1.049000e-09
9.591000000000000e+02	-1.049100e-09
9.592000000000000e+02	-1.049200e-09
9.593000000000001e+02	-1.049300e-09
9.594000000000001e+02	-1.049400e-09
9.595000000000000e+02	-1.049500e-09
9.596000000000000e+02	-1.049600e-09
9.597000000000000e+02	-1.049700e-09
9.598000000000001e+02	-1.049800e-09
9.599000000000001e+02	-1.049900e-09
9.600000000000000e+02	-1.050000e-09
9.601000000000000e+02	-1.050100e-09
9.602000000000000e+02	-1.050200e-09
9.603000000000001e+02	-1.050300e-09
9.604000000000001e+02	-1.050400e-09
9.605000000000000e+02	-1.050500e-09
9.606000000000000e+02	-1.050600e-09
9.607000000000000e+02	-1.050700e-09
9.608000000000001e+02	-1.050800e-09
9.609000000000001e+02	-1.050900e-09
9.610000000000000e+02	-1.051000e-09
9.611000000000000e+02	-1.051100e-09
9.612000000000000e+02	-1.051200e-09
9.613000000000001e+02	-1.051300e-09
9.614000000000001e+02	-1.051400e-09
9.615000000000000e+02	-1.051500e-09
9.616000000000000e+02	-1.051600e-09
9.617000000000000e+02	-1.051700e-09
9.618000000000001e+02	-1.051800e-09
9.619000000000001e+02	-1.051900e-09
9.620000000000000e+02	-1.052000e-09
9.621000000000000e+02	-1.052100e-09
9.622000000000000e+02	-1.052200e-09
9.623000000000001e+02	-1.052300e-09
9.624000000000001e+02	-1.052400e-09
9.625000000000000e+02	-1.052500e-09
9.626000000000000e+02	-1.052600e-09
9.627000000000000e+02	-1.052700e-09
9.628000000000001e+02	-1.052800e-09
9.629000000000001e+02	-1.052900e-09
9.630000000000000e+02	-1.053000e-09
9.631000000000000e+02	-1.053100e-09
9.632000000000000e+02	-1.053200e-09
9.633000000000001e+02	-1.053300e-09
9.634000000000001e+02	-1.053400e-09
9.635000000000000e+02	-1.053500e-09
9.636000000000000e+02	-1.053600e-09
9.637000000000000e+02	-1.053700e-09
9.638000000000001e+02	-1.053800e-09
9.639000000000001e+02	-1.053900e-09
9.640000000000000e+02	-1.054000e-09
9.641000000000000e+02	-1.054100e-09
9.642000000000000e+02	-1.054200e-09
9.643000000000001e+02	-1.054300e-09
9.644000000000001e+02	-1.054400e-09
9.645000000000000e+02	-1.054500e-09
9.646000000000000e+02	-1.054600e-09
9.647000000000000e+02	-1.054700e-09
9.648000000000001e+02	-1.054800e-09
9.649000000000001e+02	-1.054900e-09
9.650000000000000e+02	-1.055000e-09
9.651000000000000e+02	-1.055100e-09
9.652000000000000e+02	-1.055200e-09
9.653000000000001e+02	-1.055300e-09
9.654000000000001e+02	-1.055400e-09
9.655000000000000e+02	-1.055500e-09
9.656000000000000e+02	-1.055600e-09
9.657000000000000e+02	-1.055700e-09
9.658000000000001e+02	-1.055800e-09
9.659000000000001e+02	-1.055900e-09
9.660000000000000e+02	-1.056000e-09
9.661000000000000e+02	-1.056100e-09
9.662000000000000e+02	-1.056200e-09
9.663000000000001e+02	-1.056300e-09
9.664000000000001e+02	-1.056400e-09
9.665000000000000e+02	-1.056500e-09
9.666000000000000e+02	-1.056600e-09
9.667000000000000e+02	-1.056700e-09
9.668000000000001e+02	-1.056800e-09
9.669000000000001e+02	-1.056900e-09
9.670000000000000e+02	-1.057000e-09
9.671000000000000e+02	-1.057100e-09
9.672000000000000e+02	-1.057200e-09
9.673000000000001e+02	-1.057300e-09
9.674000000000001e+02	-1.057400e-09
9.675000000000000e+02	-1.057500e-09
9.676000000000000e+02	-1.057600e-09
9.677000000000000e+02	-1.057700e-09
9.678000000000001e+02	-1.057800e-09
9.679000000000001e+02	-1.057900e-09
9.680000000000000e+02	-1.058000e-09
9.681000000000000e+02	-1.058100e-09
9.682000000000000e+02	-1.058200e-09
9.683000000000001e+02	-1.058300e-09
9.684000000000001e+02	-1.058400e-09
9.685000000000000e+02	-1.058500e-09
9.686000000000000e+02	-1.058600e-09
9.687000000000000e+02	-1.058700e-09
9.688000000000001e+02	-1.058800e-09
9.689000000000001e+02	-1.058900e-09
9.690000000000000e+02	-1.059000e-09
9.691000000000000e+02	-1.059100e-09
9.692000000000000e+02	-1.059200e-09
9.693000000000001e+02	-1.059300e-09
9.694000000000001e+02	-1.059400e-09
9.695000000000000e+02	-1.059500e-09
9.696000000000000e+02	-1.059600e-09
9.697000000000000e+02	-1.059700e-09
9.698000000000001e+02	-1.059800e-09
9.699000000000001e+02	-1.059900e-09
9.700000000000000e+02	-1.060000e-09
9.701000000000000e+02	-1.060100e-09
9.702000000000000e+02	-1.060200e-09
9.703000000000001e+02	-1.060300e-09
9.704000000000001e+02	-1.060400e-09
9.705000000000000e+02	-1.060500e-09
9.706000000000000e+02	-1.060600e-09
9.707000000000000e+02	-1.060700e-09
9.708000000000001e+02	-1.060800e-09
9.709000000000001e+02	-1.060900e-09
9.710000000000000e+02	-1.061000e-09
9.711000000000000e+02	-1.061100e-09
9.712000000000000e+02	-1.061200e-09
9.713000000000001e+02	-1.061300e-09
9.714000000000001e+02	-1.061400e-09
9.715000000000000e+02	-1.061500e-09
9.716000000000000e+02	-1.061600e-09
9.717000000000000e+02	-1.061700e-09
9.718000000000001e+02	-1.061800e-09
9.719000000000001e+02	-1.061900e-09
9.720000000000000e+02	-1.062000e-09
9.721000000000000e+02	-1.062100e-09
9.722000000000000e+02	-1.062200e-09
9.723000000000001e+02	-1.062300e-09
9.724000000000001e+02	-1.062400e-09
9.725000000000000e+02	-1.062500e-09
9.726000000000000e+02	-1.062600e-09
9.727000000000000e+02	-1.062700e-09
9.728000000000001e+02	-1.062800e-09
9.729000000000001e+02	-1.062900e-09
9.730000000000000e+02	-1.063000e-09
9.731000000000000e+02	-1.063100e-09
9.732000000000000e+02	-1.063200e-09
9.733000000000001e+02	-1.063300e-09
9.734000000000001e+02	-1.063400e-09
9.735000000000000e+02	-1.063500e-09
9.736000000000000e+02	-1.063600e-09
9.737000000000000e+02	-1.063700e-09
9.738000000000001e+02	-1.063800e-09
9.739000000000001e+02	-1.063900e-09
9.740000000000000e+02	-1.064000e-09
9.741000000000000e+02	-1.064100e-09
9.742000000000000e+02	-1.064200e-09
9.743000000000001e+02	-1.064300e-09
9.744000000000001e+02	-1.064400e-09
9.745000000000000e+02	-1.064500e-09
9.746000000000000e+02	-1.064600e-09
9.747000000000000e+02	-1.064700e-09
9.748000000000001e+02	-1.064800e-09
9.749000000000001e+02	-1.064900e-09
9.750000000000000e+02	-1.065000e-09
9.751000000000000e+02	-1.065100e-09
9.752000000000000e+02	-1.065200e-09
9.753000000000001e+02	-1.065300e-09
9.754000000000001e+02	-1.065400e-09
9.755000000000000e+02	-1.065500e-09
9.756000000000000e+02	-1.065600e-09
9.757000000000000e+02	-1.065700e-09
9.758000000000001e+02	-1.065800e-09
9.759000000000001e+02	-1.065900e-09
9.760000000000000e+02	-1.066000e-09
9.761000000000000e+02	-1.066100e-09
9.762000000000000e+02	-1.066200e-09
9.763000000000001e+02	-1.066300e-09
9.764000000000001e+02	-1.066400e-09
9.765000000000000e+02	-1.066500e-09
9.766000000000000e+02	-1.066600e-09
9.767000000000000e+02	-1.066700e-09
9.768000000000001e+02	-1.066800e-09
9.769000000000001e+02	-1.066900e-09
9.770000000000000e+02	-1.067000e-09
9.771000000000000e+02	-1.067100e-09
9.772000000000000e+02	-1.067200e-09
9.773000000000001e+02	-1.067300e-09
9.774000000000001e+02	-1.067400e-09
9.775000000000000e+02	-1.067500e-09
9.776000000000000e+02	-1.067600e-09
9.777000000000000e+02	-1.067700e-09
9.778000000000001e+02	-1.067800e-09
9.779000000000001e+02	-1.067900e-09
9.780000000000000e+02	-1.068000e-09
9.781000000000000e+02	-1.068100e-09
9.782000000000000e+02	-1.068200e-09
9.783000000000001e+02	-1.068300e-09
9.784000000000001e+02	-1.068400e-09
9.785000000000000e+02	-1.068500e-09
9.786000000000000e+02	-1.068600e-09
9.787000000000000e+02	-1.068700e-09
9.788000000000001e+02	-1.068800e-09
9.789000000000001e+02	-1.068900e-09
9.790000000000000e+02	-1.069000e-09
9.791000000000000e+02	-1.069100e-09
9.792000000000000e+02	-1.069200e-09
9.793000000000001e+02	-1.069300e-09
9.794000000000001e+02	-1.069400e-09
9.795000000000000e+02	-1.069500e-09
9.796000000000000e+02	-1.069600e-09
9.797000000000000e+02	-1.069700e-09
9.798000000000001e+02	-1.069800e-09
9.799000000000001e+02	-1.069900e-09
9.800000000000000e+02	-1.070000e-09
9.801000000000000e+02	-1.070100e-09
9.802000000000000e+02	-1.070200e-09
9.803000000000001e+02	-1.070300e-09
9.804000000000001e+02	-1.070400e-09
9.805000000000000e+02	-1.070500e-09
9.806000000000000e+02	-1.070600e-09
9.807000000000000e+02	-1.070700e-09
9.808000000000001e+02	-1.070800e-09
9.809000000000001e+02	-1.070900e-09
9.810000000000000e+02	-1.071000e-09
9.811000000000000e+02	-1.071100e-09
9.812000000000000e+02	-1.071200e-09
9.813000000000001e+02	-1.071300e-09
9.814000000000001e+02	-1.071400e-09
9.815000000000000e+02	-1.071500e-09
9.816000000000000e+02	-1.071600e-09
9.817000000000000e+02	-1.071700e-09
9.818000000000001e+02	-1.071800e-09
9.819000000000001e+02	-1.071900e-09
9.820000000000000e+02	-1.072000e-09
9.821000000000000e+02	-1.072100e-09
9.822000000000000e+02	-1.072200e-09
9.823000000000001e+02	-1.072300e-09
9.824000000000001e+02	-1.072400e-09
9.825000000000000e+02	-1.072500e-09
9.826000000000000e+02	-1.072600e-09
9.827000000000000e+02	-1.072700e-09
9.828000000000001e+02	-1.072800e-09
9.829000000000001e+02	-1.072900e-09
9.830000000000000e+02	-1.073000e-09
9.831000000000000e+02	-1.073100e-09
9.832000000000000e+02	-1.073200e-09
9.833000000000001e+02	-1.073300e-09
9.834000000000001e+02	-1.073400e-09
9.835000000000000e+02	-1.073500e-09
9.836000000000000e+02	-1.073600e-09
9.837000000000000e+02	-1.073700e-09
9.838000000000001e+02	-1.073800e-09
9.839000000000001e+02	-1.073900e-09
9.840000000000000e+02	-1.074000e-09
9.841000000000000e+02	-1.074100e-09
9.842000000000000e+02	-1.074200e-09
9.843000000000001e+02	-1.074300e-09
9.844000000000001e+02	-1.074400e-09
9.845000000000000e+02	-1.074500e-09
9.846000000000000e+02	-1.074600e-09
9.847000000000000e+02	-1.074700e-09
9.848000000000001e+02	-1.074800e-09
9.849000000000001e+02	-1.074900e-09
9.850000000000000e+02	-1.075000e-09
9.851000000000000e+02	-1.075100e-09
9.852000000000000e+02	-1.075200e-09
9.853000000000001e+02	-1.075300e-09
9.854000000000001e+02	-1.075400e-09
9.855000000000000e+02	-1.075500e-09
9.856000000000000e+02	-1.075600e-09
9.857000000000000e+02	-1.075700e-09
9.858000000000001e+02	-1.075800e-09
9.859000000000001e+02	-1.075900e-09
9.860000000000000e+02	-1.076000e-09
9.861000000000000e+02	-1.076100e-09
9.862000000000000e+02	-1.076200e-09
9.863000000000001e+02	-1.076300e-09
9.864000000000001e+02	-1.076400e-09
9.865000000000000e+02	-1.076500e-09
9.866000000000000e+02	-1.076600e-09
9.867000000000000e+02	-1.076700e-09
9.868000000000001e+02	-1.076800e-09
9.869000000000001e+02	-1.076900e-09
9.870000000000000e+02	-1.077000e-09
9.871000000000000e+02	-1.077100e-09
9.872000000000000e+02	-1.077200e-09
9.873000000000001e+02	-1.077300e-09
9.874000000000001e+02	-1.077400e-09
9.875000000000000e+02	-1.077500e-09
9.876000000000000e+02	-1.077600e-09
9.877000000000000e+02	-1.077700e-09
9.878000000000001e+02	-1.077800e-09
9.879000000000001e+02	-1.077900e-09
9.880000000000000e+02	-1.078000e-09
9.881000000000000e+02	-1.078100e-09
9.882000000000000e+02	-1.078200e-09
9.883000000000001e+02	-1.078300e-09
9.884000000000001e+02	-1.078400e-09
9.885000000000000e+02	-1.078500e-09
9.886000000000000e+02	-1.078600e-09
9.887000000000000e+02	-1.078700e-09
9.888000000000001e+02	-1.078800e-09
9.889000000000001e+02	-1.078900e-09
9.890000000000000e+02	-1.079000e-09
9.891000000000000e+02	-1.079100e-09
9.892000000000000e+02	-1.079200e-09
9.893000000000001e+02	-1.079300e-09
9.894000000000001e+02	-1.079400e-09
9.895000000000000e+02	-1.079500e-09
9.896000000000000e+02	-1.079600e-09
9.897000000000000e+02	-1.079700e-09
9.898000000000001e+02	-1.079800e-09
9.899000000000001e+02	-1.079900e-09
9.900000000000000e+02	-1.080000e-09
9.901000000000000e+02	-1.080100e-09
9.902000000000000e+02	-1.080200e-09
9.903000000000001e+02	-1.080300e-09
9.904000000000001e+02	-1.080400e-09
9.905000000000000e+02	-1.080500e-09
9.906000000000000e+02	-1.080600e-09
9.907000000000000e+02	-1.080700e-09
9.908000000000001e+02	-1.080800e-09
9.909000000000001e+02	-1.080900e-09
9.910000000000000e+02	-1.081000e-09
9.911000000000000e+02	-1.081100e-09
9.912000000000000e+02	-1.081200e-09
9.913000000000001e+02	-1.081300e-09
9.914000000000001e+02	-1.081400e-09
9.915000000000000e+02	-1.081500e-09
9.916000000000000e+02	-1.081600e-09
9.917000000000000e+02	-1.081700e-09
9.918000000000001e+02	-1.081800e-09
9.919000000000001e+02	-1.081900e-09
9.920000000000000e+02	-1.082000e-09
9.921000000000000e+02	-1.082100e-09
9.922000000000000e+02	-1.082200e-09
9.923000000000001e+02	-1.082300e-09
9.924000000000001e+02	-1.082400e-09
9.925000000000000e+02	-1.082500e-09
9.926000000000000e+02	-1.082600e-09
9.927000000000000e+02	-1.082700e-09
9.928000000000001e+02	-1.082800e-09
9.929000000000001e+02	-1.082900e-09
9.930000000000000e+02	-1.083000e-09
9.931000000000000e+02	-1.083100e-09
9.932000000000000e+02	-1.083200e-09
9.933000000000001e+02	-1.083300e-09
9.934000000000001e+02	-1.083400e-09
9.935000000000000e+02	-1.083500e-09
9.936000000000000e+02	-1.083600e-09
9.937000000000000e+02	-1.083700e-09
9.938000000000001e+02	-1.083800e-09
9.939000000000001e+02	-1.083900e-09
9.940000000000000e+02	-1.084000e-09
9.941000000000000e+02	-1.084100e-09
9.942000000000000e+02	-1.084200e-09
9.943000000000001e+02	-1.084300e-09
9.944000000000001e+02	-1.084400e-09
9.945000000000000e+02	-1.084500e-09
9.946000000000000e+02	-1.084600e-09
9.947000000000000e+02	-1.084700e-09
9.948000000000001e+02	-1.084800e-09
9.949000000000001e+02	-1.084900e-09
9.950000000000000e+02	-1.085000e-09
9.951000000000000e+02	-1.085100e-09
9.952000000000000e+02	-1.085200e-09
9.953000000000001e+02	-1.085300e-09
9.954000000000001e+02	-1.085400e-09
9.955000000000000e+02	-1.085500e-09
9.956000000000000e+02	-1.085600e-09
9.957000000000000e+02	-1.085700e-09
9.958000000000001e+02	-1.085800e-09
9.959000000000001e+02	-1.085900e-09
9.960000000000000e+02	-1.086000e-09
9.961000000000000e+02	-1.086100e-09
9.962000000000000e+02	-1.086200e-09
9.963000000000001e+02	-1.086300e-09
9.964000000000001e+02	-1.086400e-09
9.965000000000000e+02	-1.086500e-09
9.966000000000000e+02	-1.086600e-09
9.967000000000000e+02	-1.086700e-09
9.968000000000001e+02	-1.086800e-09
9.969000000000001e+02	-1.086900e-09
9.970000000000000e+02	-1.087000e-09
9.971000000000000e+02	-1.087100e-09
9.972000000000000e+02	-1.087200e-09
9.973000000000001e+02	-1.087300e-09
9.974000000000001e+02	-1.087400e-09
9.975000000000000e+02	-1.087500e-09
9.976000000000000e+02	-1.087600e-09
9.977000000000000e+02	-1.087700e-09
9.978000000000001e+02	-1.087800e-09
9.979000000000001e+02	-1.087900e-09
9.980000000000000e+02	-1.088000e-09
9.981000000000000e+02	-1.088100e-09
9.982000000000000e+02	-1.088200e-09
9.983000000000001e+02	-1.088300e-09
9.984000000000001e+02	-1.088400e-09
9.985000000000000e+02	-1.088500e-09
9.986000000000000e+02	-1.088600e-09
9.987000000000000e+02	-1.088700e-09
9.988000000000001e+02	-1.088800e-09
9.989000000000001e+02	-1.088900e-09
9.990000000000000e+02	-1.089000e-09
9.991000000000000e+02	-1.089100e-09
9.992000000000000e+02	-1.089200e-09
9.993000000000001e+02	-1.089300e-09
9.994000000000001e+02	-1.089400e-09
9.995000000000000e+02	-1.089500e-09
9.996000000000000e+02	-1.089600e-09
9.997000000000000e+02	-1.089701e-09
9.998000000000001e+02	-1.089844e-09
9.999000000000001e+02	-1.091994e-09
1.000000000000000e+03	-1.189995e-09
1.000100000000000e+03	-5.865242e-09
1.000200000000000e+03	-2.272102e-07
1.000300000000000e+03	-7.998076e-06
1.000400000000000e+03	-5.713653e-05
1.000500000000000e+03	-1.348655e-04
1.000600000000000e+03	-2.219893e-04
1.000700000000000e+03	-3.131254e-04
1.000800000000000e+03	-4.063007e-04
1.000900000000000e+03	-5.009245e-04
1.001000000000000e+03	-5.964336e-04
1.001100000000000e+03	-6.925721e-04
1.001200000000000e+03	-7.891935e-04
1.001300000000000e+03	-8.861930e-04
1.001400000000000e+03	-9.834956e-04
1.001500000000000e+03	-1.081046e-03
1.001600000000000e+03	-1.178804e-03
1.001700000000000e+03	-1.276736e-03
1.001800000000000e+03	-1.374817e-03
1.001900000000000e+03	-1.473029e-03
1.002000000000000e+03	-1.571354e-03
1.002100000000000e+03	-1.669778e-03
1.002200000000000e+03	-1.768292e-03
1.002300000000000e+03	-1.866885e-03
1.002400000000000e+03	-1.965549e-03
1.002500000000000e+03	-2.064277e-03
1.002600000000000e+03	-2.163064e-03
1.002700000000000e+03	-2.261905e-03
1.002800000000000e+03	-2.360794e-03
1.002900000000000e+03	-2.459728e-03
1.003000000000000e+03	-2.558704e-03
1.003100000000000e+03	-2.657718e-03
1.003200000000000e+03	-2.756767e-03
1.003300000000000e+03	-2.855850e-03
1.003400000000000e+03	-2.954964e-03
1.003500000000000e+03	-3.054106e-03
1.003600000000000e+03	-3.153276e-03
1.003700000000000e+03	-3.252471e-03
1.003800000000000e+03	-3.351689e-03
1.003900000000000e+03	-3.450931e-03
1.004000000000000e+03	-3.550193e-03
1.004100000000000e+03	-3.649476e-03
1.004200000000000e+03	-3.748778e-03
1.004300000000000e+03	-3.848097e-03
1.004400000000000e+03	-3.947434e-03
1.004500000000000e+03	-4.046787e-03
1.004600000000000e+03	-4.146156e-03
1.004700000000000e+03	-4.245539e-03
1.004800000000000e+03	-4.344936e-03
1.004900000000000e+03	-4.444347e-03
1.005000000000000e+03	-4.543771e-03
1.005100000000000e+03	-4.643207e-03
1.005200000000000e+03	-4.742655e-03
1.005300000000000e+03	-4.842115e-03
1.005400000000000e+03	-4.941585e-03
1.005500000000000e+03	-5.041065e-03
1.005600000000000e+03	-5.140556e-03
1.005700000000000e+03	-5.240056e-03
1.005800000000000e+03	-5.339565e-03
1.005900000000000e+03	-5.439084e-03
1.006000000000000e+03	-5.538610e-03
1.006100000000000e+03	-5.638146e-03
1.006200000000000e+03	-5.737689e-03
1.006300000000000e+03	-5.837240e-03
1.006400000000000e+03	-5.936799e-03
1.006500000000000e+03	-6.036364e-03
1.006600000000000e+03	-6.135938e-03
1.006700000000000e+03	-6.235517e-03
1.006800000000000e+03	-6.335103e-03
1.006900000000000e+03	-6.434696e-03
1.007000000000000e+03	-6.534295e-03
1.007100000000000e+03	-6.633899e-03
1.007200000000000e+03	-6.733510e-03
1.007300000000000e+03	-6.833126e-03
1.007400000000000e+03	-6.932748e-03
1.007500000000000e+03	-7.032375e-03
1.007600000000000e+03	-7.132007e-03
1.007700000000000e+03	-7.231644e-03
1.007800000000000e+03	-7.331286e-03
1.007900000000000e+03	-7.430933e-03
1.008000000000000e+03	-7.530584e-03
1.008100000000000e+03	-7.630240e-03
1.008200000000000e+03	-7.729901e-03
1.008300000000000e+03	-7.829566e-03
1.008400000000000e+03	-7.929234e-03
1.008500000000000e+03	-8.028907e-03
1.008600000000000e+03	-8.128584e-03
1.008700000000000e+03	-8.228265e-03
1.008800000000000e+03	-8.327949e-03
1.008900000000000e+03	-8.427638e-03
1.009000000000000e+03	-8.527329e-03
1.009100000000000e+03	-8.627024e-03
1.009200000000000e+03	-8.726723e-03
1.009300000000000e+03	-8.826425e-03
1.009400000000000e+03	-8.926131e-03
1.009500000000000e+03	-9.025840e-03
1.009600000000000e+03	-9.125552e-03
1.009700000000000e+03	-9.225267e-03
1.009800000000000e+03	-9.324985e-03
1.009900000000000e+03	-9.424705e-03
1.010000000000000e+03	-9.524429e-03
1.010100000000000e+03	-9.624156e-03
1.010200000000000e+03	-9.723885e-03
1.010300000000000e+03	-9.823618e-03
1.010400000000000e+03	-9.923352e-03
1.010500000000000e+03	-1.002309e-02
1.010600000000000e+03	-1.012283e-02
1.010700000000000e+03	-1.022257e-02
1.010800000000000e+03	-1.032232e-02
1.010900000000000e+03	-1.042206e-02
1.011000000000000e+03	-1.052181e-02
1.011100000000000e+03	-1.062157e-02
1.011200000000000e+03	-1.072132e-02
1.011300000000000e+03	-1.082108e-02
1.011400000000000e+03	-1.092083e-02
1.011500000000000e+03	-1.102060e-02
1.011600000000000e+03	-1.112036e-02
1.011700000000000e+03	-1.122012e-02
1.011800000000000e+03	-1.131989e-02
1.011900000000000e+03	-1.141966e-02
1.012000000000000e+03	-1.151943e-02
1.012100000000000e+03	-1.161920e-02
1.012200000000000e+03	-1.171898e-02
1.012300000000000e+03	-1.181876e-02
1.012400000000000e+03	-1.191853e-02
1.012500000000000e+03	-1.201831e-02
1.012600000000000e+03	-1.211810e-02
1.012700000000000e+03	-1.221788e-02
1.012800000000000e+03	-1.231767e-02
1.012900000000000e+03	-1.241745e-02
1.013000000000000e+03	-1.251724e-02
1.013100000000000e+03	-1.261703e-02
1.013200000000000e+03	-1.271683e-02
1.013300000000000e+03	-1.281662e-02
1.013400000000000e+03	-1.291641e-02
1.013500000000000e+03	-1.301621e-02
1.013600000000000e+03	-1.311601e-02
1.013700000000000e+03	-1.321581e-02
1.013800000000000e+03	-1.331561e-02
1.013900000000000e+03	-1.341541e-02
1.014000000000000e+03	-1.351522e-02
1.014100000000000e+03	-1.361502e-02
1.014200000000000e+03	-1.371483e-02
1.014300000000000e+03	-1.381464e-02
1.014400000000000e+03	-1.391445e-02
1.014500000000000e+03	-1.401426e-02
1.014600000000000e+03	-1.411407e-02
1.014700000000000e+03	-1.421389e-02
1.014800000000000e+03	-1.431370e-02
1.014900000000000e+03	-1.441352e-02
1.015000000000000e+03	-1.451334e-02
1.015100000000000e+03	-1.461315e-02
1.015200000000000e+03	-1.471297e-02
1.015300000000000e+03	-1.481279e-02
1.015400000000000e+03	-1.491262e-02
1.015500000000000e+03	-1.501244e-02
1.015600000000000e+03	-1.511227e-02
1.015700000000000e+03	-1.521209e-02
1.015800000000000e+03	-1.531192e-02
1.015900000000000e+03	-1.541175e-02
1.016000000000000e+03	-1.551158e-02
1.016100000000000e+03	-1.561140e-02
1.016200000000000e+03	-1.571124e-02
1.016300000000000e+03	-1.581107e-02
1.016400000000000e+03	-1.591090e-02
1.016500000000000e+03	-1.601074e-02
1.016600000000000e+03	-1.611057e-02
1.016700000000000e+03	-1.621041e-02
1.016800000000000e+03	-1.631024e-02
1.016900000000000e+03	-1.641008e-02
1.017000000000000e+03	-1.650992e-02
1.017100000000000e+03	-1.660976e-02
1.017200000000000e+03	-1.670960e-02
1.017300000000000e+03	-1.680944e-02
1.017400000000000e+03	-1.690929e-02
1.017500000000000e+03	-1.700913e-02
1.017600000000000e+03	-1.710897e-02
1.017700000000000e+03	-1.720882e-02
1.017800000000000e+03	-1.730867e-02
1.017900000000000e+03	-1.740851e-02
1.018000000000000e+03	-1.750836e-02
1.018100000000000e+03	-1.760821e-02
1.018200000000000e+03	-1.770806e-02
1.018300000000000e+03	-1.780791e-02
1.018400000000000e+03	-1.790776e-02
1.018500000000000e+03	-1.800762e-02
1.018600000000000e+03	-1.810747e-02
1.018700000000000e+03	-1.820732e-02
1.018800000000000e+03	-1.830718e-02
1.018900000000000e+03	-1.840703e-02
1.019000000000000e+03	-1.850689e-02
1.019100000000000e+03	-1.860674e-02
1.019200000000000e+03	-1.870660e-02
1.019300000000000e+03	-1.880646e-02
1.019400000000000e+03	-1.890632e-02
1.019500000000000e+03	-1.900618e-02
1.019600000000000e+03	-1.910604e-02
1.019700000000000e+03	-1.920590e-02
1.019800000000000e+03	-1.930576e-02
1.019900000000000e+03	-1.940563e-02
1.020000000000000e+03	-1.950549e-02
1.020100000000000e+03	-1.960535e-02
1.020200000000000e+03	-1.970522e-02
1.020300000000000e+03	-1.980508e-02
1.020400000000000e+03	-1.990495e-02
1.020500000000000e+03	-2.000481e-02
1.020600000000000e+03	-2.010468e-02
1.020700000000000e+03	-2.020455e-02
1.020800000000000e+03	-2.030442e-02
1.020900000000000e+03	-2.040429e-02
1.021000000000000e+03	-2.050416e-02
1.021100000000000e+03	-2.060403e-02
1.021200000000000e+03	-2.070390e-02
1.021300000000000e+03	-2.080377e-02
1.021400000000000e+03	-2.090364e-02
1.021500000000000e+03	-2.100351e-02
1.021600000000000e+03	-2.110339e-02
1.021700000000000e+03	-2.120326e-02
1.021800000000000e+03	-2.130314e-02
1.021900000000000e+03	-2.140301e-02
1.022000000000000e+03	-2.150289e-02
1.022100000000000e+03	-2.160276e-02
1.022200000000000e+03	-2.170264e-02
1.022300000000000e+03	-2.180252e-02
1.022400000000000e+03	-2.190240e-02
1.022500000000000e+03	-2.200227e-02
1.022600000000000e+03	-2.210215e-02
1.022700000000000e+03	-2.220203e-02
1.022800000000000e+03	-2.230191e-02
1.022900000000000e+03	-2.240179e-02
1.023000000000000e+03	-2.250167e-02
1.023100000000000e+03	-2.260155e-02
1.023200000000000e+03	-2.270144e-02
1.023300000000000e+03	-2.280132e-02
1.023400000000000e+03	-2.290120e-02
1.023500000000000e+03	-2.300109e-02
1.023600000000000e+03	-2.310097e-02
1.023700000000000e+03	-2.320085e-02
1.023800000000000e+03	-2.330074e-02
1.023900000000000e+03	-2.340062e-02
1.024000000000000e+03	-2.350051e-02
1.024100000000000e+03	-2.360040e-02
1.024200000000000e+03	-2.370028e-02
1.024300000000000e+03	-2.380017e-02
1.024400000000000e+03	-2.390006e-02
1.024500000000000e+03	-2.399995e-02
1.024600000000000e+03	-2.409983e-02
1.024700000000000e+03	-2.419972e-02
1.024800000000000e+03	-2.429961e-02
1.024900000000000e+03	-2.439950e-02
1.025000000000000e+03	-2.449939e-02
1.025100000000000e+03	-2.459928e-02
1.025200000000000e+03	-2.469918e-02
1.025300000000000e+03	-2.479907e-02
1.025400000000000e+03	-2.489896e-02
1.025500000000000e+03	-2.499885e-02
1.025600000000000e+03	-2.509874e-02
1.025700000000000e+03	-2.519864e-02
1.025800000000000e+03	-2.529853e-02
1.025900000000000e+03	-2.539843e-02
1.026000000000000e+03	-2.549832e-02
1.026100000000000e+03	-2.559821e-02
1.026200000000000e+03	-2.569811e-02
1.026300000000000e+03	-2.579801e-02
1.026400000000000e+03	-2.589790e-02
1.026500000000000e+03	-2.599780e-02
1.026600000000000e+03	-2.609769e-02
1.026700000000000e+03	-2.619759e-02
1.026800000000000e+03	-2.629749e-02
1.026900000000000e+03	-2.639739e-02
1.027000000000000e+03	-2.649729e-02
1.027100000000000e+03	-2.659719e-02
1.027200000000000e+03	-2.669708e-02
1.027300000000000e+03	-2.679698e-02
1.027400000000000e+03	-2.689688e-02
1.027500000000000e+03	-2.699678e-02
1.027600000000000e+03	-2.709668e-02
1.027700000000000e+03	-2.719658e-02
1.027800000000000e+03	-2.729649e-02
1.027900000000000e+03	-2.739639e-02
1.028000000000000e+03	-2.749629e-02
1.028100000000000e+03	-2.759619e-02
1.028200000000000e+03	-2.769609e-02
1.028300000000000e+03	-2.779600e-02
1.028400000000000e+03	-2.789590e-02
1.028500000000000e+03	-2.799580e-02
1.028600000000000e+03	-2.809571e-02
1.028700000000000e+03	-2.819561e-02
1.028800000000000e+03	-2.829552e-02
1.028900000000000e+03	-2.839542e-02
1.029000000000000e+03	-2.849532e-02
1.029100000000000e+03	-2.859523e-02
1.029200000000000e+03	-2.869514e-02
1.029300000000000e+03	-2.879504e-02
1.029400000000000e+03	-2.889495e-02
1.029500000000000e+03	-2.899486e-02
1.029600000000000e+03	-2.909476e-02
1.029700000000000e+03	-2.919467e-02
1.029800000000000e+03	-2.929458e-02
1.029900000000000e+03	-2.939449e-02
1.030000000000000e+03	-2.949439e-02
1.030100000000000e+03	-2.959430e-02
1.030200000000000e+03	-2.969421e-02
1.030300000000000e+03	-2.979412e-02
1.030400000000000e+03	-2.989403e-02
1.030500000000000e+03	-2.999394e-02
1.030600000000000e+03	-3.009385e-02
1.030700000000000e+03	-3.019376e-02
1.030800000000000e+03	-3.029367e-02
1.030900000000000e+03	-3.039358e-02
1.031000000000000e+03	-3.049349e-02
1.031100000000000e+03	-3.059340e-02
1.031200000000000e+03	-3.069331e-02
1.031300000000000e+03	-3.079323e-02
1.031400000000000e+03	-3.089314e-02
1.031500000000000e+03	-3.099305e-02
1.031600000000000e+03	-3.109297e-02
1.031700000000000e+03	-3.119288e-02
1.031800000000000e+03	-3.129279e-02
1.031900000000000e+03	-3.139270e-02
1.032000000000000e+03	-3.149262e-02
1.032100000000000e+03	-3.159253e-02
1.032200000000000e+03	-3.169245e-02
1.032300000000000e+03	-3.179236e-02
1.032400000000000e+03	-3.189228e-02
1.032500000000000e+03	-3.199219e-02
1.032600000000000e+03	-3.209211e-02
1.032700000000000e+03	-3.219202e-02
1.032800000000000e+03	-3.229194e-02
1.032900000000000e+03	-3.239185e-02
1.033000000000000e+03	-3.249177e-02
1.033100000000000e+03	-3.259169e-02
1.033200000000000e+03	-3.269161e-02
1.033300000000000e+03	-3.279152e-02
1.033400000000000e+03	-3.289144e-02
1.033500000000000e+03	-3.299136e-02
1.033600000000000e+03	-3.309127e-02
1.033700000000000e+03	-3.319119e-02
1.033800000000000e+03	-3.329111e-02
1.033900000000000e+03	-3.339103e-02
1.034000000000000e+03	-3.349095e-02
1.034100000000000e+03	-3.359087e-02
1.034200000000000e+03	-3.369078e-02
1.034300000000000e+03	-3.379070e-02
1.034400000000000e+03	-3.389062e-02
1.034500000000000e+03	-3.399054e-02
1.034600000000000e+03	-3.409046e-02
1.034700000000000e+03	-3.419039e-02
1.034800000000000e+03	-3.429031e-02
1.034900000000000e+03	-3.439023e-02
1.035000000000000e+03	-3.449015e-02
1.035100000000000e+03	-3.459007e-02
1.035200000000000e+03	-3.468999e-02
1.035300000000000e+03	-3.478991e-02
1.035400000000000e+03	-3.488983e-02
1.035500000000000e+03	-3.498976e-02
1.035600000000000e+03	-3.508968e-02
1.035700000000000e+03	-3.518960e-02
1.035800000000000e+03	-3.528952e-02
1.035900000000000e+03	-3.538945e-02
1.036000000000000e+03	-3.548937e-02
1.036100000000000e+03	-3.558929e-02
1.036200000000000e+03	-3.568922e-02
1.036300000000000e+03	-3.578914e-02
1.036400000000000e+03	-3.588906e-02
1.036500000000000e+03	-3.598899e-02
1.036600000000000e+03	-3.608891e-02
1.036700000000000e+03	-3.618884e-02
1.036800000000000e+03	-3.628876e-02
1.036900000000000e+03	-3.638868e-02
1.037000000000000e+03	-3.648861e-02
1.037100000000000e+03	-3.658853e-02
1.037200000000000e+03	-3.668846e-02
1.037300000000000e+03	-3.678839e-02
1.037400000000000e+03	-3.688831e-02
1.037500000000000e+03	-3.698824e-02
1.037600000000000e+03	-3.708816e-02
1.037700000000000e+03	-3.718809e-02
1.037800000000000e+03	-3.728802e-02
1.037900000000000e+03	-3.738794e-02
1.038000000000000e+03	-3.748787e-02
1.038100000000000e+03	-3.758780e-02
1.038200000000000e+03	-3.768773e-02
1.038300000000000e+03	-3.778765e-02
1.038400000000000e+03	-3.788758e-02
1.038500000000000e+03	-3.798751e-02
1.038600000000000e+03	-3.808744e-02
1.038700000000000e+03	-3.818737e-02
1.038800000000000e+03	-3.828729e-02
1.038900000000000e+03	-3.838722e-02
1.039000000000000e+03	-3.848715e-02
1.039100000000000e+03	-3.858708e-02
1.039200000000000e+03	-3.868701e-02
1.039300000000000e+03	-3.878694e-02
1.039400000000000e+03	-3.888687e-02
1.039500000000000e+03	-3.898680e-02
1.039600000000000e+03	-3.908673e-02
1.039700000000000e+03	-3.918666e-02
1.039800000000000e+03	-3.928659e-02
1.039900000000000e+03	-3.938652e-02
1.040000000000000e+03	-3.948645e-02
1.040100000000000e+03	-3.958638e-02
1.040200000000000e+03	-3.968631e-02
1.040300000000000e+03	-3.978624e-02
1.040400000000000e+03	-3.988617e-02
1.040500000000000e+03	-3.998610e-02
1.040600000000000e+03	-4.008603e-02
1.040700000000000e+03	-4.018597e-02
1.040800000000000e+03	-4.028590e-02
1.040900000000000e+03	-4.038583e-02
1.041000000000000e+03	-4.048576e-02
1.041100000000000e+03	-4.058569e-02
1.041200000000000e+03	-4.068563e-02
1.041300000000000e+03	-4.078556e-02
1.041400000000000e+03	-4.088549e-02
1.041500000000000e+03	-4.098542e-02
1.041600000000000e+03	-4.108536e-02
1.041700000000000e+03	-4.118529e-02
1.041800000000000e+03	-4.128522e-02
1.041900000000000e+03	-4.138516e-02
1.042000000000000e+03	-4.148509e-02
1.042100000000000e+03	-4.158502e-02
1.042200000000000e+03	-4.168496e-02
1.042300000000000e+03	-4.178489e-02
1.042400000000000e+03	-4.188483e-02
1.042500000000000e+03	-4.198476e-02
1.042600000000000e+03	-4.208470e-02
1.042700000000000e+03	-4.218463e-02
1.042800000000000e+03	-4.228457e-02
1.042900000000000e+03	-4.238450e-02
1.043000000000000e+03	-4.248444e-02
1.043100000000000e+03	-4.258437e-02
1.043200000000000e+03	-4.268431e-02
1.043300000000000e+03	-4.278424e-02
1.043400000000000e+03	-4.288418e-02
1.043500000000000e+03	-4.298411e-02
1.043600000000000e+03	-4.308405e-02
1.043700000000000e+03	-4.318399e-02
1.043800000000000e+03	-4.328392e-02
1.043900000000000e+03	-4.338386e-02
1.044000000000000e+03	-4.348379e-02
1.044100000000000e+03	-4.358373e-02
1.044200000000000e+03	-4.368367e-02
1.044300000000000e+03	-4.378361e-02
1.044400000000000e+03	-4.388354e-02
1.044500000000000e+03	-4.398348e-02
1.044600000000000e+03	-4.408342e-02
1.044700000000000e+03	-4.418335e-02
1.044800000000000e+03	-4.428329e-02
1.044900000000000e+03	-4.438323e-02
1.045000000000000e+03	-4.448317e-02
1.045100000000000e+03	-4.458310e-02
1.045200000000000e+03	-4.468304e-02
1.045300000000000e+03	-4.478298e-02
1.045400000000000e+03	-4.488292e-02
1.045500000000000e+03	-4.498286e-02
1.045600000000000e+03	-4.508280e-02
1.045700000000000e+03	-4.518273e-02
1.045800000000000e+03	-4.528267e-02
1.045900000000000e+03	-4.538261e-02
1.046000000000000e+03	-4.548255e-02
1.046100000000000e+03	-4.558249e-02
1.046200000000000e+03	-4.568243e-02
1.046300000000000e+03	-4.578237e-02
1.046400000000000e+03	-4.588231e-02
1.046500000000000e+03	-4.598225e-02
1.046600000000000e+03	-4.608219e-02
1.046700000000000e+03	-4.618213e-02
1.046800000000000e+03	-4.628207e-02
1.046900000000000e+03	-4.638201e-02
1.047000000000000e+03	-4.648195e-02
1.047100000000000e+03	-4.658189e-02
1.047200000000000e+03	-4.668183e-02
1.047300000000000e+03	-4.678177e-02
1.047400000000000e+03	-4.688171e-02
1.047500000000000e+03	-4.698165e-02
1.047600000000000e+03	-4.708159e-02
1.047700000000000e+03	-4.718154e-02
1.047800000000000e+03	-4.728148e-02
1.047900000000000e+03	-4.738142e-02
1.048000000000000e+03	-4.748136e-02
1.048100000000000e+03	-4.758130e-02
1.048200000000000e+03	-4.768124e-02
1.048300000000000e+03	-4.778118e-02
1.048400000000000e+03	-4.788113e-02
1.048500000000000e+03	-4.798107e-02
1.048600000000000e+03	-4.808101e-02
1.048700000000000e+03	-4.818095e-02
1.048800000000000e+03	-4.828089e-02
1.048900000000000e+03	-4.838084e-02
1.049000000000000e+03	-4.848078e-02
1.049100000000000e+03	-4.858072e-02
1.049200000000000e+03	-4.868067e-02
1.049300000000000e+03	-4.878061e-02
1.049400000000000e+03	-4.888055e-02
1.049500000000000e+03	-4.898050e-02
1.049600000000000e+03	-4.908044e-02
1.049700000000000e+03	-4.918038e-02
1.049800000000000e+03	-4.928033e-02
1.049900000000000e+03	-4.938027e-02
1.050000000000000e+03	-4.948021e-02
1.050100000000000e+03	-4.958016e-02
1.050200000000000e+03	-4.968010e-02
1.050300000000000e+03	-4.978004e-02
1.050400000000000e+03	-4.987999e-02
1.050500000000000e+03	-4.997993e-02
1.050600000000000e+03	-5.007988e-02
1.050700000000000e+03	-5.017982e-02
1.050800000000000e+03	-5.027977e-02
1.050900000000000e+03	-5.037971e-02
1.051000000000000e+03	-5.047965e-02
1.051100000000000e+03	-5.057960e-02
1.051200000000000e+03	-5.067955e-02
1.051300000000000e+03	-5.077949e-02
1.051400000000000e+03	-5.087944e-02
1.051500000000000e+03	-5.097938e-02
1.051600000000000e+03	-5.107933e-02
1.051700000000000e+03	-5.117927e-02
1.051800000000000e+03	-5.127922e-02
1.051900000000000e+03	-5.137916e-02
1.052000000000000e+03	-5.147911e-02
1.052100000000000e+03	-5.157905e-02
1.052200000000000e+03	-5.167900e-02
1.052300000000000e+03	-5.177895e-02
1.052400000000000e+03	-5.187889e-02
1.052500000000000e+03	-5.197884e-02
1.052600000000000e+03	-5.207878e-02
1.052700000000000e+03	-5.217873e-02
1.052800000000000e+03	-5.227868e-02
1.052900000000000e+03	-5.237862e-02
1.053000000000000e+03	-5.247857e-02
1.053100000000000e+03	-5.257852e-02
1.053200000000000e+03	-5.267847e-02
1.053300000000000e+03	-5.277841e-02
1.053400000000000e+03	-5.287836e-02
1.053500000000000e+03	-5.297831e-02
1.053600000000000e+03	-5.307825e-02
1.053700000000000e+03	-5.317820e-02
1.053800000000000e+03	-5.327815e-02
1.053900000000000e+03	-5.337809e-02
1.054000000000000e+03	-5.347804e-02
1.054100000000000e+03	-5.357799e-02
1.054200000000000e+03	-5.367794e-02
1.054300000000000e+03	-5.377789e-02
1.054400000000000e+03	-5.387783e-02
1.054500000000000e+03	-5.397778e-02
1.054600000000000e+03	-5.407773e-02
1.054700000000000e+03	-5.417768e-02
1.054800000000000e+03	-5.427763e-02
1.054900000000000e+03	-5.437757e-02
1.055000000000000e+03	-5.447752e-02
1.055100000000000e+03	-5.457747e-02
1.055200000000000e+03	-5.467742e-02
1.055300000000000e+03	-5.477737e-02
1.055400000000000e+03	-5.487732e-02
1.055500000000000e+03	-5.497727e-02
1.055600000000000e+03	-5.507722e-02
1.055700000000000e+03	-5.517717e-02
1.055800000000000e+03	-5.527712e-02
1.055900000000000e+03	-5.537707e-02
1.056000000000000e+03	-5.547702e-02
1.056100000000000e+03	-5.557697e-02
1.056200000000000e+03	-5.567691e-02
1.056300000000000e+03	-5.577686e-02
1.056400000000000e+03	-5.587681e-02
1.056500000000000e+03	-5.597676e-02
1.056600000000000e+03	-5.607671e-02
1.056700000000000e+03	-5.617666e-02
1.056800000000000e+03	-5.627661e-02
1.056900000000000e+03	-5.637656e-02
1.057000000000000e+03	-5.647651e-02
1.057100000000000e+03	-5.657646e-02
1.057200000000000e+03	-5.667641e-02
1.057300000000000e+03	-5.677636e-02
1.057400000000000e+03	-5.687631e-02
1.057500000000000e+03	-5.697627e-02
1.057600000000000e+03	-5.707622e-02
1.057700000000000e+03	-5.717617e-02
1.057800000000000e+03	-5.727612e-02
1.057900000000000e+03	-5.737607e-02
1.058000000000000e+03	-5.747602e-02
1.058100000000000e+03	-5.757597e-02
1.058200000000000e+03	-5.767592e-02
1.058300000000000e+03	-5.777587e-02
1.058400000000000e+03	-5.787582e-02
1.058500000000000e+03	-5.797578e-02
1.058600000000000e+03	-5.807573e-02
1.058700000000000e+03	-5.817568e-02
1.058800000000000e+03	-5.827563e-02
1.058900000000000e+03	-5.837558e-02
1.059000000000000e+03	-5.847553e-02
1.059100000000000e+03	-5.857548e-02
1.059200000000000e+03	-5.867544e-02
1.059300000000000e+03	-5.877539e-02
1.059400000000000e+03	-5.887534e-02
1.059500000000000e+03	-5.897529e-02
1.059600000000000e+03	-5.907524e-02
1.059700000000000e+03	-5.917520e-02
1.059800000000000e+03	-5.927515e-02
1.059900000000000e+03	-5.937510e-02
1.060000000000000e+03	-5.947505e-02
1.060100000000000e+03	-5.957501e-02
1.060200000000000e+03	-5.967496e-02
1.060300000000000e+03	-5.977491e-02
1.060400000000000e+03	-5.987487e-02
1.060500000000000e+03	-5.997482e-02
1.060600000000000e+03	-6.007477e-02
1.060700000000000e+03	-6.017472e-02
1.060800000000000e+03	-6.027468e-02
1.060900000000000e+03	-6.037463e-02
1.061000000000000e+03	-6.047458e-02
1.061100000000000e+03	-6.057454e-02
1.061200000000000e+03	-6.067449e-02
1.061300000000000e+03	-6.077444e-02
1.061400000000000e+03	-6.087440e-02
1.061500000000000e+03	-6.097435e-02
1.061600000000000e+03	-6.107431e-02
1.061700000000000e+03	-6.117426e-02
1.061800000000000e+03	-6.127421e-02
1.061900000000000e+03	-6.137417e-02
1.062000000000000e+03	-6.147412e-02
1.062100000000000e+03	-6.157407e-02
1.062200000000000e+03	-6.167403e-02
1.062300000000000e+03	-6.177398e-02
1.062400000000000e+03	-6.187394e-02
1.062500000000000e+03	-6.197389e-02
1.062600000000000e+03	-6.207385e-02
1.062700000000000e+03	-6.217380e-02
1.062800000000000e+03	-6.227375e-02
1.062900000000000e+03	-6.237371e-02
1.063000000000000e+03	-6.247366e-02
1.063100000000000e+03	-6.257362e-02
1.063200000000000e+03	-6.267357e-02
1.063300000000000e+03	-6.277353e-02
1.063400000000000e+03	-6.287348e-02
1.063500000000000e+03	-6.297344e-02
1.063600000000000e+03	-6.307339e-02
1.063700000000000e+03	-6.317335e-02
1.063800000000000e+03	-6.327330e-02
1.063900000000000e+03	-6.337326e-02
1.064000000000000e+03	-6.347321e-02
1.064100000000000e+03	-6.357317e-02
1.064200000000000e+03	-6.367312e-02
1.064300000000000e+03	-6.377308e-02
1.064400000000000e+03	-6.387303e-02
1.064500000000000e+03	-6.397299e-02
1.064600000000000e+03	-6.407294e-02
1.064700000000000e+03	-6.417290e-02
1.064800000000000e+03	-6.427286e-02
1.064900000000000e+03	-6.437282e-02
1.065000000000000e+03	-6.447276e-02
1.065100000000000e+03	-6.457272e-02
1.065200000000000e+03	-6.467268e-02
1.065300000000000e+03	-6.477264e-02
1.065400000000000e+03	-6.487259e-02
1.065500000000000e+03	-6.497255e-02
1.065600000000000e+03	-6.507251e-02
1.065700000000000e+03	-6.517246e-02
1.065800000000000e+03	-6.527241e-02
1.065900000000000e+03	-6.537237e-02
1.066000000000000e+03	-6.547233e-02
1.066100000000000e+03	-6.557228e-02
1.066200000000000e+03	-6.567224e-02
1.066300000000000e+03	-6.577220e-02
1.066400000000000e+03	-6.587216e-02
1.066500000000000e+03	-6.597211e-02
1.066600000000000e+03	-6.607207e-02
1.066700000000000e+03	-6.617203e-02
1.066800000000000e+03	-6.627198e-02
1.066900000000000e+03	-6.637194e-02
1.067000000000000e+03	-6.647190e-02
1.067100000000000e+03	-6.657185e-02
1.067200000000000e+03	-6.667181e-02
1.067300000000000e+03	-6.677177e-02
1.067400000000000e+03	-6.687173e-02
1.067500000000000e+03	-6.697168e-02
1.067600000000000e+03	-6.707164e-02
1.067700000000000e+03	-6.717160e-02
1.067800000000000e+03	-6.727155e-02
1.067900000000000e+03	-6.737152e-02
1.068000000000000e+03	-6.747147e-02
1.068100000000000e+03	-6.757143e-02
1.068200000000000e+03	-6.767139e-02
1.068300000000000e+03	-6.777135e-02
1.068400000000000e+03	-6.787130e-02
1.068500000000000e+03	-6.797126e-02
1.068600000000000e+03	-6.807122e-02
1.068700000000000e+03	-6.817117e-02
1.068800000000000e+03	-6.827114e-02
1.068900000000000e+03	-6.837109e-02
1.069000000000000e+03	-6.847105e-02
1.069100000000000e+03	-6.857101e-02
1.069200000000000e+03	-6.867097e-02
1.069300000000000e+03	-6.877092e-02
1.069400000000000e+03	-6.887089e-02
1.069500000000000e+03	-6.897084e-02
1.069600000000000e+03	-6.907080e-02
1.069700000000000e+03	-6.917076e-02
1.069800000000000e+03	-6.927072e-02
1.069900000000000e+03	-6.937068e-02
1.070000000000000e+03	-6.947064e-02
1.070100000000000e+03	-6.957059e-02
1.070200000000000e+03	-6.967056e-02
1.070300000000000e+03	-6.977051e-02
1.070400000000000e+03	-6.987047e-02
1.070500000000000e+03	-6.997043e-02
1.070600000000000e+03	-7.007039e-02
1.070700000000000e+03	-7.017035e-02
1.070800000000000e+03	-7.027031e-02
1.070900000000000e+03	-7.037026e-02
1.071000000000000e+03	-7.047023e-02
1.071100000000000e+03	-7.057019e-02
1.071200000000000e+03	-7.067014e-02
1.071300000000000e+03	-7.077011e-02
1.071400000000000e+03	-7.087006e-02
1.071500000000000e+03	-7.097002e-02
1.071600000000000e+03	-7.106999e-02
1.071700000000000e+03	-7.116994e-02
1.071800000000000e+03	-7.126990e-02
1.071900000000000e+03	-7.136986e-02
1.072000000000000e+03	-7.146982e-02
1.072100000000000e+03	-7.156979e-02
1.072200000000000e+03	-7.166974e-02
1.072300000000000e+03	-7.176970e-02
1.072400000000000e+03	-7.186966e-02
1.072500000000000e+03	-7.196962e-02
1.072600000000000e+03	-7.206959e-02
1.072700000000000e+03	-7.216954e-02
1.072800000000000e+03	-7.226951e-02
1.072900000000000e+03	-7.236946e-02
1.073000000000000e+03	-7.246942e-02
1.073100000000000e+03	-7.256939e-02
1.073200000000000e+03	-7.266934e-02
1.073300000000000e+03	-7.276931e-02
1.073400000000000e+03	-7.286926e-02
1.073500000000000e+03	-7.296923e-02
1.073600000000000e+03	-7.306919e-02
1.073700000000000e+03	-7.316915e-02
1.073800000000000e+03	-7.326911e-02
1.073900000000000e+03	-7.336907e-02
1.074000000000000e+03	-7.346903e-02
1.074100000000000e+03	-7.356899e-02
1.074200000000000e+03	-7.366895e-02
1.074300000000000e+03	-7.376891e-02
1.074400000000000e+03	-7.386887e-02
1.074500000000000e+03	-7.396884e-02
1.074600000000000e+03	-7.406879e-02
1.074700000000000e+03	-7.416876e-02
1.074800000000000e+03	-7.426871e-02
1.074900000000000e+03	-7.436868e-02
1.075000000000000e+03	-7.446864e-02
1.075100000000000e+03	-7.456860e-02
1.075200000000000e+03	-7.466856e-02
1.075300000000000e+03	-7.476852e-02
1.075400000000000e+03	-7.486849e-02
1.075500000000000e+03	-7.496845e-02
1.075600000000000e+03	-7.506841e-02
1.075700000000000e+03	-7.516837e-02
1.075800000000000e+03	-7.526833e-02
1.075900000000000e+03	-7.536829e-02
1.076000000000000e+03	-7.546826e-02
1.076100000000000e+03	-7.556821e-02
1.076200000000000e+03	-7.566818e-02
1.076300000000000e+03	-7.576814e-02
1.076400000000000e+03	-7.586810e-02
1.076500000000000e+03	-7.596806e-02
1.076600000000000e+03	-7.606803e-02
1.076700000000000e+03	-7.616799e-02
1.076800000000000e+03	-7.626795e-02
1.076900000000000e+03	-7.636791e-02
1.077000000000000e+03	-7.646787e-02
1.077100000000000e+03	-7.656784e-02
1.077200000000000e+03	-7.666780e-02
1.077300000000000e+03	-7.676776e-02
1.077400000000000e+03	-7.686772e-02
1.077500000000000e+03	-7.696769e-02
1.077600000000000e+03	-7.706765e-02
1.077700000000000e+03	-7.716761e-02
1.077800000000000e+03	-7.726757e-02
1.077900000000000e+03	-7.736754e-02
1.078000000000000e+03	-7.746750e-02
1.078100000000000e+03	-7.756746e-02
1.078200000000000e+03	-7.766742e-02
1.078300000000000e+03	-7.776739e-02
1.078400000000000e+03	-7.786735e-02
1.078500000000000e+03	-7.796732e-02
1.078600000000000e+03	-7.806727e-02
1.078700000000000e+03	-7.816724e-02
1.078800000000000e+03	-7.826720e-02
1.078900000000000e+03	-7.836717e-02
1.079000000000000e+03	-7.846713e-02
1.079100000000000e+03	-7.856709e-02
1.079200000000000e+03	-7.866705e-02
1.079300000000000e+03	-7.876702e-02
1.079400000000000e+03	-7.886698e-02
1.079500000000000e+03	-7.896695e-02
1.079600000000000e+03	-7.906690e-02
1.079700000000000e+03	-7.916687e-02
1.079800000000000e+03	-7.926683e-02
1.079900000000000e+03	-7.936680e-02
1.080000000000000e+03	-7.946676e-02
1.080100000000000e+03	-7.956672e-02
1.080200000000000e+03	-7.966669e-02
1.080300000000000e+03	-7.976665e-02
1.080400000000000e+03	-7.986661e-02
1.080500000000000e+03	-7.996657e-02
1.080600000000000e+03	-8.006654e-02
1.080700000000000e+03	-8.016650e-02
1.080800000000000e+03	-8.026647e-02
1.080900000000000e+03	-8.036643e-02
1.081000000000000e+03	-8.046640e-02
1.081100000000000e+03	-8.056636e-02
1.081200000000000e+03	-8.066633e-02
1.081300000000000e+03	-8.076629e-02
1.081400000000000e+03	-8.086625e-02
1.081500000000000e+03	-8.096622e-02
1.081600000000000e+03	-8.106618e-02
1.081700000000000e+03	-8.116614e-02
1.081800000000000e+03	-8.126611e-02
1.081900000000000e+03	-8.136607e-02
1.082000000000000e+03	-8.146603e-02
1.082100000000000e+03	-8.156600e-02
1.082200000000000e+03	-8.166596e-02
1.082300000000000e+03	-8.176593e-02
1.082400000000000e+03	-8.186589e-02
1.082500000000000e+03	-8.196586e-02
1.082600000000000e+03	-8.206582e-02
1.082700000000000e+03	-8.216579e-02
1.082800000000000e+03	-8.226575e-02
1.082900000000000e+03	-8.236571e-02
1.083000000000000e+03	-8.246568e-02
1.083100000000000e+03	-8.256564e-02
1.083200000000000e+03	-8.266561e-02
1.083300000000000e+03	-8.276558e-02
1.083400000000000e+03	-8.286554e-02
1.083500000000000e+03	-8.296551e-02
1.083600000000000e+03	-8.306547e-02
1.083700000000000e+03	-8.316544e-02
1.083800000000000e+03	-8.326540e-02
1.083900000000000e+03	-8.336537e-02
1.084000000000000e+03	-8.346533e-02
1.084100000000000e+03	-8.356529e-02
1.084200000000000e+03	-8.366526e-02
1.084300000000000e+03	-8.376522e-02
1.084400000000000e+03	-8.386519e-02
1.084500000000000e+03	-8.396515e-02
1.084600000000000e+03	-8.406512e-02
1.084700000000000e+03	-8.416509e-02
1.084800000000000e+03	-8.426505e-02
1.084900000000000e+03	-8.436502e-02
1.085000000000000e+03	-8.446498e-02
1.085100000000000e+03	-8.456495e-02
1.085200000000000e+03	-8.466491e-02
1.085300000000000e+03	-8.476488e-02
1.085400000000000e+03	-8.486485e-02
1.085500000000000e+03	-8.496481e-02
1.085600000000000e+03	-8.506478e-02
1.085700000000000e+03	-8.516474e-02
1.085800000000000e+03	-8.526471e-02
1.085900000000000e+03	-8.536467e-02
1.086000000000000e+03	-8.546463e-02
1.086100000000000e+03	-8.556461e-02
1.086200000000000e+03	-8.566457e-02
1.086300000000000e+03	-8.576453e-02
1.086400000000000e+03	-8.586450e-02
1.086500000000000e+03	-8.596446e-02
1.086600000000000e+03	-8.606444e-02
1.086700000000000e+03	-8.616440e-02
1.086800000000000e+03	-8.626436e-02
1.086900000000000e+03	-8.636433e-02
1.087000000000000e+03	-8.646429e-02
1.087100000000000e+03	-8.656427e-02
1.087200000000000e+03	-8.666423e-02
1.087300000000000e+03	-8.676419e-02
1.087400000000000e+03	-8.686416e-02
1.087500000000000e+03	-8.696413e-02
1.087600000000000e+03	-8.706409e-02
1.087700000000000e+03	-8.716406e-02
1.087800000000000e+03	-8.726402e-02
1.087900000000000e+03	-8.736400e-02
1.088000000000000e+03	-8.746396e-02
1.088100000000000e+03	-8.756392e-02
1.088200000000000e+03	-8.766389e-02
1.088300000000000e+03	-8.776386e-02
1.088400000000000e+03	-8.786383e-02
1.088500000000000e+03	-8.796379e-02
1.088600000000000e+03	-8.806376e-02
1.088700000000000e+03	-8.816373e-02
1.088800000000000e+03	-8.826369e-02
1.088900000000000e+03	-8.836366e-02
1.089000000000000e+03	-8.846363e-02
1.089100000000000e+03	-8.856359e-02
1.089200000000000e+03	-8.866356e-02
1.089300000000000e+03	-8.876353e-02
1.089400000000000e+03	-8.886349e-02
1.089500000000000e+03	-8.896346e-02
1.089600000000000e+03	-8.906343e-02
1.089700000000000e+03	-8.916339e-02
1.089800000000000e+03	-8.926336e-02
1.089900000000000e+03	-8.936333e-02
1.090000000000000e+03	-8.946329e-02
1.090100000000000e+03	-8.956327e-02
1.090200000000000e+03	-8.966323e-02
1.090300000000000e+03	-8.976319e-02
1.090400000000000e+03	-8.986317e-02
1.090500000000000e+03	-8.996313e-02
1.090600000000000e+03	-9.006310e-02
1.090700000000000e+03	-9.016307e-02
1.090800000000000e+03	-9.026303e-02
1.090900000000000e+03	-9.036300e-02
1.091000000000000e+03	-9.046297e-02
1.091100000000000e+03	-9.056293e-02
1.091200000000000e+03	-9.066290e-02
1.091300000000000e+03	-9.076287e-02
1.091400000000000e+03	-9.086284e-02
1.091500000000000e+03	-9.096280e-02
1.091600000000000e+03	-9.106277e-02
1.091700000000000e+03	-9.116274e-02
1.091800000000000e+03	-9.126271e-02
1.091900000000000e+03	-9.136268e-02
1.092000000000000e+03	-9.146264e-02
1.092100000000000e+03	-9.156261e-02
1.092200000000000e+03	-9.166258e-02
1.092300000000000e+03	-9.176255e-02
1.092400000000000e+03	-9.186251e-02
1.092500000000000e+03	-9.196248e-02
1.092600000000000e+03	-9.206245e-02
1.092700000000000e+03	-9.216242e-02
1.092800000000000e+03	-9.226239e-02
1.092900000000000e+03	-9.236235e-02
1.093000000000000e+03	-9.246232e-02
1.093100000000000e+03	-9.256229e-02
1.093200000000000e+03	-9.266226e-02
1.093300000000000e+03	-9.276222e-02
1.093400000000000e+03	-9.286220e-02
1.093500000000000e+03	-9.296216e-02
1.093600000000000e+03	-9.306213e-02
1.093700000000000e+03	-9.316210e-02
1.093800000000000e+03	-9.326207e-02
1.093900000000000e+03	-9.336203e-02
1.094000000000000e+03	-9.346201e-02
1.094100000000000e+03	-9.356197e-02
1.094200000000000e+03	-9.366194e-02
1.094300000000000e+03	-9.376191e-02
1.094400000000000e+03	-9.386188e-02
1.094500000000000e+03	-9.396185e-02
1.094600000000000e+03	-9.406181e-02
1.094700000000000e+03	-9.416179e-02
1.094800000000000e+03	-9.426175e-02
1.094900000000000e+03	-9.436172e-02
1.095000000000000e+03	-9.446169e-02
1.095100000000000e+03	-9.456166e-02
1.095200000000000e+03	-9.466162e-02
1.095300000000000e+03	-9.476160e-02
1.095400000000000e+03	-9.486157e-02
1.095500000000000e+03	-9.496153e-02
1.095600000000000e+03	-9.506150e-02
1.095700000000000e+03	-9.516147e-02
1.095800000000000e+03	-9.526144e-02
1.095900000000000e+03	-9.536140e-02
1.096000000000000e+03	-9.546138e-02
1.096100000000000e+03	-9.556135e-02
1.096200000000000e+03	-9.566131e-02
1.096300000000000e+03	-9.576128e-02
1.096400000000000e+03	-9.586126e-02
1.096500000000000e+03	-9.596122e-02
1.096600000000000e+03	-9.606119e-02
1.096700000000000e+03	-9.616116e-02
1.096800000000000e+03	-9.626113e-02
1.096900000000000e+03	-9.636110e-02
1.097000000000000e+03	-9.646107e-02
1.097100000000000e+03	-9.656104e-02
1.097200000000000e+03	-9.666101e-02
1.097300000000000e+03	-9.676097e-02
1.097400000000000e+03	-9.686095e-02
1.097500000000000e+03	-9.696092e-02
1.097600000000000e+03	-9.706088e-02
1.097700000000000e+03	-9.716085e-02
1.097800000000000e+03	-9.726083e-02
1.097900000000000e+03	-9.736079e-02
1.098000000000000e+03	-9.746076e-02
1.098100000000000e+03	-9.756073e-02
1.098200000000000e+03	-9.766070e-02
1.098300000000000e+03	-9.776067e-02
1.098400000000000e+03	-9.786064e-02
1.098500000000000e+03	-9.796061e-02
1.098600000000000e+03	-9.806058e-02
1.098700000000000e+03	-9.816055e-02
1.098800000000000e+03	-9.826051e-02
1.098900000000000e+03	-9.836049e-02
1.099000000000000e+03	-9.846046e-02
1.099100000000000e+03	-9.856042e-02
1.099200000000000e+03	-9.866039e-02
1.099300000000000e+03	-9.876037e-02
1.099400000000000e+03	-9.886034e-02
1.099500000000000e+03	-9.896030e-02
1.099600000000000e+03	-9.906027e-02
1.099700000000000e+03	-9.916025e-02
1.099800000000000e+03	-9.926022e-02
1.099900000000000e+03	-9.936018e-02
1.100000000000000e+03	-9.946015e-02
